,Name,Rating,Reviews,About_Locations,Avg_salary,TotalJobs
0,TCS,3.3,(1.1L),IT Services & Consulting | Bengaluru +439 other locations,9.9L,3.4k
1,Accenture,3.7,(72.1k),IT Services & Consulting | Bengaluru +255 other locations,6.5L,36.3k
2,Wipro,3.6,(64.1k),IT Services & Consulting | Hyderabad +371 other locations,4.8L,4.7k
3,Cognizant,3.6,(60.4k),IT Services & Consulting | Hyderabad +232 other locations,6L,554
4,Capgemini,3.7,(52.1k),IT Services & Consulting | Bengaluru +182 other locations,4.8L,2.8k
5,HDFC Bank,3.8,(51.2k),Banking | Mumbai +1836 other locations,1.5L,385
6,Infosys,3.5,(47.9k),IT Services & Consulting | Bengaluru +248 other locations,5.2L,2.4k
7,ICICI Bank,4.0,(45.3k),Banking | Mumbai +1440 other locations,1.5L,16
8,HCLTech,3.4,(45.1k),IT Services & Consulting | Chennai +231 other locations,3.8L,284
9,Tech Mahindra,3.4,(42.7k),IT Services & Consulting | Hyderabad +330 other locations,2.8L,675
10,Genpact,3.6,(41.4k),Analytics & KPO | Hyderabad +181 other locations,2.3L,962
11,Teleperformance,3.8,(37.3k),BPO | Mumbai +255 other locations,96.9k,2.1k
12,Jio,4.4,(33.3k),Telecom | Mumbai +1967 other locations,62k,1
13,Axis Bank,3.6,(32.6k),Banking | Mumbai +1510 other locations,1L,201
14,Concentrix Corporation,3.6,(31.7k),BPO | Bengaluru +178 other locations,1.3L,71
15,Amazon,3.9,(31k),Internet | Bengaluru +520 other locations,1.5L,1.9k
16,iEnergizer,4.6,(27.2k),BPO | Noida +52 other locations,24.3k,96
17,Reliance Retail,3.9,(27.1k),Retail | Mumbai +1157 other locations,76.1k,146
18,LTIMindtree,3.6,(26.1k),IT Services & Consulting | Bengaluru +145 other locations,1.9L,497
19,IBM,3.9,(25.5k),IT Services & Consulting | Bengaluru +161 other locations,2.1L,2.6k
20,HDB Financial Services,3.9,(25.3k),NBFC | Mumbai +1092 other locations,49.5k,188
21,Larsen & Toubro Limited,3.9,(23.5k),Engineering & Construction | Chennai +761 other locations,75.1k,158
22,Deloitte,3.7,(22.6k),Management Consulting | Hyderabad +188 other locations,2.5L,1.4k
23,Kotak Mahindra Bank,3.6,(22.1k),Banking | Mumbai +687 other locations,87.3k,160
24,Reliance Industries,4.0,(19.9k),Oil & Gas | Jamnagar +816 other locations,73k,110
25,Vodafone Idea,3.9,(17.5k),Telecom | Pune +705 other locations,49.7k,46
26,Bharti Airtel,3.8,(16.9k),Telecom | Gurugram +795 other locations,49.3k,186
27,BYJU'S,3.2,(16.4k),EdTech | Bengaluru +322 other locations,53.5k,1
28,WNS,3.3,(14.9k),IT Services & Consulting | Pune +66 other locations,69.6k,110
29,IDFC FIRST Bank,3.9,(14.2k),Banking | Mumbai +715 other locations,49.2k,43
30,Ernst & Young,3.4,(14.2k),Management Consulting | Bengaluru +132 other locations,1.4L,4.9k
31,Tata Motors,4.1,(14.1k),Automobile | Pune +508 other locations,42.8k,157
32,IndusInd Bank,3.4,(14k),Banking | Mumbai +792 other locations,51.5k,88
33,AU Small Finance Bank,3.9,(14k),Banking | Jaipur +791 other locations,29.3k,171
34,Muthoot FinCorp,4.6,(13k),NBFC | Bengaluru +1116 other locations,9k,13
35,Bajaj Finserv,4.0,(12.8k),NBFC | Pune +1174 other locations,30.7k,4
36,Flipkart,3.9,(12.7k),Internet | Bengaluru +558 other locations,55.1k,153
37,PwC,3.3,(12.2k),Management Consulting | Bengaluru +132 other locations,1.2L,1k
38,Mahindra & Mahindra,4.0,(11.9k),Automobile | Pune +565 other locations,40.3k,3
39,Infosys BPM,3.5,(11.9k),BPO | Bengaluru +96 other locations,74k,91
40,DXC Technology,3.6,(11.8k),IT Services & Consulting | Bengaluru +133 other locations,72.6k,200
41,HDFC Life,3.9,(11.8k),Insurance | Mumbai +706 other locations,32.8k,104
42,Bandhan Bank,3.7,(10.8k),Banking | Kolkata +998 other locations,25.3k,53
43,Digitide Solutions,3.5,(10.2k),IT Services & Consulting | Hyderabad +270 other locations,26.7k,333
44,Mphasis,3.3,(10.1k),IT Services & Consulting | Bengaluru +64 other locations,73.7k,68
45,Yes Bank,3.6,(10k),Banking | Mumbai +541 other locations,43.4k,200
46,Tata Steel,4.0,(9.8k),Iron & Steel | Jamshedpur +229 other locations,34.5k,--
47,Quess,3.8,(9.6k),Recruitment | Bengaluru +743 other locations,31.1k,41
48,Maruti Suzuki,4.2,(9.4k),Automobile | Gurugram +452 other locations,28.3k,775
49,Asian Paints,3.9,(9.4k),Chemicals | Mumbai +553 other locations,26.1k,68
50,Startek,3.1,(9.4k),BPO | Bengaluru +103 other locations,24.6k,177
51,UltraTech Cement,4.1,(9.3k),Building Material | Mumbai +541 other locations,24.7k,26
52,Paytm,3.2,(9.2k),FinTech | Noida +419 other locations,34.6k,838
53,Bajaj Finance,3.9,(9k),NBFC | Pune +977 other locations,22.9k,8.5k
54,Shriram Finance,4.0,(9k),NBFC | Chennai +1113 other locations,15.1k,20
55,Sutherland Global Services,3.4,(8.8k),BPO | Chennai +84 other locations,35.3k,300
56,Equitas Small Finance Bank,4.4,(8.8k),Banking | Chennai +480 other locations,13.4k,25
57,Cipla,4.1,(8.5k),Pharma | Mumbai +294 other locations,26.2k,76
58,EXL Service,3.6,(8.5k),Analytics & KPO | Noida +61 other locations,44.5k,1.6k
59,Wells Fargo,3.6,(8.4k),Financial Services | Bengaluru +27 other locations,56.7k,322
60,Ericsson,3.9,(8.3k),Telecom | Noida +163 other locations,42.2k,29
61,Samsung,3.9,(8.3k),Consumer Electronics & Appliances | Noida +586 other locations,26.2k,17
62,Dr. Reddy's,4.0,(8.1k),Pharma | Hyderabad +214 other locations,26k,14
63,Optum Global Solutions,4.0,(7.8k),IT Services & Consulting | Hyderabad +68 other locations,49.5k,156
64,Delhivery,3.8,(7.7k),Logistics | Gurugram +760 other locations,21.2k,182
65,JPMorgan Chase & Co.,3.8,(7.7k),Financial Services | Bengaluru +55 other locations,87.9k,855
66,JSW Steel,3.9,(7.7k),Iron & Steel | Ballari +193 other locations,31.2k,122
67,ICICI Prudential Life Insurance,3.9,(7.7k),Insurance | Mumbai +506 other locations,23.4k,191
68,Hexaware Technologies,3.4,(7.5k),IT Services & Consulting | Chennai +69 other locations,54k,484
69,HGS,3.7,(7.5k),BPO | Bengaluru +121 other locations,20.8k,26
70,Jana Small Finance Bank,3.8,(7.5k),Banking | Bengaluru +418 other locations,14.5k,44
71,Ujjivan Small Finance Bank,4.0,(7.5k),Banking | Bengaluru +536 other locations,13.3k,622
72,Sun Pharmaceutical Industries,4.1,(7.5k),Pharma | Vadodara +264 other locations,23.5k,367
73,Amazon Development Centre India,3.8,(7.4k),Internet | Hyderabad +146 other locations,38.6k,4
74,Lupin,4.1,(7.3k),Pharma | Pune +203 other locations,22.6k,19
75,Ekart Logistics,3.9,(7.3k),Logistics | Bengaluru +742 other locations,16.3k,--
76,L&T Construction,4.0,(7.2k),Engineering & Construction | Chennai +433 other locations,19.4k,--
77,Zydus Lifesciences,3.9,(7.2k),Pharma | Ahmedabad +178 other locations,20k,35
78,Hindustan Unilever,4.2,(7.1k),FMCG | Mumbai +540 other locations,20.2k,50
79,KPMG India,3.4,(7.1k),Management Consulting | Bengaluru +112 other locations,65.8k,88
80,ITC,3.9,(7.1k),FMCG | Bengaluru +377 other locations,24.7k,82
81,Axis Max Life Insurance,4.0,(7k),Insurance | New Delhi +499 other locations,20k,150
82,Megha Engineering & Infrastructures,3.9,(6.8k),Engineering & Construction | Hyderabad +406 other locations,18.5k,33
83,Tata Projects,4.2,(6.7k),Engineering & Construction | Mumbai +287 other locations,22.6k,72
84,Coforge,3.3,(6.6k),IT Services & Consulting | Noida +103 other locations,49.8k,174
85,Bajaj Life Insurance,3.8,(6.5k),Insurance | Pune +616 other locations,17.5k,76
86,L&T Technology Services,3.1,(6.5k),IT Services & Consulting | Bengaluru +93 other locations,43.2k,--
87,FIS,3.8,(6.5k),FinTech | Pune +60 other locations,38.6k,141
88,Cholamandalam Investment & Finance,3.8,(6.5k),Financial Services | Chennai +850 other locations,13.1k,32
89,Oracle,3.5,(6.3k),Software Product | Bengaluru +56 other locations,63.3k,694
90,Omega Healthcare,3.8,(6.3k),BPO | Chennai +69 other locations,26.8k,169
91,IIFL Finance,4.0,(6.3k),NBFC | Mumbai +804 other locations,14k,51
92,Muthoot Finance,3.7,(6.3k),NBFC | Bengaluru +789 other locations,13.1k,133
93,JLL,4.1,(6.2k),Real Estate | Gurugram +84 other locations,24.5k,322
94,Indian Army,4.7,(6.2k),Defence & Aerospace | New Delhi +363 other locations,9.5k,--
95,eClerx,3.1,(6.2k),IT Services & Consulting | Pune +32 other locations,32.4k,440
96,HCL Group,3.5,(6.1k),IT Services & Consulting | Chennai +97 other locations,39.6k,--
97,DMart,3.9,(6k),Retail | Mumbai +247 other locations,18.4k,200
98,Virtusa Consulting Services,3.7,(6k),IT Services & Consulting | Hyderabad +55 other locations,56.8k,1.2k
99,Piramal Finance,4.2,(6k),NBFC | Mumbai +424 other locations,12.4k,9
100,Indiamart Intermesh,3.5,(5.9k),Internet | Noida +173 other locations,20.9k,161
101,HSBC Group,3.9,(5.9k),Financial Services | Bengaluru +63 other locations,43.5k,127
102,PolicyBazaar,3.8,(5.9k),Internet | Gurugram +150 other locations,17.4k,651
103,SMFG India Credit,3.9,(5.8k),NBFC | Mumbai +596 other locations,10.7k,92
104,Access Healthcare,3.7,(5.8k),BPO | Chennai +63 other locations,28.8k,1.6k
105,BigBasket,3.9,(5.7k),Internet | Bengaluru +141 other locations,19.4k,79
106,Aurobindo Pharma,4.0,(5.7k),Pharma | Hyderabad +115 other locations,20.6k,29
107,Siemens,3.9,(5.7k),Industrial Automation | Bengaluru +154 other locations,33.9k,68
108,Udaan,3.9,(5.7k),Internet | Bengaluru +367 other locations,15.7k,11
109,GlobalLogic,3.5,(5.7k),IT Services & Consulting | Hyderabad +60 other locations,41k,41
110,Manappuram Finance,3.9,(5.7k),NBFC | Bengaluru +657 other locations,9.1k,7
111,Firstsource Solutions,3.5,(5.7k),BPO | Bengaluru +74 other locations,24.6k,140
112,ICICI Lombard General Insurance Company,3.5,(5.7k),Insurance | Mumbai +316 other locations,20.3k,164
113,Tata Capital,4.0,(5.7k),NBFC | Mumbai +446 other locations,16k,4.3k
114,Shapoorji Pallonji Group,4.1,(5.6k),Engineering & Construction | Mumbai +190 other locations,15.4k,72
115,Standard Chartered,3.6,(5.6k),Banking | Chennai +67 other locations,41.9k,--
116,UST,3.7,(5.6k),IT Services & Consulting | Bengaluru +51 other locations,39.8k,170
117,Apollo Hospitals,4.1,(5.6k),Healthcare | Chennai +228 other locations,16.8k,136
118,Mahindra Finance,3.9,(5.6k),NBFC | Mumbai +734 other locations,12k,497
119,Bosch Global Software Technologies,3.7,(5.5k),IT Services & Consulting | Bengaluru +47 other locations,40.5k,20
120,Ashok Leyland,4.0,(5.5k),Automobile | Chennai +266 other locations,18.7k,2
121,Swiggy,3.7,(5.5k),Internet | Bengaluru +233 other locations,23.3k,213
122,Citicorp,3.7,(5.4k),Financial Services | Pune +68 other locations,53k,--
123,Hero MotoCorp,4.1,(5.4k),Automobile | Gurugram +369 other locations,16k,1
124,CGI Group,4.0,(5.3k),IT Services & Consulting | Bengaluru +43 other locations,46.1k,908
125,Cyient,3.6,(5.3k),IT Services & Consulting | Hyderabad +49 other locations,27.7k,91
126,SBI Cards & Payment Services,3.6,(5.2k),Financial Services | Gurugram +443 other locations,16.1k,61
127,BNY,3.6,(5.2k),Financial Services | Pune +26 other locations,31.3k,7
128,Kalpataru Projects International,4.2,(5.2k),Engineering & Construction | Mumbai +323 other locations,14k,4
129,IQVIA,3.7,(5.1k),Clinical Research | Bengaluru +66 other locations,30.9k,37
130,NTT DATA,3.8,(5.1k),IT Services & Consulting | Bengaluru +81 other locations,36.4k,107
131,JustDial,3.5,(5.1k),Internet | Noida +231 other locations,15.3k,62
132,Nagarjuna Construction Company,4.0,(5.1k),Engineering & Construction | Hyderabad +298 other locations,12.3k,12
133,SBI Life Insurance Company,3.7,(5k),Insurance | Mumbai +657 other locations,12k,4
134,Schneider Electric,4.1,(5k),Industrial Automation | Bengaluru +119 other locations,24.9k,105
135,CBRE,4.1,(5k),Real Estate | Hyderabad +91 other locations,18.8k,191
136,TVS Motor,3.9,(5k),Automobile | Hosur +352 other locations,16k,68
137,Persistent Systems,3.6,(5k),IT Services & Consulting | Pune +41 other locations,45.4k,361
138,State Bank of India,3.8,(4.9k),Banking | Mumbai +620 other locations,11.7k,10
139,vivo,4.1,(4.9k),Consumer Electronics & Appliances | Noida +415 other locations,12.9k,7
140,Atos,3.8,(4.9k),IT Services & Consulting | Pune +49 other locations,33.9k,107
141,KEC International,4.0,(4.8k),Engineering & Construction | Mumbai +312 other locations,13.4k,6
142,Ecom Express,4.0,(4.8k),Logistics | Gurugram +778 other locations,9.5k,--
143,Amdocs,3.6,(4.8k),Software Product | Pune +24 other locations,37.3k,13
144,JBM Group,3.9,(4.8k),Auto Components | Gurugram +118 other locations,14.1k,70
145,Eviden,3.6,(4.8k),IT Services & Consulting | Pune +39 other locations,27.8k,1
146,Varun Beverages,4.0,(4.7k),Beverage | New Delhi +382 other locations,12.2k,47
147,ITC Infotech,3.7,(4.7k),IT Services & Consulting | Bengaluru +68 other locations,29.6k,79
148,Nagarro,3.9,(4.7k),IT Services & Consulting | Gurugram +49 other locations,32.9k,352
149,Bosch,4.1,(4.6k),Auto Components | Bengaluru +132 other locations,21k,--
150,Randstad,3.7,(4.6k),Recruitment | Hyderabad +357 other locations,16.7k,8
151,EY Global Delivery Services ( EY GDS),3.5,(4.6k),IT Services & Consulting | Bengaluru +56 other locations,50.2k,9
152,Utkarsh Small Finance Bank,3.6,(4.6k),Banking | Varanasi +407 other locations,11.2k,20
153,Hewlett Packard Enterprise,4.1,(4.6k),IT Services & Consulting | Bengaluru +104 other locations,27.3k,279
154,Home Credit Finance,4.0,(4.5k),NBFC | Gurugram +138 other locations,9.4k,112
155,Cars24,3.5,(4.5k),Internet | Gurugram +171 other locations,15.6k,70
156,Aditya Birla Fashion and Retail,4.0,(4.5k),Fashion & Textile | Bengaluru +292 other locations,13.3k,53
157,Mahindra Logistics,3.7,(4.5k),Logistics | Mumbai +235 other locations,12.9k,--
158,L&T Finance,3.9,(4.5k),NBFC | Mumbai +636 other locations,11.8k,--
159,Havells,3.9,(4.5k),Electrical Equipment | Noida +262 other locations,15k,21
160,Dell,3.8,(4.5k),Consumer Electronics & Appliances | Bengaluru +118 other locations,28.9k,35
161,Intas Pharmaceuticals,4.1,(4.5k),Pharma | Ahmedabad +150 other locations,17.2k,64
162,R1 RCM,3.8,(4.5k),BPO | New Delhi +46 other locations,21.5k,287
163,OPPO,3.9,(4.5k),Consumer Electronics & Appliances | Greater Noida +412 other locations,11.8k,4
164,Tata AIA Life Insurance,3.9,(4.4k),Insurance | Mumbai +445 other locations,14.5k,684
165,Hyundai Motor India Limited,4.1,(4.4k),Automobile | Chennai +286 other locations,14k,--
166,Deutsche Bank,3.8,(4.4k),Banking | Pune +42 other locations,36.7k,584
167,Hetero,3.9,(4.4k),Pharma | Hyderabad +68 other locations,15.3k,166
168,Motilal Oswal Financial Services,3.7,(4.3k),Financial Services | Mumbai +170 other locations,13k,49
169,Berger Paints,3.7,(4.3k),Chemicals | Kolkata +357 other locations,10.4k,113
170,TeamLease Services,3.9,(4.3k),Recruitment | Bengaluru +400 other locations,16.2k,2
171,Lenskart,3.3,(4.3k),Internet | New Delhi +241 other locations,13.2k,191
172,VE Commercial Vehicles,3.9,(4.3k),Automobile | Indore +180 other locations,14.1k,4
173,Thermax Limited,4.2,(4.2k),Industrial Machinery | Pune +255 other locations,13.2k,77
174,Bajaj Auto,3.8,(4.2k),Automobile | Pune +320 other locations,14.4k,--
175,Macleods Pharmaceuticals,3.7,(4.2k),Pharma | Mumbai +135 other locations,15.6k,15
176,Jubilant Foods Works,3.7,(4.1k),Hospitality | New Delhi +262 other locations,9.4k,249
177,Aakash Educational Services,3.2,(4.1k),Education & Training | New Delhi +247 other locations,13.8k,67
178,Kogta Financial India Limited,4.7,(4.1k),NBFC | Jaipur +260 other locations,1.9k,131
179,LG Electronics,3.9,(4.1k),Consumer Electronics & Appliances | Pune +300 other locations,11.2k,--
180,Hindalco Industries,4.2,(4.1k),Metals & Mining | Sambalpur +129 other locations,12.6k,9
181,Jindal Steel Limited,3.9,(4.1k),Iron & Steel | Angul +175 other locations,15.8k,46
182,Royal Enfield,4.2,(4.1k),Automobile | Chennai +376 other locations,15k,18
183,State Street Corporation,3.5,(4k),Financial Services | Bengaluru +35 other locations,32.1k,8
184,DCB Bank,3.8,(4k),Banking | Mumbai +344 other locations,9.7k,27
185,Tata Communications,3.9,(4k),Telecom | Pune +102 other locations,23.6k,262
186,HDFC Ergo General Insurance,4.0,(4k),Insurance | Mumbai +328 other locations,12.1k,62
187,John Deere,4.0,(4k),Industrial Machinery | Pune +154 other locations,15.3k,2
188,RBL Bank,3.5,(4k),Banking | Mumbai +288 other locations,18.4k,41
189,Cummins,4.3,(3.9k),Industrial Machinery | Pune +116 other locations,15.5k,93
190,Publicis Sapient,3.3,(3.9k),IT Services & Consulting | Bengaluru +46 other locations,31.1k,210
191,Bank of America,4.1,(3.9k),Banking | Gurugram +35 other locations,28.8k,--
192,Pidilite Industries,4.2,(3.9k),Chemicals | Mumbai +320 other locations,11.5k,13
193,Alembic Pharmaceuticals,3.9,(3.9k),Pharma | Vadodara +187 other locations,15.4k,89
194,Oyo Rooms,3.0,(3.9k),Internet | Gurugram +121 other locations,14.3k,174
195,Subros,3.8,(3.8k),Auto Components | Noida +89 other locations,12.6k,1
196,American Express,4.1,(3.8k),Financial Services | Gurugram +53 other locations,25.3k,180
197,Reliance Communications,4.0,(3.8k),Telecom | Mumbai +468 other locations,9.5k,--
198,Aditya Birla Sun Life Insurance,4.0,(3.8k),Insurance | Mumbai +494 other locations,10.1k,1
199,Carelon Global Solutions,3.9,(4.1k),IT Services & Consulting | Bengaluru +21 other locations,28.3k,53
200,Grasim Industries,4.0,(3.8k),Building Material | Bharuch +247 other locations,12.7k,6
201,XpressBees,4.2,(3.8k),Logistics | Pune +478 other locations,8.3k,12
202,Altruist Technologies,4.4,(3.8k),BPO | Bengaluru +44 other locations,8.3k,8
203,Kyndryl,4.0,(3.8k),IT Services & Consulting | Bengaluru +37 other locations,26.5k,17
204,Automatic Data Processing (ADP),3.9,(3.8k),Software Product | Hyderabad +41 other locations,22.1k,55
205,Viatris,4.1,(3.8k),Pharma | Hyderabad +80 other locations,14.2k,9
206,PNB MetLife,3.3,(3.8k),Insurance | New Delhi +425 other locations,8.2k,16
207,PVR INOX,3.9,(3.8k),Media & Entertainment | New Delhi +149 other locations,9.5k,16
208,Aditya Birla Capital,3.8,(3.7k),NBFC | Mumbai +341 other locations,14.1k,1
209,Escorts Kubota Limited,4.1,(3.7k),Automobile | Faridabad +157 other locations,13.4k,3
210,Maersk,4.0,(3.7k),Logistics | Chennai +49 other locations,19.1k,45
211,KPIT Technologies,2.9,(3.7k),Software Product | Pune +43 other locations,23.2k,57
212,Synechron,3.4,(3.7k),IT Services & Consulting | Pune +32 other locations,28.3k,74
213,Birlasoft,3.5,(3.7k),IT Services & Consulting | Pune +50 other locations,29.8k,447
214,JK Cement,4.0,(3.7k),Building Material | New Delhi +331 other locations,10.1k,2
215,Glenmark Pharmaceuticals,3.8,(3.7k),Pharma | Mumbai +186 other locations,12.2k,124
216,Dabur,3.8,(3.6k),FMCG | New Delhi +321 other locations,8.8k,16
217,Sodexo,4.0,(3.6k),Facility Management Services | Mumbai +159 other locations,9.9k,344
218,Cloudnine Hospital,4.4,(3.6k),Healthcare | Bengaluru +46 other locations,3k,11
219,Kotak Mahindra Life Insurance Company,3.5,(3.6k),Insurance | Mumbai +257 other locations,12.5k,170
220,Bharat Electronics,4.2,(3.6k),Electronics Manufacturing | Bengaluru +87 other locations,12.5k,1
221,Godrej & Boyce Manufacturing,3.9,(3.6k),Consumer Electronics & Appliances | Mumbai +166 other locations,15.1k,50
222,Cogent E Services,3.1,(3.6k),BPO | Noida +56 other locations,10.3k,2
223,Samvardhana Motherson Group,3.7,(3.6k),Auto Components | Noida +94 other locations,12.1k,13
224,Abbott,4.1,(3.6k),Pharma | Mumbai +214 other locations,11.9k,217
225,Ipca Laboratories,3.8,(3.6k),Pharma | Mumbai +161 other locations,11.5k,53
226,Aarti Industries,4.1,(3.6k),Agro Chemicals | Bharuch +58 other locations,14.4k,25
227,PhonePe,4.0,(3.5k),FinTech | Bengaluru +397 other locations,13.1k,65
228,Reliance Projects & Property Management Services,4.0,(3.5k),Other | Kolkata +620 other locations,7.3k,--
229,Indian Oil Corporation,4.3,(3.5k),Oil & Gas | New Delhi +314 other locations,7.8k,--
230,Reliance Digital,4.1,(3.5k),Retail | Mumbai +379 other locations,8k,--
231,MRF Tyres,3.6,(3.5k),Auto Components | Chennai +194 other locations,12.7k,24
232,Alkem Laboratories,3.9,(3.5k),Pharma | Mumbai +200 other locations,9.9k,23
233,Johnson Controls,3.5,(3.5k),Industrial Automation | Pune +57 other locations,17.6k,5
234,IGT Solutions,3.2,(3.5k),BPO | New Delhi +47 other locations,13.5k,126
235,UNO Minda,4.0,(3.5k),Auto Components | Pune +110 other locations,11.3k,15
236,"NTT DATA, Inc.",3.9,(3.5k),IT Services & Consulting | Bengaluru +36 other locations,21.3k,98
237,Honda Motorcycle & Scooter,4.1,(3.5k),Automobile | Gurugram +300 other locations,11.1k,1
238,ArcelorMittal Nippon Steel,4.1,(3.4k),Iron & Steel | Surat +86 other locations,11.9k,6
239,Blinkit,3.8,(3.4k),Internet | Gurugram +149 other locations,12.9k,--
240,[24]7.ai,3.4,(3.4k),Software Product | Bengaluru +36 other locations,11.7k,96
241,Vishal Mega Mart,3.7,(3.4k),Retail | New Delhi +378 other locations,6.2k,4
242,Hindustan Coca Cola Beverages,4.0,(3.4k),Beverage | Bengaluru +262 other locations,7.7k,54
243,UBS,3.8,(3.4k),Financial Services | Pune +19 other locations,31.7k,--
244,DTDC Express,3.7,(3.4k),Logistics | New Delhi +271 other locations,8.7k,34
245,IndusInd Nippon Life Insurance,3.4,(3.4k),Mumbai +488 other locations,3.8k,2
246,Bajaj General Insurance Limited,3.7,(3.4k),Insurance | Pune +303 other locations,10.8k,253
247,Ford Motor,4.2,(3.4k),Automobile | Chennai +131 other locations,15.3k,3
248,ABB,4.0,(3.3k),Industrial Machinery | Bengaluru +108 other locations,18k,4.6k
249,Ceat Tyres,3.9,(3.3k),Auto Components | Nagpur +142 other locations,13.1k,13
250,Barclays,3.7,(3.3k),Banking | Pune +35 other locations,32.3k,--
251,HARMAN,3.8,(3.3k),Consumer Electronics & Appliances | Bengaluru +42 other locations,24.1k,102
252,RSPL Group,4.0,(3.3k),FMCG | Kanpur +256 other locations,9.6k,19
253,AGS Health,4.0,(3.3k),Analytics & KPO | Chennai +64 other locations,14.5k,56
254,TVS Credit Services Ltd,4.2,(3.3k),NBFC | Chennai +435 other locations,7.2k,24
255,NatWest Group,4.0,(3.3k),Banking | Gurugram +28 other locations,21.1k,75
256,Croma,3.8,(3.3k),Retail | Mumbai +192 other locations,9.2k,25
257,InterGlobe Aviation,3.5,(3.2k),Aviation | New Delhi +105 other locations,13.5k,67
258,Niva Bupa Health Insurance Company,4.0,(3.2k),Insurance | New Delhi +321 other locations,8.4k,99
259,Alstom Transportation,3.7,(3.2k),Engineering & Construction | Bengaluru +80 other locations,15.1k,309
260,Conduent,3.4,(3.2k),BPO | Bengaluru +34 other locations,16.9k,393
261,Indian Air Force,4.6,(3.2k),Defence & Aerospace | New Delhi +134 other locations,5.4k,--
262,Tata Technologies,3.4,(3.2k),Engineering & Construction | Pune +57 other locations,22.9k,156
263,Tata AIG,4.0,(3.2k),Insurance | Mumbai +260 other locations,11.3k,81
264,GeBBS Healthcare Solutions,3.7,(3.2k),BPO | Mumbai +24 other locations,11.3k,71
265,Allcargo Logistics,3.8,(3.2k),Logistics | Mumbai +175 other locations,7.1k,42
266,UPL,4.1,(3.2k),Agro Chemicals | Ankleshwar +185 other locations,11.2k,51
267,Marpu Foundation,4.9,(3.1k),Non-Profit | Hyderabad +61 other locations,60,--
268,Max Healthcare,3.9,(3.1k),Healthcare | New Delhi +78 other locations,10.4k,110
269,PepsiCo,4.1,(3.1k),Food Processing | Hyderabad +277 other locations,13.4k,286
270,Amazon Transportation Services,4.2,(3.1k),Logistics | Hyderabad +226 other locations,8.4k,--
271,Titan Company,4.2,(3.1k),Retail | Bengaluru +185 other locations,9.5k,120
272,Dilip Buildcon,3.9,(3.1k),Engineering & Construction | Bhopal +229 other locations,8.2k,21
273,Walmart,3.5,(3.1k),Retail | Bengaluru +91 other locations,22.8k,210
274,Mankind Pharma,3.8,(3.1k),Pharma | New Delhi +247 other locations,9.5k,10
275,Jindal Stainless,4.2,(3.1k),Iron & Steel | Jajpur +78 other locations,11.5k,8
276,Varroc Group,3.6,(3.1k),Auto Components | Pune +62 other locations,9.4k,62
277,S&P Global,4.0,(3.1k),Analytics & KPO | Hyderabad +47 other locations,20.5k,588
278,MSN Laboratories,3.6,(3.1k),Pharma | Hyderabad +105 other locations,9.5k,32
279,Societe Generale Global Solution Centre,3.6,(3k),IT Services & Consulting | Bengaluru +23 other locations,23.1k,85
280,Quest Global,3.5,(3k),IT Services & Consulting | Bengaluru +49 other locations,21.4k,171
281,Future Group,4.2,(3k),Retail | Mumbai +207 other locations,6.7k,--
282,Sagility,3.9,(3k),BPO | Bengaluru +27 other locations,12k,103
283,Afcons Infrastructure,4.2,(3k),Engineering & Construction | Mumbai +122 other locations,8.5k,29
284,Torrent Pharmaceuticals,4.0,(3k),Pharma | Ahmedabad +130 other locations,10.3k,32
285,IDFC FIRST Bharat,4.2,(3k),Financial Services | Chennai +425 other locations,4.9k,7
286,Ola Electric Mobility,3.3,(3k),Automobile | Bengaluru +429 other locations,9.4k,--
287,Square Yards,3.6,(3k),Internet | Gurugram +51 other locations,9.2k,56
288,ESAF Small Finance Bank,3.6,(3k),Banking | Thrissur +445 other locations,7.4k,37
289,HDFC Sales,3.9,(3k),Financial Services | Mumbai +346 other locations,8.2k,9
290,CMS IT Services,3.1,(3k),IT Services & Consulting | Mumbai +152 other locations,9.4k,31
291,Zensar Technologies,3.7,(2.9k),IT Services & Consulting | Pune +29 other locations,25.6k,371
292,I Process Services,3.8,(2.9k),Recruitment | Mumbai +405 other locations,5.4k,--
293,ACC,3.9,(2.9k),Building Material | Mumbai +274 other locations,9k,--
294,DS Group,4.1,(2.9k),FMCG | Noida +282 other locations,7.6k,44
295,Suzlon Group,4.0,(2.9k),Power | Pune +141 other locations,7.8k,29
296,Tata Elxsi,3.5,(2.9k),IT Services & Consulting | Bengaluru +30 other locations,23k,45
297,Eternal Limited,3.6,(2.9k),Internet | Gurugram +220 other locations,14.6k,12
298,Bharat Financial Inclusion,3.7,(2.9k),Financial Services | Hyderabad +500 other locations,5k,3
299,Fujitsu,3.8,(2.9k),IT Services & Consulting | Pune +41 other locations,17.4k,173
300,VVDN Technologies,3.6,(2.9k),IT Services & Consulting | Gurugram +49 other locations,13.6k,7
301,Shoppers Stop,4.0,(2.9k),Retail | Mumbai +82 other locations,6.9k,51
302,Indus Towers,3.6,(2.9k),Telecom | Gurugram +242 other locations,9.1k,37
303,Nokia,4.0,(2.9k),Telecom | Bengaluru +167 other locations,16.5k,358
304,Apollo Tyres,4.0,(2.9k),Auto Components | Chennai +179 other locations,9.9k,--
305,Yazaki,3.9,(2.9k),Auto Components | Pune +94 other locations,9k,1
306,IKS Health,3.6,(2.8k),Healthcare | Mumbai +31 other locations,11.3k,17
307,Shree Cement,3.8,(2.8k),Building Material | Beawar +257 other locations,9.7k,6
308,Fiserv,2.9,(2.8k),FinTech | Pune +32 other locations,17.7k,16
309,Britannia,4.0,(2.8k),FMCG | Pune +307 other locations,8.4k,13
310,UnitedHealth,4.0,(2.8k),Healthcare | Hyderabad +18 other locations,14.2k,--
311,Zepto,3.5,(2.8k),Internet | Bengaluru +104 other locations,9.4k,44
312,SRF,4.1,(2.8k),Chemicals | Bharuch +68 other locations,8.9k,11
313,Landmark Group,3.8,(2.8k),Retail | Bengaluru +175 other locations,9.4k,7
314,Dalmia Bharat Cement,3.9,(2.7k),Building Material | Guwahati +253 other locations,4.7k,3
315,Tata Electronics,3.9,(2.7k),Semiconductors | Hosur +50 other locations,11.4k,96
316,Kansai Nerolac Paints,3.8,(2.7k),Chemicals | Mumbai +253 other locations,7.8k,69
317,Blue Dart Express Ltd,3.9,(2.7k),Logistics | Mumbai +279 other locations,6.9k,23
318,Exide Industries,3.4,(2.7k),Auto Components | Kolkata +201 other locations,8.7k,76
319,Nestlé,3.8,(2.7k),FMCG | Gurugram +281 other locations,9.9k,24
320,Shell,3.9,(2.7k),Oil & Gas | Bengaluru +91 other locations,14k,81
321,Whitehat jr,3.3,(2.7k),EdTech | Mumbai +48 other locations,9.4k,--
322,KPMG Global Services,3.5,(2.7k),Management Consulting | Bengaluru +37 other locations,24k,20
323,ZS,3.1,(2.7k),Management Consulting | Pune +17 other locations,20.4k,270
324,Flex,3.9,(2.7k),Electronics Manufacturing | Chennai +46 other locations,15.9k,51
325,Micro Labs,3.6,(2.7k),Pharma | Bengaluru +152 other locations,9.8k,20
326,Star Health & Allied Insurance,3.5,(2.7k),Insurance | Chennai +331 other locations,10.1k,12
327,Capita,3.5,(2.7k),BPO | Pune +31 other locations,12.9k,56
328,ElasticRun,3.6,(2.7k),Logistics | Pune +386 other locations,6.2k,1
329,TVS Supply Chain Solutions,3.8,(2.6k),Logistics | Chennai +154 other locations,8.5k,14
330,KFintech,3.4,(2.6k),Financial Services | Hyderabad +113 other locations,11.1k,--
331,G4S,4.0,(2.6k),Law Enforcement & Security | Gurugram +163 other locations,5.1k,675
332,Voltas,4.0,(2.6k),Consumer Electronics & Appliances | Mumbai +207 other locations,8.7k,14
333,Exl India,3.5,(2.6k),Logistics | New Delhi +45 other locations,15.6k,1
334,Sonalika Tractors,3.6,(2.6k),Automobile | Hoshiarpur +194 other locations,9k,2
335,Ajanta Pharma,3.9,(2.6k),Pharma | Mumbai +118 other locations,8.9k,12
336,Blue Star,4.1,(2.6k),Consumer Electronics & Appliances | Mumbai +147 other locations,9.8k,33
337,Care Health Insurance,3.6,(2.6k),Insurance | Gurugram +246 other locations,8.6k,53
338,BlackBuck,3.7,(2.6k),Internet | Bengaluru +365 other locations,6.3k,23
339,Domino's Pizza,3.9,(2.6k),Hospitality | New Delhi +251 other locations,4.2k,--
340,Movate,3.1,(2.6k),IT Services & Consulting | Chennai +38 other locations,15k,75
341,Gallagher,3.7,(2.6k),Insurance | Bengaluru +29 other locations,14.2k,130
342,NoBroker,3.0,(2.6k),Internet | Bengaluru +47 other locations,10.7k,331
343,Fortis Healthcare,4.0,(2.6k),Healthcare | New Delhi +70 other locations,7.6k,797
344,Adani Power,3.7,(2.6k),Power | Mundra +128 other locations,9.8k,--
345,Himalaya Wellness,4.0,(2.5k),Pharma | Bengaluru +241 other locations,6.2k,35
346,Physicswallah,3.6,(2.5k),EdTech | Noida +126 other locations,8.3k,218
347,ACT Fibernet,3.9,(2.5k),Telecom | Hyderabad +57 other locations,7.8k,148
348,DBS Bank,3.7,(2.5k),Banking | Hyderabad +177 other locations,13k,198
349,Foxconn,3.9,(2.5k),Electronics Manufacturing | Chennai +61 other locations,10.6k,20
350,Sahrudaya Healthcare (Medicover Hospitals),4.4,(2.5k),Healthcare | Hyderabad +46 other locations,3.5k,22
351,Foundever,3.3,(2.5k),BPO | Hyderabad +22 other locations,8.8k,89
352,Tata Advanced Systems,3.7,(2.5k),Defence & Aerospace | Bengaluru +58 other locations,12.8k,--
353,Photon Interactive,4.1,(2.5k),IT Services & Consulting | Chennai +18 other locations,7.4k,906
354,Sterlite Technologies,3.8,(2.5k),Hardware & Networking | Chhatrapati Sambhajinagar +101 other locations,10k,119
355,BT Group,3.8,(2.5k),Telecom | Gurugram +24 other locations,11.5k,5
356,V-Mart,4.1,(2.5k),Retail | Gurugram +284 other locations,4.4k,22
357,Bajaj Electricals,3.9,(2.5k),Consumer Electronics & Appliances | Mumbai +234 other locations,7.5k,23
358,Alldigi Tech,3.9,(2.5k),BPO | Chennai +36 other locations,7.6k,47
359,IntouchCX,2.7,(2.5k),BPO | Hyderabad +22 other locations,10k,248
360,Sammaan Capital Limited,3.8,(2.5k),NBFC | Gurugram +201 other locations,5.8k,9
361,Tractors and Farm Equipment,3.9,(2.5k),Industrial Machinery | Chennai +192 other locations,8.4k,17
362,Northern Trust Operating Services,3.6,(2.5k),Financial Services | Bengaluru +27 other locations,17.2k,33
363,Laurus Labs,4.3,(2.5k),Pharma | Visakhapatnam +34 other locations,7.3k,7
364,JCB,3.9,(2.5k),Industrial Machinery | Pune +113 other locations,9.5k,--
365,Parle Agro,4.0,(2.5k),Beverage | Mumbai +258 other locations,6.6k,2
366,Planet Spark,3.9,(2.4k),EdTech | Gurugram +61 other locations,3.5k,71
367,Patanjali Ayurved,3.9,(2.4k),FMCG | Haridwar +301 other locations,5.8k,--
368,McDonald's,3.8,(2.4k),Hospitality | New Delhi +151 other locations,4.9k,3
369,Canara HSBC Life Insurance,3.6,(2.4k),Insurance | Gurugram +316 other locations,6.3k,7
370,ICICI Securities,3.9,(2.4k),Financial Services | Mumbai +148 other locations,9.7k,2
371,Paras Hospital,4.1,(2.4k),Healthcare | Patna +62 other locations,3.2k,76
372,Statestreet HCL Services,3.4,(2.4k),BPO | Chennai +18 other locations,13.6k,--
373,Emcure Pharmaceuticals,3.6,(2.4k),Pharma | Pune +116 other locations,8.4k,65
374,Hero FinCorp,3.9,(2.4k),NBFC | New Delhi +392 other locations,5.7k,82
375,Biocon Limited,4.1,(2.4k),Biotechnology | Bengaluru +65 other locations,11.6k,11
376,Mahindra Rural Housing Finance,4.0,(2.4k),NBFC | Mumbai +463 other locations,4.8k,14
377,Intellect Design Arena,3.6,(2.4k),Software Product | Chennai +40 other locations,13.4k,18
378,Mahindra Holidays & Resorts,3.5,(2.4k),Hospitality | Mumbai +113 other locations,5.9k,49
379,Datamatics Global Services,3.4,(2.4k),IT Services & Consulting | Mumbai +37 other locations,11.7k,52
380,Adani Group,3.8,(2.4k),Power | Ahmedabad +197 other locations,11k,790
381,CorroHealth Infotech,3.6,(2.4k),Analytics & KPO | Hyderabad +35 other locations,7.5k,52
382,Taj Hotels Resorts and Palaces,4.2,(2.4k),Hospitality | Mumbai +110 other locations,4.8k,383
383,Axis Direct,3.6,(2.4k),Financial Services | Mumbai +270 other locations,4.7k,46
384,Aditya Birla Group,4.1,(2.4k),Metals & Mining | Mumbai +268 other locations,10k,5
385,Cadila Pharmaceuticals,3.3,(2.4k),Pharma | Ahmedabad +134 other locations,7.9k,143
386,3i Infotech,3.4,(2.4k),IT Services & Consulting | Mumbai +129 other locations,10.7k,74
387,Cholamandalam MS General Insurance,3.7,(2.4k),Insurance | Chennai +388 other locations,6k,--
388,Syngene International,3.8,(2.3k),Clinical Research | Bengaluru +21 other locations,12.6k,2
389,Capgemini Engineering,3.4,(2.3k),IT Services & Consulting | Bengaluru +28 other locations,14.3k,--
390,Info Edge,3.9,(2.3k),Internet | Noida +69 other locations,11.2k,385
391,KocharTech,3.6,(2.3k),IT Services & Consulting | Kolkata +25 other locations,3.7k,31
392,Bureau Veritas,3.8,(2.3k),Other | Mumbai +146 other locations,8.1k,8
393,Delhi Public School,3.8,(2.3k),Education & Training | New Delhi +274 other locations,5.3k,119
394,Aavas Financiers,4.0,(2.3k),NBFC | Jaipur +294 other locations,5.6k,54
395,RMSI,3.6,(2.3k),IT Services & Consulting | Hyderabad +25 other locations,8.7k,18
396,Cybage,3.8,(2.3k),IT Services & Consulting | Pune +15 other locations,17.2k,27
397,Xoriant,4.1,(2.3k),IT Services & Consulting | Pune +23 other locations,11.7k,44
398,TaskUs,3.0,(2.3k),BPO | Indore +35 other locations,9.3k,326
399,Straive,3.3,(2.3k),IT Services & Consulting | Chennai +31 other locations,10.2k,101
400,Lifestyle,4.2,(2.3k),Retail | Bengaluru +129 other locations,6.7k,21
401,Akums Drugs & Pharmaceuticals Limited,4.2,(2.3k),Pharma | Haridwar +38 other locations,6.2k,16
402,Sopra Steria,3.9,(2.3k),IT Services & Consulting | Noida +20 other locations,13.9k,134
403,Kia India,4.0,(2.3k),Automobile | Anantapur +188 other locations,8.2k,83
404,GVK Emergency Management and Research Institute,3.6,(2.3k),Non-Profit | Lucknow +213 other locations,4.6k,64
405,Eureka Forbes,3.7,(2.3k),Consumer Electronics & Appliances | Mumbai +183 other locations,5.6k,6
406,Sobha,3.8,(2.3k),Real Estate | Bengaluru +38 other locations,8.4k,58
407,Apollo Pharmacy,3.6,(2.3k),Pharma | Hyderabad +284 other locations,6.8k,1.1k
408,Lodha,4.1,(2.2k),Real Estate | Mumbai +30 other locations,8.7k,172
409,Unacademy,2.9,(2.2k),EdTech | Bengaluru +73 other locations,10.3k,38
410,Radisson Hotels,4.0,(2.2k),Hospitality | New Delhi +128 other locations,5.1k,171
411,Myntra,3.9,(2.2k),Internet | Bengaluru +103 other locations,10.5k,34
412,Endurance Technologies Limited,3.9,(2.2k),Auto Components | Chhatrapati Sambhajinagar +50 other locations,7.8k,16
413,SBI Securities,3.6,(2.2k),Financial Services | Mumbai +315 other locations,6.8k,45
414,Team Computers,3.6,(2.2k),IT Services & Consulting | New Delhi +106 other locations,8.5k,167
415,TCE,3.8,(2.2k),Engineering & Construction | Mumbai +132 other locations,9.5k,20
416,Panasonic Life Solutions India,3.9,(2.2k),Consumer Electronics & Appliances | Haridwar +168 other locations,6.8k,24
417,AWL Agri Business,4.0,(2.2k),FMCG | Ahmedabad +199 other locations,6.8k,100
418,Lava International,3.9,(2.2k),Consumer Electronics & Appliances | Noida +222 other locations,4.3k,1
419,Star Union Dai-ichi Life Insurance,3.8,(2.2k),Insurance | Mumbai +318 other locations,5.2k,33
420,GAO Tek,4.5,(2.2k),Electrical Equipment | New York +41 other locations,259,--
421,Daikin Airconditioning India Pvt. Ltd.,4.2,(2.2k),Consumer Electronics & Appliances | Neemrana +109 other locations,7.8k,--
422,Newgen Software Technologies,4.0,(2.2k),IT Services & Consulting | Noida +32 other locations,11.5k,57
423,Whirlpool,4.0,(2.2k),Consumer Electronics & Appliances | Pune +175 other locations,8k,16
424,Bharti AXA Life Insurance,3.6,(2.2k),Insurance | Mumbai +243 other locations,5.2k,35
425,Cisco,4.1,(2.2k),Hardware & Networking | Bengaluru +46 other locations,18.7k,256
426,Indian Railways,4.2,(2.2k),Railways | Kolkata +249 other locations,3.5k,1
427,SBI General Insurance,3.6,(2.2k),Insurance | Mumbai +289 other locations,6.4k,50
428,GlaxoSmithKline Pharmaceuticals,4.0,(2.2k),Pharma | Bengaluru +217 other locations,5.7k,34
429,BNP Paribas,3.7,(2.2k),Banking | Mumbai +27 other locations,18.2k,18
430,Coromandel International,4.1,(2.2k),Agro Chemicals | Visakhapatnam +183 other locations,7.5k,20
431,Nokia Networks,4.1,(2.2k),Hardware & Networking | Chennai +87 other locations,10.4k,--
432,Renault Nissan Technology & Business Centre India,3.7,(2.2k),Automobile | Chennai +19 other locations,14.5k,21
433,Shahi Exports,3.9,(2.2k),Fashion & Textile | Bengaluru +72 other locations,6.9k,33
434,Meesho,3.7,(2.2k),Internet | Bengaluru +132 other locations,9.5k,202
435,Sify Technologies,3.6,(2.2k),IT Services & Consulting | Chennai +133 other locations,9.9k,55
436,ValueLabs,3.5,(2.1k),IT Services & Consulting | Hyderabad +20 other locations,16.1k,73
437,Ambuja Cements,3.8,(2.1k),Building Material | Mumbai +259 other locations,6.1k,--
438,Allstate,3.6,(2.1k),Insurance | Pune +16 other locations,12.2k,15
439,Microsoft Corporation,3.8,(2.1k),Software Product | Bengaluru +47 other locations,29.6k,--
440,Bank of Baroda,3.5,(2.1k),Banking | Mumbai +299 other locations,7k,--
441,Life Insurance Corporation of India,4.4,(2.1k),Insurance | Mumbai +470 other locations,4.6k,2
442,Brakes India,3.9,(2.1k),Auto Components | Chennai +100 other locations,7.1k,6
443,Huawei Technologies,4.0,(2.1k),Telecom | Bengaluru +104 other locations,7.9k,34
444,Cargill,3.9,(2.1k),Food Processing | Bengaluru +122 other locations,8.4k,554
445,BHEL,4.2,(2.1k),Electrical Equipment | Bengaluru +129 other locations,5.3k,--
446,Spark Minda,3.8,(2.1k),Auto Components | Pune +75 other locations,7.2k,10
447,upGrad,3.3,(2.1k),EdTech | Bengaluru +49 other locations,9.2k,67
448,Mercedes-Benz Research and Development India,3.6,(2.1k),IT Services & Consulting | Bengaluru +52 other locations,17.7k,331
449,Simplex Infrastructures,3.4,(2.1k),Engineering & Construction | Kolkata +138 other locations,4.5k,--
450,Power Mech Projects,3.8,(2.1k),Engineering & Construction | Hyderabad +152 other locations,6.6k,13
451,CAMS,3.6,(2.1k),Financial Services | Chennai +107 other locations,8.7k,24
452,Poonawalla Fincorp,3.5,(2.1k),NBFC | Pune +262 other locations,5.8k,26
453,Pfizer,3.9,(2.1k),Pharma | Visakhapatnam +133 other locations,5.8k,60
454,FirstCry,3.6,(2.1k),Retail | Pune +213 other locations,8.6k,20
455,Generali Central Life Insurance,3.5,(2.1k),Insurance | Mumbai +200 other locations,6.7k,20
456,Bharat Petroleum,4.2,(2.1k),Oil & Gas | Mumbai +261 other locations,6.8k,--
457,Saint-Gobain,3.9,(2.1k),Building Material | Mumbai +104 other locations,11.5k,177
458,Force Motors,3.7,(2.1k),Automobile | Pune +106 other locations,8.3k,10
459,Jio Platforms,3.4,(2.1k),IT Services & Consulting | Mumbai +103 other locations,13.9k,--
460,"Maruti Suzuki India Limited, Hansalpur",4.2,(2.1k),Automobile | Ahmedabad +105 other locations,6.8k,--
461,Nuvoco Vistas,4.1,(2.1k),Building Material | Kolkata +198 other locations,6.9k,31
462,NTT DATA Business Solutions,4.1,(2.1k),IT Services & Consulting | Bengaluru +32 other locations,12.3k,29
463,Kotak Securities,3.5,(2.1k),Financial Services | Mumbai +140 other locations,9.5k,39
464,Manipal Hospitals,4.0,(2.1k),Healthcare | Bengaluru +66 other locations,6.9k,82
465,Ola Cabs,3.3,(2.1k),Internet | Bengaluru +112 other locations,9k,14
466,JK Tyre,3.7,(2.1k),Auto Components | Chennai +141 other locations,6.8k,--
467,Raymond Lifestyle Limited,4.1,(2.1k),Fashion & Textile | Mumbai +149 other locations,6.5k,--
468,Reliance Trends,4.0,(2k),Retail | Bengaluru +393 other locations,4.2k,--
469,Renault-Nissan,4.1,(2k),Automobile | Chennai +86 other locations,7.6k,--
470,ITC Hotels,4.1,(2k),Hospitality | Bengaluru +95 other locations,5.3k,--
471,CitiusTech,3.2,(2k),IT Services & Consulting | Mumbai +17 other locations,14.3k,70
472,Infinite Computer Solutions,3.3,(2k),IT Services & Consulting | Bengaluru +36 other locations,15.1k,226
473,IndusInd General Insurance,3.6,(2k),Insurance | Mumbai +193 other locations,7.1k,13
474,Delphi TVS,3.9,(2k),Auto Components | Chennai +60 other locations,5.6k,3
475,Biological E,4.2,(2k),Pharma | Hyderabad +72 other locations,7k,35
476,Henry Harvin Education,3.6,(2k),EdTech | Noida +33 other locations,914,48
477,Extramarks Education,3.3,(2k),EdTech | Noida +111 other locations,7.4k,7
478,Morgan Stanley,3.6,(2k),Financial Services | Mumbai +19 other locations,26.4k,8
479,SGS,3.8,(2k),"Testing, Inspection and Certification (TIC) | Mumbai +145 other locations",6.4k,141
480,YASH Technologies,3.7,(2k),IT Services & Consulting | Hyderabad +31 other locations,16.2k,453
481,K12 Techno Services,3.7,(2k),EdTech | Bengaluru +43 other locations,5.2k,369
482,EPAM Systems,3.7,(2k),IT Services & Consulting | Hyderabad +35 other locations,22.4k,223
483,Senco Gold,4.4,(2k),Jewellery | Kolkata +79 other locations,1.5k,2
484,Novartis,4.1,(2k),Pharma | Hyderabad +75 other locations,10.2k,113
485,State Street Syntel,3.7,(2k),Financial Services | Mumbai +21 other locations,6.9k,--
486,Ninjacart,3.8,(2k),Internet | Bengaluru +112 other locations,5.1k,20
487,SAP,4.1,(2k),Software Product | Bengaluru +54 other locations,17.5k,--
488,IDBI Bank,3.4,(2k),Banking | Mumbai +334 other locations,6.1k,--
489,HSBC Electronic Data Processing,4.0,(2k),IT Services & Consulting | Bengaluru +19 other locations,8.6k,--
490,AECOM,4.2,(2k),Engineering & Construction | Gurugram +122 other locations,7k,242
491,Narayana Health,4.0,(2k),Healthcare | Bengaluru +64 other locations,6k,109
492,Aditya Birla Health Insurance Co,3.7,(1.9k),Insurance | Mumbai +251 other locations,7.6k,2
493,L&T Energy Hydrocarbon,3.8,(1.9k),Engineering & Construction | Vadodara +88 other locations,8.3k,--
494,Paisabazaar.com,3.4,(1.9k),Internet | Gurugram +35 other locations,6.9k,48
495,Honeywell Automation,3.7,(1.9k),Industrial Automation | Pune +78 other locations,12k,--
496,Shadowfax Technologies,3.5,(1.9k),Logistics | Bengaluru +241 other locations,7.5k,59
497,Schindler,3.9,(1.9k),Industrial Machinery | Pune +88 other locations,6.2k,63
498,Haier Appliances India,4.0,(1.9k),Consumer Electronics & Appliances | Pune +160 other locations,7k,31
499,Motherson Automotive Technologies and Engineering,3.8,(1.9k),Auto Components | Chennai +68 other locations,7.5k,32
500,Trent,3.8,(1.9k),Retail | Mumbai +146 other locations,4.8k,24
501,R.R. Donnelley,3.6,(1.9k),Marketing & Advertising | Chennai +26 other locations,10.2k,36
502,Dr Lal PathLabs,4.2,(1.9k),Healthcare | New Delhi +202 other locations,4.5k,90
503,V-Guard Industries,4.3,(1.9k),Consumer Electronics & Appliances | Kochi +169 other locations,4.5k,57
504,Philips,3.8,(1.9k),Medical Equipment | Bengaluru +96 other locations,10.9k,116
505,Microland,3.5,(1.9k),IT Services & Consulting | Bengaluru +45 other locations,10.7k,397
506,NCR Voyix,3.5,(1.9k),IT Services & Consulting | Hyderabad +90 other locations,9.3k,18
507,Uflex,3.8,(1.9k),Packaging | Noida +46 other locations,6.7k,54
508,Parle Products,3.9,(1.9k),FMCG | Mumbai +249 other locations,3.8k,8
509,Gabriel India Limited,4.1,(1.9k),Auto Components | Pune +52 other locations,5.8k,--
510,CMS Infosystems,3.5,(1.9k),Software Product | Mumbai +218 other locations,4.7k,7
511,Globiva,3.0,(1.9k),BPO | Gurugram +30 other locations,5.2k,175
512,Spinny,3.7,(1.9k),Internet | Gurugram +63 other locations,7.5k,44
513,Crisil,3.5,(1.9k),Analytics & KPO | Mumbai +81 other locations,13.3k,655
514,Google,4.4,(1.9k),Software Product | Bengaluru +86 other locations,32.7k,549
515,Tekwissen,4.9,(1.9k),IT Services & Consulting | Visakhapatnam +5 other locations,579,70
516,Adecco Group,3.8,(1.9k),Recruitment | Bengaluru +180 other locations,7.1k,--
517,CNH (Case New Holland),3.7,(1.9k),Industrial Machinery | Gurugram +136 other locations,5.9k,23
518,Angel One,3.6,(1.9k),FinTech | Mumbai +132 other locations,7.5k,29
519,Lucas-TVS,3.9,(1.9k),Auto Components | Chennai +76 other locations,6k,4
520,DHL Supply Chain,4.2,(1.9k),Logistics | Mumbai +101 other locations,6.2k,58
521,Safexpress,3.9,(1.9k),Logistics | New Delhi +158 other locations,5.7k,10
522,Aadhar Housing Finance,4.0,(1.9k),NBFC | Mumbai +325 other locations,5k,2
523,Aye Finance,4.1,(1.9k),NBFC | Gurugram +365 other locations,3.4k,17
524,G R Infraprojects,4.1,(1.9k),Engineering & Construction | Gurugram +158 other locations,5.4k,16
525,NTPC,4.2,(1.9k),Power | New Delhi +124 other locations,4.3k,--
526,HTC Global Services,3.4,(1.9k),IT Services & Consulting | Chennai +32 other locations,13.1k,11
527,Thomson Reuters,3.8,(1.9k),Software Product | Bengaluru +27 other locations,10.6k,105
528,Iris Software,3.8,(1.9k),IT Services & Consulting | Noida +23 other locations,7.9k,724
529,Infinx,3.7,(1.9k),Software Product | Hyderabad +36 other locations,5.3k,38
530,Tata Tele Business Services,3.6,(1.9k),Telecom | Mumbai +136 other locations,4.5k,54
531,Tata Power,3.9,(1.9k),Power | Mumbai +151 other locations,7.3k,22
532,Trident Group,3.3,(1.9k),Fashion & Textile | Barnala +58 other locations,5.3k,9
533,Hindustan Aeronautics,4.3,(1.9k),Defence & Aerospace | Bengaluru +64 other locations,4.3k,--
534,TVS Sundram Fasteners,3.6,(1.8k),Auto Components | Chennai +66 other locations,6.7k,--
535,PI Industries,3.8,(1.8k),Agro Chemicals | Vadodara +107 other locations,6.9k,17
536,Torrent Power,3.8,(1.8k),Power | Ahmedabad +61 other locations,7.8k,65
537,KENT RO Systems,3.8,(1.8k),Consumer Electronics & Appliances | Noida +154 other locations,4.4k,6
538,CSB Bank,3.2,(1.8k),Banking | Mumbai +234 other locations,7k,2
539,ICICI Home Finance,3.7,(1.8k),Financial Services | Mumbai +219 other locations,5.2k,13
540,Jindal Saw,4.0,(1.8k),Iron & Steel | Mundra +76 other locations,6.6k,7
541,NeoSOFT,3.4,(1.8k),IT Services & Consulting | Mumbai +24 other locations,10.7k,89
542,Aragen Life Sciences,3.9,(1.8k),Clinical Research | Hyderabad +30 other locations,6.5k,103
543,Medi Assist India,3.5,(1.8k),Insurance | Bengaluru +66 other locations,7.3k,32
544,First American (India),3.5,(1.8k),Insurance | Bengaluru +22 other locations,9.4k,48
545,Verizon,3.5,(1.8k),Telecom | Hyderabad +11 other locations,11.7k,--
546,Polycab Wires,4.0,(1.8k),Electrical Equipment | Vadodara +166 other locations,7.2k,25
547,TELUS Digital,3.6,(1.8k),IT Services & Consulting | Noida +25 other locations,9.7k,59
548,Honda Cars,4.3,(1.8k),Automobile | Bhiwadi +117 other locations,6.3k,--
549,AXA Global Business Services,3.8,(1.8k),IT Services & Consulting | Pune +11 other locations,7.2k,14
550,Fusion CX,3.3,(1.8k),BPO | Kolkata +57 other locations,4.5k,175
551,Infra.Market,3.9,(1.8k),Building Material | Mumbai +132 other locations,3.7k,11
552,AkzoNobel,4.1,(1.8k),Chemicals | Pune +162 other locations,4.3k,24
553,Sterling & Wilson,4.0,(1.8k),Engineering & Construction | Mumbai +130 other locations,6.6k,34
554,Capri Global Capital,3.6,(1.8k),NBFC | New Delhi +333 other locations,4.1k,32
555,Innovsource Services,3.9,(1.8k),Recruitment | Mumbai +251 other locations,4.6k,--
556,Godrej Properties,3.6,(1.8k),Real Estate | Mumbai +34 other locations,8.8k,3
557,Stellar Migration,1.3,(1.8k),Other | Dubai +7 other locations,--,--
558,Cafe Coffee Day,3.7,(1.8k),Hospitality | Bengaluru +105 other locations,3.8k,8
559,Haldiram Foods International Limited,3.8,(1.8k),FMCG | Nagpur +166 other locations,5.9k,--
560,DIVI'S Laboratories,3.6,(1.8k),Pharma | Visakhapatnam +36 other locations,6.8k,--
561,MetLife,4.0,(1.8k),Insurance | Noida +44 other locations,9.2k,77
562,Hindustan Petroleum,4.2,(1.8k),Oil & Gas | Mumbai +256 other locations,6k,--
563,SS&C TECHNOLOGIES,3.2,(1.8k),IT Services & Consulting | Mumbai +30 other locations,13.4k,77
564,Digit Insurance,3.7,(1.7k),Insurance | Bengaluru +88 other locations,5.8k,65
565,Tata Communications Transformation Services,3.8,(1.7k),Telecom | Pune +95 other locations,8.3k,--
566,Kalyan Jewellers,4.4,(1.7k),Jewellery | Thrissur +156 other locations,1.5k,20
567,USHA International,4.1,(1.7k),Consumer Electronics & Appliances | Gurugram +148 other locations,4.8k,11
568,Reckitt Benckiser,3.9,(1.7k),FMCG | Gurugram +135 other locations,6.3k,44
569,Air India,3.4,(1.7k),Aviation | New Delhi +68 other locations,7.7k,23
570,Future Retail,4.4,(1.7k),Retail | Mumbai +197 other locations,3.9k,--
571,Security and Intelligence Services (India),4.0,(1.7k),Law Enforcement & Security | New Delhi +196 other locations,4.4k,29
572,Dhani Loans and Services,3.9,(1.7k),NBFC | Gurugram +186 other locations,4.1k,20
573,USV,4.0,(1.7k),Pharma | Mumbai +108 other locations,5.7k,81
574,Isgec Heavy Engineering,3.8,(1.7k),Engineering & Construction | Noida +91 other locations,6.9k,51
575,HDFC Securities,3.4,(1.7k),Financial Services | Mumbai +185 other locations,6.1k,38
576,BT Business,3.9,(1.7k),Telecom | Gurugram +12 other locations,9.1k,5
577,Vedantu,3.3,(1.7k),EdTech | Bengaluru +72 other locations,8.3k,32
578,LivSpace,3.3,(1.7k),Architecture & Interior Design | Bengaluru +53 other locations,8k,122
579,Pine Labs,3.3,(1.7k),FinTech | Noida +118 other locations,7.5k,37
580,Bata,3.5,(1.7k),Fashion & Textile | Gurugram +149 other locations,4.1k,9
581,Adani Green Energy,3.9,(1.7k),Power | Ahmedabad +114 other locations,5.8k,--
582,Annapurna Finance,3.9,(1.7k),NBFC | Bhubaneswar +393 other locations,3.8k,--
583,XBP Global,3.2,(1.7k),Internet | Chennai +23 other locations,7.6k,88
584,Metro Cash & Carry,4.0,(1.7k),Retail | Bengaluru +88 other locations,4.8k,1
585,Mother Dairy Fruit & Vegetable,4.0,(1.7k),Food Processing | New Delhi +127 other locations,5k,--
586,Indian Navy,4.6,(1.7k),Defence & Aerospace | Mumbai +74 other locations,3.4k,--
587,BVG India,4.2,(1.7k),Facility Management Services | Pune +135 other locations,3.9k,72
588,Granules India Limited,3.8,(1.7k),Pharma | Hyderabad +22 other locations,6.2k,2
589,NEC,4.0,(1.7k),IT Services & Consulting | Noida +54 other locations,5.5k,2
590,Provana,3.9,(1.7k),BPO | Noida +11 other locations,4.1k,45
591,Cavinkare,4.0,(1.7k),FMCG | Chennai +172 other locations,4.8k,5
592,Sysnet Global Technologies,3.7,(1.7k),IT Services & Consulting | New Delhi +153 other locations,4.1k,25
593,Orange Business,4.1,(1.7k),IT Services & Consulting | Gurugram +52 other locations,8.9k,12
594,Rungta Mines,4.0,(1.7k),Metals & Mining | Chaibasa +56 other locations,5.4k,--
595,Orchids International School,3.9,(1.7k),Education & Training | Bengaluru +33 other locations,3.8k,20
596,Medanta the Medicity,4.0,(1.7k),Healthcare | Gurugram +48 other locations,5.1k,88
597,Hitachi Astemo,4.1,(1.7k),Auto Components | Neemrana +51 other locations,6.3k,--
598,Frankfinn Institute of Air Hostess Training,3.9,(1.7k),Education & Training | Gurugram +60 other locations,3.2k,111
599,FactSet,3.7,(1.7k),Analytics & KPO | Hyderabad +17 other locations,10.6k,44
600,Caterpillar Inc,4.1,(1.7k),Industrial Machinery | Chennai +43 other locations,10.7k,204
601,Cushman & Wakefield,4.1,(1.7k),Real Estate | Gurugram +44 other locations,6.3k,367
602,HighRadius,2.6,(1.7k),Software Product | Hyderabad +15 other locations,8.8k,43
603,TTEC India,3.7,(1.6k),BPO | Ahmedabad +35 other locations,5.3k,17
604,KONE,4.1,(1.6k),Industrial Machinery | Chennai +72 other locations,5.6k,56
605,Yamaha Motor,4.1,(1.6k),Automobile | Chennai +155 other locations,5.2k,13
606,MagicBricks,4.0,(1.6k),Internet | Noida +35 other locations,4.5k,29
607,Rane (Madras),3.9,(1.6k),Auto Components | Chennai +57 other locations,4.9k,43
608,JSW Bhushan Power & Steel,4.0,(1.6k),Iron & Steel | Jharsuguda +65 other locations,4.9k,--
609,DHL Express,4.1,(1.6k),Logistics | Mumbai +90 other locations,6.1k,--
610,BA Continuum,3.9,(1.6k),IT Services & Consulting | Hyderabad +18 other locations,10.2k,--
611,L.G.Balakrishnan & Bros,3.5,(1.6k),Auto Components | Coimbatore +61 other locations,5.7k,3
612,Procter & Gamble,4.0,(1.6k),FMCG | Mumbai +251 other locations,5.8k,--
613,Compass Group Support Services,4.0,(1.6k),Facility Management Services | Bengaluru +77 other locations,5.4k,33
614,American Broadcasting Company,4.0,(1.6k),Engineering & Construction | Bengaluru +105 other locations,34.2k,4
615,Wipro Enterprises Ltd,3.8,(1.6k),FMCG | Bengaluru +122 other locations,8k,129
616,Johnson & Johnson,4.0,(1.6k),Healthcare | Mumbai +171 other locations,5.8k,19
617,Vardhman Fabrics,4.0,(1.6k),Fashion & Textile | Baddi +63 other locations,5.3k,8
618,Tata Play,3.9,(1.6k),Broadcasting | Mumbai +222 other locations,4.7k,1
619,Matrimony.com,4.0,(1.6k),Internet | Chennai +64 other locations,4.4k,36
620,CG Power and Industrial Solutions,3.8,(1.6k),Electrical Equipment | Bhopal +91 other locations,6.5k,3
621,Patanjali Foods,3.7,(1.6k),FMCG | Haridwar +232 other locations,4.4k,14
622,Hero Motors Company,3.9,(1.6k),Automobile | Ghaziabad +231 other locations,6.1k,2
623,Chegg,4.1,(1.6k),EdTech | New Delhi +77 other locations,3.9k,5
624,Belrise Industries,3.7,(1.6k),Auto Components | Pune +58 other locations,6k,14
625,Clover Infotech,3.4,(1.6k),IT Services & Consulting | Mumbai +22 other locations,11.7k,123
626,Arvind Group,4.0,(1.6k),Fashion & Textile | Ahmedabad +91 other locations,5.2k,--
627,Suryoday Small Finance Bank,4.0,(1.6k),Banking | Mumbai +232 other locations,4.6k,5
628,CMA CGM,3.9,(1.6k),Ports & Shipping | Chennai +37 other locations,8k,17
629,Krishna Maruti,3.8,(1.6k),Auto Components | Gurugram +50 other locations,5.1k,7
630,HERE Technologies,3.8,(1.6k),IT Services & Consulting | Mumbai +19 other locations,7.6k,12
631,Tata 1mg,3.6,(1.6k),Internet | Gurugram +62 other locations,6.9k,76
632,ReNew,4.2,(1.6k),Power | Gurugram +105 other locations,6.2k,65
633,NielsenIQ,3.5,(1.6k),Analytics & KPO | Chennai +54 other locations,9.7k,39
634,Marico,3.8,(1.6k),FMCG | Mumbai +183 other locations,5.6k,20
635,IIFL SAMASTA,3.7,(1.6k),NBFC | Bengaluru +397 other locations,3.2k,8
636,Coronis Ajuba Solutions,3.9,(1.6k),BPO | Chennai +31 other locations,5.6k,40
637,Toyota Kirloskar Motor,4.3,(1.6k),Automobile | Bengaluru +90 other locations,4.5k,--
638,PharmEasy,3.7,(1.6k),Internet | Bengaluru +70 other locations,6.5k,--
639,Godrej Industries Group,3.9,(1.6k),Real Estate | Mumbai +149 other locations,3k,3
640,Dixon Technologies,3.9,(1.6k),Electronics Manufacturing | Noida +46 other locations,5.7k,21
641,Goldman Sachs,3.3,(1.6k),Financial Services | Bengaluru +22 other locations,20k,340
642,Welspun Living Limited,3.9,(1.6k),Fashion & Textile | Anjar +86 other locations,5k,--
643,Wockhardt,3.8,(1.6k),Pharma | Chhatrapati Sambhajinagar +84 other locations,4.1k,9
644,Honda,4.1,(1.6k),Automobile | Gurugram +228 other locations,4k,4
645,Shriram Life Insurance,3.5,(1.6k),Insurance | Hyderabad +325 other locations,4.8k,26
646,Satin Creditcare Network,3.9,(1.6k),NBFC | Gurugram +326 other locations,3.1k,3
647,Emami,3.8,(1.6k),FMCG | Kolkata +175 other locations,5.2k,9
648,Veritas Finance,4.3,(1.6k),NBFC | Chennai +298 other locations,2.1k,--
649,Teva Pharmaceuticals,3.9,(1.6k),Pharma | Bengaluru +52 other locations,5.6k,24
650,ZF Commercial Vehicle Control Systems,3.8,(1.6k),Auto Components | Chennai +48 other locations,3.8k,--
651,iOPEX Technologies,3.2,(1.6k),IT Services & Consulting | Chennai +16 other locations,5.9k,44
652,Mercer,3.6,(1.5k),Management Consulting | New Delhi +17 other locations,9.8k,240
653,Supreme Industries,4.1,(1.5k),Petrochemicals | Gwalior +123 other locations,5.7k,--
654,KFC,4.0,(1.5k),Hospitality | New Delhi +173 other locations,3k,--
655,Sanofi,4.0,(1.5k),Pharma | Hyderabad +92 other locations,5.6k,130
656,Asahi India Glass,3.8,(1.5k),Auto Components | Chennai +87 other locations,5.2k,4
657,Relaxo Footwear,4.0,(1.5k),Fashion & Textile | New Delhi +158 other locations,4.7k,39
658,Urban Company,3.3,(1.5k),Internet | Gurugram +59 other locations,6.6k,89
659,Broadridge Financial Solutions,3.8,(1.5k),FinTech | Hyderabad +14 other locations,10.8k,47
660,Cemindia Projects,4.2,(1.5k),Engineering & Construction | Kolkata +88 other locations,2.9k,4
661,IFB,3.6,(1.5k),Consumer Electronics & Appliances | Bengaluru +177 other locations,5.4k,--
662,Amul India,4.0,(1.5k),Food Processing | Ahmedabad +205 other locations,4.1k,1
663,Bajaj Capital,3.6,(1.5k),Financial Services | New Delhi +173 other locations,3.7k,540
664,IndiaFirst Life Insurance,3.8,(1.5k),Insurance | Mumbai +245 other locations,3.8k,43
665,Health Care Global Enterprises,4.3,(1.5k),Healthcare | Bengaluru +53 other locations,2.8k,84
666,Marriott International,4.1,(1.5k),Hospitality | Bengaluru +90 other locations,4.6k,1.8k
667,Dainik Bhaskar Group,4.2,(1.5k),Printing & Publishing | Bhopal +137 other locations,4.4k,345
668,Suguna Foods,4.0,(1.5k),Food Processing | Coimbatore +204 other locations,4.1k,20
669,Gujarat Fluorochemicals,3.9,(1.5k),Chemicals | Bharuch +32 other locations,6.6k,16
670,HCL Infosystems,4.0,(1.5k),IT Services & Consulting | Noida +105 other locations,7.1k,1
671,Nayara Energy,4.2,(1.5k),Oil & Gas | Jamnagar +98 other locations,6k,27
672,Kotak Mahindra Prime,3.9,(1.5k),NBFC | Mumbai +173 other locations,5.1k,--
673,Hinduja Leyland Finance,3.9,(1.5k),NBFC | Chennai +299 other locations,2.8k,6
674,Muthoot Microfin,4.2,(1.5k),NBFC | Kochi +408 other locations,2.4k,9
675,Tesco,3.6,(1.5k),Retail | Bengaluru +17 other locations,8.9k,6
676,XL Dynamics,3.6,(1.5k),IT Services & Consulting | Mumbai +32 other locations,3.6k,10
677,Bisleri,4.2,(1.5k),Beverage | Mumbai +179 other locations,4.3k,23
678,SHYAM METALICS AND ENERGY,3.4,(1.5k),Metals & Mining | Kolkata +75 other locations,4.7k,5
679,Patra India,3.6,(1.5k),BPO | Visakhapatnam +26 other locations,6k,5
680,Lumax Industries,3.9,(1.5k),Auto Components | Gurugram +41 other locations,5.6k,15
681,Oracle Cerner,3.4,(1.5k),Software Product | Bengaluru +7 other locations,10.1k,--
682,Steel Strips Wheels,3.7,(1.5k),Auto Components | Chennai +51 other locations,5.5k,3
683,Evalueserve,3.0,(1.5k),Analytics & KPO | Gurugram +15 other locations,10.2k,38
684,GMR Group,3.9,(1.5k),Engineering & Construction | New Delhi +72 other locations,4.5k,10
685,Piramal Pharma,4.0,(1.5k),Pharma | Mumbai +83 other locations,6.4k,42
686,Canara Bank,3.6,(1.5k),Banking | Bengaluru +222 other locations,4k,--
687,Tata Consumer Products,3.5,(1.5k),FMCG | Bengaluru +221 other locations,5.7k,3
688,Karur Vysya Bank,3.5,(1.5k),Banking | Chennai +189 other locations,4.7k,12
689,GE VERNOVA,4.1,(1.5k),Power | Bengaluru +83 other locations,5.3k,307
690,Max Fashion,4.0,(1.5k),Retail | Bengaluru +153 other locations,3.4k,8
691,SAI Life Sciences,3.9,(1.5k),Clinical Research | Hyderabad +26 other locations,6k,43
692,Ashoka Buildcon,4.1,(1.5k),Engineering & Construction | Nashik +155 other locations,4.1k,--
693,Page Industries,4.1,(1.5k),Fashion & Textile | Bengaluru +164 other locations,4.8k,4
694,QualityKiosk Technologies,3.2,(1.5k),IT Services & Consulting | Mumbai +20 other locations,11.1k,206
695,Honeywell Technology Solutions,3.7,(1.5k),Industrial Automation | Bengaluru +18 other locations,11.4k,--
696,Tanishq,4.1,(1.5k),Jewellery | Kolkata +236 other locations,3.1k,1
697,Taurus BPO Services,4.1,(1.4k),BPO | Pune +23 other locations,952,1
698,Wheelseye Technology,3.4,(1.4k),Internet | Gurugram +225 other locations,3.8k,18
699,Tata AutoComp Systems,3.8,(1.4k),Auto Components | Pune +44 other locations,6.7k,49
700,Gland Pharma,4.0,(1.4k),Pharma | Hyderabad +35 other locations,6k,6
701,Tata Group,4.2,(1.4k),IT Services & Consulting | Mumbai +170 other locations,5.5k,--
702,Sonata Software,3.4,(1.4k),IT Services & Consulting | Bengaluru +16 other locations,11.2k,163
703,ISS Facility Services,4.0,(1.4k),Facility Management Services | Mumbai +66 other locations,4.1k,8
704,Oberoi Group of Hotels,4.1,(1.4k),Hospitality | New Delhi +38 other locations,3.8k,--
705,Devyani International,3.8,(1.4k),Hospitality | New Delhi +135 other locations,3.4k,12
706,Daimler India Commercial Vehicles,3.9,(1.4k),Automobile | Chennai +48 other locations,6.7k,8
707,Indoco Remedies,3.5,(1.4k),Pharma | Mumbai +83 other locations,5.6k,2
708,Aon,3.8,(1.4k),Management Consulting | Gurugram +25 other locations,6.1k,35
709,Airtel Payments Bank,3.8,(1.4k),Banking | Gurugram +331 other locations,4.9k,19
710,Valeo,4.0,(1.4k),Auto Components | Chennai +23 other locations,7.9k,131
711,V5 Global Services,3.9,(1.4k),Recruitment | New Delhi +215 other locations,3.6k,--
712,NIIT,3.5,(1.4k),Education & Training | Gurugram +101 other locations,6k,33
713,Narayana Educational Society,3.5,(1.4k),Education & Training | Hyderabad +144 other locations,4.1k,3
714,Hyatt Regency,4.0,(1.4k),Hospitality | New Delhi +50 other locations,3k,3
715,Heritage Foods,4.0,(1.4k),Food Processing | Hyderabad +126 other locations,3.7k,40
716,Acmegrade,3.9,(1.4k),EdTech | Bengaluru +21 other locations,273,--
717,Bharat Forge,3.8,(1.4k),Auto Components | Pune +28 other locations,6.4k,3
718,Acuity Analytics,3.2,(1.4k),Analytics & KPO | Bengaluru +16 other locations,12.1k,95
719,Apco Infratech,3.7,(1.4k),Engineering & Construction | Lucknow +95 other locations,4.3k,36
720,Amneal Pharmaceuticals,4.2,(1.4k),Pharma | Ahmedabad +44 other locations,6k,36
721,Agilus Diagnostics,4.1,(1.4k),Healthcare | Mumbai +136 other locations,3.3k,11
722,PNB Housing Finance,3.8,(1.4k),NBFC | New Delhi +168 other locations,4.6k,1
723,Apexon,3.3,(1.4k),IT Services & Consulting | Bengaluru +21 other locations,9.3k,115
724,Happiest Minds Technologies,3.4,(1.4k),IT Services & Consulting | Bengaluru +17 other locations,12.3k,411
725,SBFC Finance,3.8,(1.4k),NBFC | Mumbai +217 other locations,2.8k,63
726,Sony,4.1,(1.4k),Consumer Electronics & Appliances | New Delhi +145 other locations,4.6k,6
727,IDC Technologies,3.1,(1.4k),IT Services & Consulting | Noida +66 other locations,6.9k,1
728,Tieto,4.2,(1.4k),IT Services & Consulting | Pune +14 other locations,9.5k,59
729,Chandigarh University,4.2,(1.4k),Education & Training | Chandigarh +48 other locations,2.8k,96
730,Jaquar,4.0,(1.4k),Building Material | Gurugram +114 other locations,5.1k,8
731,Morningstar,3.7,(1.4k),Financial Services | Mumbai +18 other locations,9.9k,32
732,AB InBev India,3.3,(1.4k),Beverage | Bengaluru +77 other locations,7.8k,96
733,CIE Automotive India Limited (Formerly known as Mahindra CIE Automotive Limited),3.6,(1.4k),Auto Components | Pune +47 other locations,4.9k,--
734,Aumovio,3.8,(1.4k),Auto Components | Bengaluru +21 other locations,9.2k,11
735,Altimetrik,3.5,(1.4k),IT Services & Consulting | Bengaluru +14 other locations,11.7k,64
736,Labmentix,4.5,(1.4k),Bengaluru +31 other locations,30,--
737,J. Kumar Infraprojects,4.1,(1.4k),Engineering & Construction | Mumbai +41 other locations,4.4k,5
738,The Muthoot Group,3.6,(1.4k),Financial Services | New Delhi +310 other locations,3.7k,--
739,TCS iON,3.8,(1.4k),IT Services & Consulting | Chennai +115 other locations,4k,--
740,Indegene,3.3,(1.4k),Analytics & KPO | Bengaluru +32 other locations,9.4k,31
741,Amara Raja Energy & Mobility,4.0,(1.4k),Auto Components | Tirupati +92 other locations,4k,--
742,Slk Software Services,3.2,(1.4k),IT Services & Consulting | Bengaluru +15 other locations,9.3k,328
743,Xiaomi,3.8,(1.4k),Consumer Electronics & Appliances | Bengaluru +212 other locations,5.7k,--
744,Vfs Global Services,3.4,(1.4k),IT Services & Consulting | Mumbai +32 other locations,4.2k,12
745,Adobe,3.7,(1.4k),Software Product | Bengaluru +21 other locations,12.7k,190
746,VLCC,3.3,(1.4k),Beauty & Personal Care | New Delhi +111 other locations,3.3k,36
747,Unisys,3.5,(1.4k),IT Services & Consulting | Bengaluru +18 other locations,10k,158
748,Infogain,3.5,(1.4k),IT Services & Consulting | Bengaluru +23 other locations,11k,65
749,Nykaa,3.4,(1.4k),Internet | Mumbai +115 other locations,6.5k,9
750,Sansera Engineering,4.0,(1.4k),Auto Components | Bengaluru +28 other locations,5.5k,20
751,FedEx Express,4.0,(1.4k),Logistics | Mumbai +94 other locations,5k,49
752,DCM Shriram,4.1,(1.4k),Chemicals | Bharuch +109 other locations,4.8k,14
753,AtkinsRealis,3.7,(1.4k),Engineering & Construction | Bengaluru +54 other locations,5.9k,316
754,Kantar,3.5,(1.4k),Analytics & KPO | Bengaluru +44 other locations,6.6k,8
755,Oracle Financial Services Software,3.4,(1.4k),Software Product | Bengaluru +21 other locations,10.9k,--
756,MedPlus,3.6,(1.4k),Retail | Hyderabad +140 other locations,4.2k,31
757,Faurecia,3.9,(1.4k),Auto Components | Pune +28 other locations,6k,9
758,Sheenlac Paints,4.2,(1.4k),Chemicals | Chennai +162 other locations,1.7k,--
759,Eaton,4.0,(1.4k),Electronics Manufacturing | Pune +22 other locations,7.9k,1
760,Paytm Payments Bank,3.8,(1.4k),Banking | Noida +137 other locations,5.7k,1
761,Sharekhan,3.7,(1.3k),Financial Services | Mumbai +113 other locations,5.1k,73
762,Amity University,3.6,(1.3k),Education & Training | Noida +87 other locations,5.2k,68
763,EOSGlobe,2.9,(1.3k),BPO | Mumbai +29 other locations,3.9k,9
764,Aforeserve,3.4,(1.3k),IT Services & Consulting | Mumbai +158 other locations,3.6k,16
765,Fino Payments Bank,3.8,(1.3k),Banking | Mumbai +271 other locations,3.9k,9
766,Worley,4.1,(1.3k),Engineering & Construction | Mumbai +56 other locations,7.3k,97
767,Chetu,3.6,(1.3k),Software Product | Noida +14 other locations,7.4k,3
768,VOIS,3.8,(1.3k),IT Services & Consulting | Pune +21 other locations,8.1k,27
769,Bajaj Housing Finance,3.6,(1.3k),NBFC | Pune +169 other locations,5.8k,72
770,TEKsystems,3.2,(1.3k),IT Services & Consulting | Bengaluru +18 other locations,10.7k,30
771,City Union Bank,3.0,(1.3k),Banking | Chennai +192 other locations,5.8k,10
772,DEXIT Global,3.5,(1.3k),IT Services & Consulting | Mumbai +151 other locations,6k,--
773,JioMart,3.9,(1.3k),Retail | Mumbai +297 other locations,4.1k,--
774,iMerit,3.2,(1.3k),IT Services & Consulting | Kolkata +22 other locations,5.4k,8
775,TÜV SÜD,3.9,(1.3k),"Testing, Inspection and Certification (TIC) | Bengaluru +126 other locations",3.7k,130
776,Bharat FIH,3.7,(1.3k),Electronics Manufacturing | Chennai +39 other locations,5.3k,--
777,Novo Nordisk,3.6,(1.3k),Pharma | Bengaluru +73 other locations,6.3k,153
778,Fusion Finance,3.9,(1.4k),NBFC | New Delhi +330 other locations,3k,7
779,Big Bazaar,4.3,(1.3k),Retail | New Delhi +159 other locations,2.2k,--
780,Collabera Talent Solutions,3.5,(1.3k),Recruitment | Bengaluru +43 other locations,6.9k,18
781,mPokket,4.4,(1.3k),NBFC | Kolkata +21 other locations,1.5k,8
782,Iffco Tokio General Insurance Co.,3.8,(1.3k),Insurance | Gurugram +279 other locations,4k,--
783,Rashmi Metaliks,3.2,(1.3k),Iron & Steel | Kharagpur +42 other locations,4.6k,8
784,Sunknowledge Services,3.5,(1.3k),BPO | Kolkata +13 other locations,3.7k,24
785,GE,4.1,(1.3k),Defence & Aerospace | Bengaluru +76 other locations,7.4k,58
786,Unichem Laboratories,3.7,(1.3k),Pharma | Ghaziabad +76 other locations,5.1k,20
787,Incedo,3.0,(1.3k),IT Services & Consulting | Gurugram +13 other locations,10k,48
788,JSW Cement,4.0,(1.3k),Building Material | Mumbai +142 other locations,4.3k,--
789,Aptara,3.1,(1.3k),Content Development | Noida +14 other locations,6.3k,6
790,Burger King,3.9,(1.3k),Hospitality | New Delhi +109 other locations,3.5k,11
791,Citco,3.1,(1.3k),Management Consulting | Pune +13 other locations,9.1k,31
792,Hindware Limited,3.9,(1.3k),Building Material | Hyderabad +134 other locations,4.6k,6
793,FDC,3.7,(1.3k),Pharma | Mumbai +126 other locations,3.8k,--
794,TE Connectivity,4.1,(1.3k),Electronics Manufacturing | Bengaluru +22 other locations,7.3k,199
795,INDIUM,4.0,(1.3k),IT Services & Consulting | Chennai +13 other locations,6.9k,93
796,Aerial Telecom Solutions,4.1,(1.3k),Telecom | Sahibzada Ajit Singh Nagar +110 other locations,2.2k,19
797,ZF Steering Gear,3.7,(1.3k),Auto Components | Pune +34 other locations,7.2k,8
798,ManpowerGroup,3.7,(1.3k),Recruitment | Bengaluru +148 other locations,5.1k,12
799,The Ramco Cements,4.0,(1.3k),Building Material | Chennai +123 other locations,4.1k,--
800,CreditAccess Grameen,4.0,(1.3k),NBFC | Bengaluru +343 other locations,2.5k,15
801,Bluestock ™,4.5,(1.3k),FinTech | Pune +43 other locations,57,--
802,Spicejet,3.4,(1.3k),Aviation | New Delhi +60 other locations,5.1k,--
803,Atul,3.9,(1.3k),Chemicals | Valsad +64 other locations,5.2k,4
804,Hatsun Agro Product,3.8,(1.3k),Food Processing | Chennai +127 other locations,4.6k,10
805,VIBGYOR Group of Schools,3.5,(1.3k),Education & Training | Bengaluru +37 other locations,4.2k,275
806,RBL FinServe,3.9,(1.3k),Financial Services | Mumbai +364 other locations,3k,--
807,Grant Thornton,3.4,(1.3k),Accounting & Auditing | Bengaluru +59 other locations,11.2k,267
808,Nippon Paint India,4.0,(1.3k),Chemicals | Chennai +163 other locations,4k,--
809,R Systems International,3.5,(1.3k),IT Services & Consulting | Noida +23 other locations,7.4k,27
810,GEP Worldwide,3.6,(1.3k),IT Services & Consulting | Mumbai +17 other locations,9.1k,8
811,Cinépolis,3.8,(1.3k),Media & Entertainment | New Delhi +59 other locations,2.9k,19
812,Shubham Housing Development Finance,3.9,(1.3k),NBFC | New Delhi +158 other locations,2.9k,6
813,Fabindia,3.8,(1.3k),Retail | New Delhi +82 other locations,4k,2
814,Brillio,3.4,(1.3k),IT Services & Consulting | Bengaluru +14 other locations,10.4k,21
815,Punjab National Bank,3.8,(1.3k),Banking | New Delhi +216 other locations,2.9k,--
816,Hindustan Construction Company,4.3,(1.3k),Engineering & Construction | Mumbai +94 other locations,3.2k,5
817,Pantaloons,4.1,(1.3k),Retail | Mumbai +155 other locations,2.8k,--
818,CenturyPly,3.8,(1.3k),Furniture & Furnishing | Kolkata +143 other locations,4.3k,28
819,Mondelez International,4.1,(1.3k),Food Processing | Mumbai +198 other locations,4.7k,81
820,OM Logistics,3.9,(1.3k),Logistics | New Delhi +123 other locations,3.7k,9
821,Decathlon,3.6,(1.3k),Retail | Bengaluru +71 other locations,4.1k,3
822,Luminous Power Technologies,4.1,(1.3k),Consumer Electronics & Appliances | Gurugram +135 other locations,4k,31
823,More Supermarket,3.7,(1.3k),Retail | Bengaluru +161 other locations,3.8k,48
824,Baroda Global Shared Services,3.8,(1.3k),BPO | Gandhinagar +178 other locations,2.9k,36
825,Sigma Electric Manufacturing Corporation,4.0,(1.3k),Industrial Machinery | Pune +23 other locations,2.9k,18
826,AGS Transact Technologies,2.8,(1.3k),FinTech | Mumbai +122 other locations,3.8k,--
827,Panasonic,4.0,(1.3k),Consumer Electronics & Appliances | Gurugram +125 other locations,4.8k,18
828,Viraj Profiles,4.0,(1.3k),Iron & Steel | Mumbai +26 other locations,4.5k,7
829,Vestas,4.1,(1.3k),Power | Chennai +50 other locations,5.3k,9
830,Troikaa Pharmaceuticals,4.0,(1.3k),Pharma | Ahmedabad +105 other locations,3.8k,195
831,Jakson Group,4.1,(1.3k),Power | Noida +101 other locations,3.8k,16
832,OpenText Technologies,3.4,(1.2k),Software Product | Bengaluru +14 other locations,11.7k,5
833,Automotive Manufacturers,3.9,(1.2k),Automobile | Hyderabad +148 other locations,5.1k,39
834,Dell EMC,3.8,(1.2k),IT Services & Consulting | Bengaluru +53 other locations,8.8k,--
835,Ion Exchange India,3.8,(1.2k),Waste Management | Mumbai +125 other locations,5k,55
836,Globant,3.4,(1.2k),IT Services & Consulting | Pune +17 other locations,10.1k,74
837,Samsung Research,3.0,(1.2k),IT Services & Consulting | Bengaluru +19 other locations,9.4k,6
838,ICICI Prudential Mutual Fund,3.9,(1.2k),Financial Services | Mumbai +168 other locations,5.6k,--
839,Tenneco,3.6,(1.2k),Auto Components | Pune +45 other locations,5.2k,9
840,Centre for Development of Advanced Computing,3.7,(1.2k),IT Services & Consulting | Pune +41 other locations,6.7k,--
841,Jindal X,3.5,(1.2k),BPO | New Delhi +22 other locations,2.8k,2
842,NetAmbit,4.0,(1.2k),BPO | Noida +144 other locations,3.1k,4
843,ANZ Banking Group,3.8,(1.2k),Banking | Bengaluru +18 other locations,8.2k,12
844,Electronics Corporation of India Limited,4.2,(1.2k),Electronics Manufacturing | Hyderabad +56 other locations,3.1k,--
845,SKF,4.0,(1.2k),Auto Components | Pune +69 other locations,4.5k,49
846,SK Finance Limited,3.8,(1.2k),NBFC | Jaipur +269 other locations,3.4k,--
847,Godrej Consumer Products,4.0,(1.2k),FMCG | Mumbai +149 other locations,4.7k,--
848,Royal Migration Solutions,4.9,(1.2k),Other | Dubai +12 other locations,5,--
849,Astral Pipe,4.0,(1.3k),Building Material | Ahmedabad +142 other locations,4k,44
850,PNC Infratech,3.8,(1.2k),Engineering & Construction | Agra +95 other locations,3.5k,6
851,Oil And Natural Gas Corporation,4.4,(1.2k),Oil & Gas | Mumbai +84 other locations,3k,--
852,Fresenius Kabi,4.0,(1.2k),Pharma | Pune +64 other locations,4k,24
853,T-Systems ICT India,3.8,(1.2k),IT Services & Consulting | Pune +16 other locations,8.5k,10
854,R.V.R. PROJECTS,3.9,(1.2k),Engineering & Construction | Hyderabad +211 other locations,1.7k,16
855,Intertek,3.7,(1.2k),"Testing, Inspection and Certification (TIC) | New Delhi +114 other locations",4k,68
856,Apex Group,2.7,(1.2k),Financial Services | Pune +28 other locations,7.7k,257
857,iSON Xperiences,3.2,(1.2k),BPO | Chennai +43 other locations,3.3k,9
858,Synchrony,4.3,(1.2k),Financial Services | Hyderabad +9 other locations,5.5k,33
859,Rupeek,4.1,(1.2k),FinTech | Bengaluru +57 other locations,3.3k,23
860,Mu Sigma,2.4,(1.2k),Analytics & KPO | Bengaluru +16 other locations,6.7k,--
861,Aarvee Associates,3.7,(1.2k),Engineering & Construction | Hyderabad +170 other locations,3.2k,--
862,Spandana Sphoorty Financial,3.7,(1.2k),NBFC | Hyderabad +351 other locations,2.3k,6
863,Shriram Pistons & Rings,4.1,(1.2k),Auto Components | Bhiwadi +61 other locations,4.5k,3
864,H.G. Infra Engineering,4.0,(1.2k),Engineering & Construction | Jaipur +99 other locations,3.1k,--
865,Zoho,4.2,(1.2k),Software Product | Chennai +35 other locations,9.4k,--
866,AIIMS,4.1,(1.2k),Education & Training | New Delhi +74 other locations,4.5k,--
867,Prodapt,3.5,(1.2k),IT Services & Consulting | Chennai +16 other locations,9.5k,117
868,Dassault Systemes,3.8,(1.2k),Software Product | Pune +12 other locations,7k,4
869,Qualcomm,3.7,(1.2k),Semiconductors | Hyderabad +18 other locations,14.4k,259
870,Wind World,4.0,(1.2k),Power | Jaisalmer +82 other locations,3.2k,3
871,PHN Technology,4.3,(1.2k),EdTech | Pune +32 other locations,353,6
872,Best Sellers,4.1,(1.2k),Retail | Mumbai +92 other locations,3k,3
873,KIMS Hospital,3.8,(1.2k),Healthcare | Hyderabad +60 other locations,3.5k,4
874,Parexel International,3.8,(1.2k),Clinical Research | Hyderabad +25 other locations,5.9k,--
875,Kalpataru Limited,4.2,(1.2k),Real Estate | Mumbai +82 other locations,4.4k,29
876,Rockman Industries,3.9,(1.2k),Auto Components | Haridwar +41 other locations,3.8k,9
877,DENSO,4.1,(1.2k),Auto Components | Gurugram +39 other locations,3.7k,1
878,EbixCash Limited,3.7,(1.2k),Software Product | Noida +85 other locations,5.2k,3
879,Fidelity Investments,4.1,(1.2k),Financial Services | Bengaluru +19 other locations,8k,--
880,Kirloskar Oil Engines,4.1,(1.2k),Industrial Machinery | Pune +105 other locations,4k,11
881,Fidelity National Financial,3.7,(1.2k),Financial Services | Bengaluru +15 other locations,6.1k,3
882,FOCUS EDUMATICS,2.9,(1.2k),EdTech | Coimbatore +35 other locations,3k,--
883,JK Lakshmi Cement,3.7,(1.2k),Building Material | New Delhi +140 other locations,3.7k,1
884,Diageo,3.8,(1.2k),Beverage | Bengaluru +97 other locations,6.2k,22
885,ExcelR,3.7,(1.2k),Education & Training | Bengaluru +24 other locations,1k,51
886,Intel,4.1,(1.2k),Semiconductors | Bengaluru +37 other locations,9.1k,88
887,Leadec India,4.1,(1.2k),Facility Management Services | Pune +80 other locations,3.5k,14
888,DLF,3.9,(1.2k),Real Estate | Gurugram +35 other locations,4.7k,3
889,JTEKT,4.1,(1.2k),Auto Components | Gurugram +30 other locations,4.3k,--
890,Ahluwalia Contracts India,4.0,(1.2k),Engineering & Construction | New Delhi +57 other locations,3.5k,19
891,Colliers India,3.9,(1.2k),Real Estate | Bengaluru +46 other locations,4.8k,108
892,Strides Pharma,3.9,(1.2k),Pharma | Bengaluru +43 other locations,4.2k,--
893,DP World,3.8,(1.2k),Logistics | Mumbai +83 other locations,4.8k,157
894,ACG Worldwide,3.8,(1.2k),Pharma | Mumbai +31 other locations,3.9k,56
895,Barclays Shared Services,3.8,(1.2k),Financial Services | Chennai +16 other locations,4.8k,936
896,Baazar Retail Private Limited,4.5,(1.2k),Retail | Kolkata +109 other locations,1.5k,--
897,Indostar Capital Finance Limited,4.3,(1.2k),NBFC | Mumbai +323 other locations,2k,--
898,Xyz Company,3.8,(1.2k),Financial Services | Bengaluru +95 other locations,44.6k,--
899,Thyrocare Technologies,3.8,(1.2k),Healthcare | Mumbai +75 other locations,4.3k,4
900,The Jaypee Group,3.8,(1.1k),Engineering & Construction | Noida +106 other locations,3.4k,3
901,Coca-Cola Company,4.0,(1.1k),Beverage | Bengaluru +209 other locations,3.2k,9
902,Nielsen,3.2,(1.1k),Analytics & KPO | Bengaluru +74 other locations,6.4k,2
903,Electronica Finance,4.2,(1.1k),NBFC | Pune +173 other locations,2.8k,11
904,Salesforce,3.9,(1.1k),Software Product | Hyderabad +40 other locations,13.1k,260
905,Ocwen Financial Solutions,3.9,(1.1k),Financial Services | Bengaluru +9 other locations,4.4k,5
906,PayPal,3.7,(1.1k),FinTech | Bengaluru +15 other locations,9.7k,--
907,Innova Solutions,3.3,(1.1k),IT Services & Consulting | Hyderabad +37 other locations,7.9k,78
908,Podar International School,4.1,(1.1k),Education & Training | Mumbai +124 other locations,3.1k,4
909,Edelweiss,3.6,(1.1k),Financial Services | Mumbai +113 other locations,5.6k,--
910,Johnson Lifts,3.9,(1.1k),Industrial Machinery | Chennai +75 other locations,3.6k,17
911,DISH TV,3.4,(1.1k),Broadcasting | Noida +153 other locations,3.3k,22
912,Nilkamal,3.6,(1.1k),Furniture & Furnishing | Mumbai +112 other locations,3.6k,12
913,Zetwerk,4.0,(1.1k),Industrial Machinery | Bengaluru +120 other locations,4k,38
914,Hire In Global,4.9,(1.1k),Recruitment | Mumbai +55 other locations,8,--
915,Apollo Health and Lifestyle Limited,4.3,(1.1k),Healthcare | Hyderabad +93 other locations,3.4k,35
916,Bajaj Motors,3.9,(1.1k),Auto Components | Gurugram +90 other locations,3.3k,--
917,HFCL Limited,3.7,(1.1k),Telecom | Hyderabad +111 other locations,4.1k,22
918,MDIndia Health Insurance TPA,3.6,(1.1k),Insurance | Pune +94 other locations,3.7k,46
919,Federal Bank,3.6,(1.1k),Banking | Mumbai +151 other locations,5.6k,--
920,Aparna Constructions and Estates,3.9,(1.1k),Real Estate | Hyderabad +21 other locations,3.9k,39
921,Prism Johnson,3.7,(1.1k),Building Material | Mumbai +145 other locations,4.4k,--
922,Schaeffler India,4.0,(1.1k),Auto Components | Vadodara +27 other locations,5.4k,7
923,CaratLane - A Tata Product,4.0,(1.1k),Jewellery | Chennai +87 other locations,2.9k,63
924,Sri Chaitanya Techno Schools,3.4,(1.1k),Education & Training | Bengaluru +166 other locations,3.4k,1
925,Birla Corporation,4.1,(1.1k),Building Material | Satna +143 other locations,3.7k,1
926,NxtWave,3.4,(1.1k),EdTech | Hyderabad +52 other locations,2.9k,216
927,Meril,3.6,(1.1k),Medical Equipment | Vapi +82 other locations,4.8k,44
928,Dhoot Transmission,3.7,(1.1k),Auto Components | Chhatrapati Sambhajinagar +42 other locations,3.9k,16
929,Indira IVF Hospital,4.0,(1.1k),Healthcare | Mumbai +105 other locations,2.9k,79
930,Imperial Auto Industries,3.8,(1.1k),Auto Components | Faridabad +38 other locations,4.8k,5
931,London Stock Exchange Group,3.7,(1.1k),Financial Services | Bengaluru +11 other locations,10.6k,28
932,Biocon Biologics,3.7,(1.1k),Biotechnology | Bengaluru +27 other locations,6.6k,3
933,Edelweiss Life Insurance,3.7,(1.1k),Insurance | Mumbai +123 other locations,3.7k,35
934,Aptiv,3.5,(1.1k),Auto Components | Bengaluru +26 other locations,8k,8
935,INDO-MIM,4.0,(1.1k),Metals & Mining | Bengaluru +34 other locations,4.2k,6
936,Piaggio,3.6,(1.1k),Automobile | Pune +82 other locations,3.8k,7
937,Deccan Fine Chemicals,3.6,(1.1k),Agro Chemicals | Tuni +31 other locations,5k,6
938,Barbeque Nation,3.9,(1.1k),Hospitality | Bengaluru +83 other locations,2.6k,8
939,Wistron,4.0,(1.1k),Electronics Manufacturing | Bengaluru +22 other locations,5.2k,--
940,Jacobs Engineering Group,4.2,(1.1k),Engineering & Construction | Mumbai +42 other locations,5k,34
941,ICON Plc,4.0,(1.1k),Clinical Research | Chennai +27 other locations,4.3k,103
942,Balkrishna Industries,4.0,(1.1k),Auto Components | Bhuj +32 other locations,4.1k,--
943,VMware Software,4.4,(1.1k),Software Product | Bengaluru +18 other locations,9.1k,18
944,Onward Technologies Inc,2.9,(1.1k),IT Services & Consulting | Pune +63 other locations,6k,35
945,Motilal Oswal Home Finance,4.3,(1.1k),NBFC | Mumbai +127 other locations,1.3k,--
946,Saipem,4.2,(1.1k),Engineering & Construction | Chennai +41 other locations,3.3k,3
947,Jabil Circuit India,4.0,(1.1k),Electronics Manufacturing | Pune +30 other locations,4.2k,78
948,Hyundai Mobis,3.7,(1.1k),Auto Components | Chennai +47 other locations,5.1k,15
949,Kohler,3.7,(1.1k),Building Material | Pune +52 other locations,4.9k,7
950,Sundaram Finance,4.0,(1.1k),NBFC | Chennai +248 other locations,2.9k,17
951,Navitasys India,4.1,(1.1k),Electronics Manufacturing | Bawal +25 other locations,2.7k,--
952,Advantmed,4.2,(1.1k),Healthcare | Ahmedabad +15 other locations,2.7k,22
953,Zydus Wellness,4.1,(1.1k),FMCG | Ahmedabad +129 other locations,2.8k,36
954,V2 Retail,3.4,(1.1k),Retail | New Delhi +129 other locations,2.6k,51
955,Unicharm,3.9,(1.1k),FMCG | Gurugram +188 other locations,2.8k,6
956,TK Elevator,3.8,(1.1k),Industrial Machinery | Pune +80 other locations,4.2k,8
957,Wonder Home Finance,4.6,(1.1k),NBFC | Jaipur +117 other locations,722,3
958,Asirvad Microfinance,3.8,(1.1k),NBFC | Chennai +313 other locations,2.2k,8
959,Stanza Living,3.0,(1.1k),Internet | Bengaluru +36 other locations,3.6k,9
960,Hikal,3.8,(1.1k),Pharma | Bengaluru +22 other locations,4.6k,52
961,Sri Chaitanya Educational Institutions,3.7,(1.1k),Education & Training | Hyderabad +103 other locations,3k,3
962,Kirloskar Brothers,3.8,(1.1k),Industrial Machinery | Pune +73 other locations,4.3k,25
963,Jet Airways,4.6,(1.1k),Aviation | Mumbai +44 other locations,1.9k,--
964,Air India Sats Airport Services,3.6,(1.1k),Aviation | New Delhi +48 other locations,2.4k,2
965,Syngenta,4.2,(1.1k),Agriculture | Pune +173 other locations,3.6k,33
966,CALIBEHR,4.0,(1.1k),IT Services & Consulting | Mumbai +182 other locations,2.7k,18
967,Amazon Sellers Services,4.0,(1.1k),Internet | Bengaluru +69 other locations,2.4k,--
968,Svatantra Microfin,3.9,(1.1k),NBFC | Mumbai +326 other locations,2.1k,2
969,Adani Ports and SEZ,3.7,(1.1k),Ports & Shipping | Mundra +61 other locations,3.9k,--
970,Godrej Agrovet,3.9,(1.1k),Agriculture | Mumbai +145 other locations,3.4k,--
971,MAHLE ANAND Filter Systems,4.0,(1.1k),Auto Components | Pune +39 other locations,3.4k,--
972,GAIL,4.4,(1.1k),Oil & Gas | New Delhi +102 other locations,3.2k,--
973,Tube Investments of India,3.8,(1.1k),Engineering & Construction | Chennai +63 other locations,3.6k,22
974,Aarvi Encon,3.9,(1.1k),Recruitment | Mumbai +130 other locations,2.9k,--
975,Nexa,4.0,(1.1k),Automobile | New Delhi +215 other locations,2.3k,--
976,Gmmco,4.0,(1.1k),Industrial Machinery | Chennai +90 other locations,2.9k,8
977,Metropolis Healthcare,3.9,(1.1k),Healthcare | Mumbai +101 other locations,3.6k,--
978,Northcorp Software,4.8,(1.1k),IT Services & Consulting | Gurugram +7 other locations,212,5
979,MG Motor,3.8,(1.1k),Automobile | Vadodara +99 other locations,4.7k,17
980,Vedanta Aluminium,3.8,(1.1k),Metals & Mining | Jharsuguda +45 other locations,4.6k,--
981,Power Grid Corporation of India,4.3,(1.1k),Power | Gurugram +235 other locations,2k,--
982,Knorr-Bremse,3.3,(1.1k),Auto Components | Pune +30 other locations,5k,6
983,HPCL-Mittal Energy Limited,4.3,(1.1k),Petrochemicals | Bathinda +30 other locations,4.6k,--
984,Vayona Energy,4.0,(1.1k),Power | Bengaluru +68 other locations,5k,110
985,1point1 Solutions,3.3,(1k),BPO | Bengaluru +18 other locations,3.1k,65
986,Pernod Ricard,3.4,(1k),Beverage | Gurugram +119 other locations,4.3k,7
987,Klm Axiva Finvest,4.4,(1k),NBFC | Bengaluru +158 other locations,768,5
988,TKIL,4.1,(1k),Industrial Machinery | Pune +61 other locations,4.5k,11
989,TÜV NORD,3.8,(1k),"Testing, Inspection and Certification (TIC) | Pune +85 other locations",4k,39
990,Bajaj Capital Insurance Broking Limited,4.4,(1k),Insurance | New Delhi +139 other locations,1.2k,16
991,Spencer's Retail,3.8,(1k),Retail | Kolkata +63 other locations,2.8k,--
992,Zf Rane Automotive,3.9,(1k),Auto Components | Chennai +50 other locations,3.8k,--
993,Kinara Capital,4.2,(1k),NBFC | Bengaluru +114 other locations,2.2k,35
994,Bharat Sanchar Nigam,3.9,(1k),Telecom | Bengaluru +241 other locations,2.5k,--
995,Tata Capital Housing Finance,3.9,(1k),NBFC | Mumbai +168 other locations,3.1k,--
996,Thermo Fisher Scientific,3.7,(1k),Biotechnology | Bengaluru +35 other locations,6.5k,153
997,Dana Anand,4.0,(1k),Auto Components | Pune +47 other locations,2.9k,--
998,GlobalData,3.4,(1k),Analytics & KPO | Hyderabad +22 other locations,5.6k,33
999,Aspire Systems,3.8,(1k),IT Services & Consulting | Chennai +23 other locations,9.7k,56
1000,Greenko Group,3.9,(1k),Power | Hyderabad +82 other locations,3.7k,3
1001,Nippon Life India Asset Management,4.6,(1k),Financial Services | Mumbai +188 other locations,1.6k,90
1002,Hindustan Zinc,3.8,(1k),Metals & Mining | Udaipur +36 other locations,4.4k,--
1003,Wheels,3.9,(1k),Auto Components | Chennai +46 other locations,5k,--
1004,Gharda Chemicals Limited,4.0,(1k),Agro Chemicals | Mumbai +72 other locations,4.5k,4
1005,Ceasefire Industries,3.1,(1k),Industrial Machinery | New Delhi +76 other locations,2.4k,14
1006,ValueMomentum,3.2,(1k),IT Services & Consulting | Hyderabad +11 other locations,8.7k,8
1007,SYSKA LED Lights,2.9,(1k),Consumer Electronics & Appliances | Pune +155 other locations,2.5k,--
1008,Netcracker Technology,3.0,(1k),IT Services & Consulting | Hyderabad +12 other locations,9.1k,1
1009,Amara Raja Group,4.1,(1k),Auto Components | Tirupati +79 other locations,3.5k,--
1010,Lakshmi Machine Works,3.8,(1k),Industrial Machinery | Coimbatore +32 other locations,4.3k,15
1011,Sahara India Pariwar,3.8,(1k),Broadcasting | Lucknow +247 other locations,2.5k,--
1012,BirlaNu,3.9,(1k),Building Material | Hyderabad +109 other locations,2.8k,6
1013,Otis Elevator,4.1,(1k),Industrial Machinery | Bengaluru +71 other locations,4k,76
1014,Incheon Motors,4.7,(1k),Automobile | Kochi +15 other locations,327,5
1015,Crompton Greaves Consumer Electricals,3.7,(1k),Consumer Electronics & Appliances | Mumbai +106 other locations,3.8k,23
1016,Fractal Analytics,4.0,(1k),Analytics & KPO | Bengaluru +18 other locations,10.4k,144
1017,Allianz Technology,4.0,(1k),IT Services & Consulting | Pune +14 other locations,6.8k,13
1018,iQor Global Services,3.3,(1k),BPO | Noida +49 other locations,2.5k,24
1019,Vistaar Finance,3.9,(1k),NBFC | Bengaluru +202 other locations,1.9k,15
1020,IIFL Home Finance,3.8,(1.1k),NBFC | Gurugram +253 other locations,2.8k,--
1021,Uber,4.1,(1k),Internet | Hyderabad +52 other locations,8.2k,2
1022,Hitachi Energy,4.1,(1k),Power | Chennai +37 other locations,7.2k,654
1023,Suzuki Motorcycle,4.0,(1k),Automobile | Gurugram +119 other locations,3.8k,1
1024,Temenos,3.2,(1k),Software Product | Chennai +11 other locations,8.9k,12
1025,Vertiv,3.9,(1k),Electronics Manufacturing | Pune +54 other locations,4.3k,89
1026,Malabar Gold and Diamonds,4.0,(1k),Jewellery | Hyderabad +129 other locations,2.6k,77
1027,SitusAMC,3.3,(1k),Financial Services | Bengaluru +18 other locations,5.4k,--
1028,Encora,3.4,(1k),IT Services & Consulting | Bengaluru +19 other locations,8.2k,33
1029,NBC Bearings,3.9,(1k),Auto Components | Jaipur +29 other locations,3.6k,3
1030,MakeMyTrip,3.4,(1k),Internet | Gurugram +46 other locations,7.2k,8
1031,ALLEN Career Institute,3.8,(1k),Education & Training | Kota +71 other locations,4.2k,25
1032,Shyam Steel Group,3.5,(1k),Iron & Steel | Kolkata +83 other locations,3.6k,7
1033,SLMG Beverages,3.9,(1k),Beverage | Lucknow +91 other locations,3.2k,--
1034,IB Group,3.8,(1k),Food Processing | Rajnandgaon +152 other locations,3.3k,--
1035,TradeIndia (Infocom Network Private Limited),3.3,(1k),Internet | New Delhi +42 other locations,4.3k,46
1036,Lemon Tree Hotels,4.0,(1k),Hospitality | New Delhi +78 other locations,2.8k,--
1037,GVPR Engineers,3.7,(1k),Engineering & Construction | Hyderabad +93 other locations,3k,12
1038,Visionet Systems,3.3,(999),IT Services & Consulting | Bengaluru +17 other locations,5.9k,23
1039,Hinduja Housing Finance,3.7,(999),NBFC | New Delhi +209 other locations,2.7k,32
1040,Perfetti Van Melle,4.2,(996),FMCG | Gurugram +161 other locations,2.8k,21
1041,Bounteous x Accolite,3.2,(995),IT Services & Consulting | Bengaluru +15 other locations,8k,141
1042,Westside,3.8,(992),Retail | Mumbai +106 other locations,2.1k,--
1043,Atlas Copco,4.1,(991),Industrial Machinery | Pune +58 other locations,5.2k,--
1044,Secure Meters,3.9,(991),Electronics Manufacturing | Udaipur +72 other locations,4.5k,24
1045,eClinicalWorks,3.6,(991),Software Product | Mumbai +20 other locations,4.9k,21
1046,Hitachi Payment Services,3.6,(990),FinTech | Mumbai +87 other locations,3.4k,--
1047,QX Global Group,3.1,(991),BPO | Ahmedabad +20 other locations,4.3k,34
1048,CarDekho Group,3.6,(989),Internet | Gurugram +82 other locations,5k,56
1049,Innodata India Private Limited,3.5,(989),IT Services & Consulting | Noida +23 other locations,2.7k,33
1050,Thomas Cook,4.0,(988),Travel & Tourism | Mumbai +81 other locations,3.7k,--
1051,Syrma SGS Technologies,4.0,(988),Electronics Manufacturing | Chennai +23 other locations,3.3k,6
1052,AstraZeneca,3.9,(986),Pharma | Chennai +49 other locations,7.1k,5
1053,United Breweries,3.3,(986),Beverage | Bengaluru +105 other locations,3.4k,11
1054,Mastek,3.6,(986),IT Services & Consulting | Mumbai +23 other locations,6.6k,15
1055,Fortrea Development India Private Limited,3.9,(985),Clinical Research | Bengaluru +11 other locations,4.9k,42
1056,Pristyn Care,3.2,(985),Internet | Gurugram +33 other locations,4.1k,15
1057,JW Marriott,4.2,(984),Hospitality | Mumbai +42 other locations,2k,--
1058,Tata Cummins,4.4,(983),Auto Components | Jamshedpur +44 other locations,1.3k,--
1059,ALTEN,3.6,(982),IT Services & Consulting | Bengaluru +23 other locations,6k,15
1060,Škoda Auto Volkswagen,3.9,(981),Automobile | Pune +47 other locations,4.6k,10
1061,Colgate Palmolive,4.0,(989),FMCG | Mumbai +120 other locations,4.3k,21
1062,Collins Aerospace,3.8,(979),Defence & Aerospace | Bengaluru +11 other locations,7.4k,20
1063,Amazon Web Services,3.8,(979),IT Services & Consulting | Bengaluru +62 other locations,6.5k,--
1064,Comviva Technology,2.9,(979),Software Product | Gurugram +18 other locations,6.1k,159
1065,Star Cement,4.0,(977),Building Material | Guwahati +80 other locations,3.1k,1
1066,Cult.fit,3.6,(976),Fitness & Wellness | Bengaluru +41 other locations,4.1k,167
1067,Mahindra Automotives,3.8,(975),Automobile | Pune +129 other locations,4.9k,--
1068,Rebel Foods,3.7,(974),Hospitality | Mumbai +80 other locations,3.4k,24
1069,Arohan Financial Services,3.9,(974),NBFC | Kolkata +231 other locations,2.1k,12
1070,MasterCard,3.8,(974),FinTech | Pune +14 other locations,11.8k,736
1071,Aparajitha Corporate Services,3.8,(973),Legal | Madurai +98 other locations,3k,24
1072,Everest Industries,3.8,(973),Building Material | Mumbai +97 other locations,3.2k,2
1073,C&S Electric,4.0,(972),Electrical Equipment | Noida +58 other locations,3.7k,27
1074,Vaco Binary Semantics,3.1,(971),IT Services & Consulting | Gurugram +48 other locations,5.2k,44
1075,Siemens Energy,4.1,(969),Power | Pune +50 other locations,5.6k,--
1076,Pizza Hut,4.0,(969),Hospitality | New Delhi +128 other locations,1.9k,--
1077,Softenger,3.9,(968),IT Services & Consulting | Pune +31 other locations,2.6k,6
1078,Xebia,3.1,(968),IT Services & Consulting | Gurugram +23 other locations,6.2k,28
1079,Unity Small Finance Bank,3.6,(1k),Banking | Mumbai +145 other locations,4k,18
1080,Altisource,3.5,(965),Real Estate | Bengaluru +9 other locations,3.7k,94
1081,Barclays Global Service Centre,3.9,(963),IT Services & Consulting | Pune +13 other locations,8k,--
1082,Natco Pharma,4.0,(962),Pharma | Hyderabad +64 other locations,3.5k,4
1083,VIP Industries,3.7,(962),Retail | Mumbai +95 other locations,3k,13
1084,Kendriya Vidyalaya Sangathan,4.3,(962),Education & Training | New Delhi +232 other locations,1.6k,--
1085,TechnipFMC,3.9,(961),Engineering & Construction | Hyderabad +43 other locations,4.9k,61
1086,Napino Auto & Electronics,3.8,(959),Auto Components | Gurugram +25 other locations,3.9k,--
1087,Merino Industries,3.8,(960),Building Material | New Delhi +80 other locations,3.4k,17
1088,Lowe's,4.1,(959),Retail | Bengaluru +9 other locations,9.9k,44
1089,Capacit'e Infraprojects,3.7,(959),Engineering & Construction | Mumbai +35 other locations,3.3k,14
1090,Wonder Cement,4.2,(960),Building Material | Nimbahera +112 other locations,3.5k,75
1091,Lumina Datamatics,3.2,(958),IT Services & Consulting | Mumbai +20 other locations,4.6k,49
1092,Tiger Analytics,3.7,(958),IT Services & Consulting | Bengaluru +17 other locations,9.1k,160
1093,Quantiphi Analytics Solutions Private Limited,3.1,(957),IT Services & Consulting | Bengaluru +18 other locations,7.2k,68
1094,General Mills,4.1,(956),Food Processing | Mumbai +54 other locations,5k,15
1095,Pricol,3.9,(956),Auto Components | Coimbatore +34 other locations,4.3k,10
1096,J B Chemicals And Pharmaceuticals,3.9,(956),Pharma | Mumbai +94 other locations,3.2k,2
1097,Petrofac,4.2,(955),Oil & Gas | Chennai +43 other locations,2.4k,9
1098,Jyothy Labs,4.1,(955),FMCG | Mumbai +197 other locations,2.1k,24
1099,Nasser S. Al Hajri Corporation,3.6,(955),Engineering & Construction | Chennai +55 other locations,1.8k,--
1100,LOREAL,3.8,(953),Beauty & Personal Care | Mumbai +100 other locations,3.7k,45
1101,Yokohama Off-Highway Tires,3.6,(952),Auto Components | Bharuch +38 other locations,4k,11
1102,Episource,3.9,(951),IT Services & Consulting | Chennai +20 other locations,3.2k,1
1103,Gannon Dunkerley & Co.,3.4,(951),Engineering & Construction | Kolkata +82 other locations,2k,1
1104,JSW Group,3.8,(950),Iron & Steel | Mumbai +95 other locations,4.2k,--
1105,Financial Software & Systems,3.6,(948),Software Product | Chennai +33 other locations,5.2k,12
1106,Hiranandani Financial Services,4.4,(946),NBFC | Mumbai +134 other locations,982,39
1107,Mando Automotive,4.0,(945),Auto Components | Chennai +21 other locations,4.3k,--
1108,Jubilant Pharmova,3.7,(943),Pharma | Noida +61 other locations,3.4k,34
1109,Defence Research & Development Organisation,4.5,(942),Defence & Aerospace | Hyderabad +57 other locations,3.9k,--
1110,Technip Energies,4.1,(941),Engineering & Construction | Noida +41 other locations,5k,43
1111,Salcomp Manufacturing,4.0,(940),Electronics Manufacturing | Chennai +27 other locations,4.3k,--
1112,Guidehouse,3.6,(939),Management Consulting | Chennai +19 other locations,5.4k,61
1113,KEI Industries,4.3,(938),Electrical Equipment | New Delhi +102 other locations,3.2k,--
1114,Shriram General Insurance,3.6,(938),Insurance | Jaipur +199 other locations,3k,16
1115,National Payments Corporation of India,4.0,(937),FinTech | Mumbai +11 other locations,4.1k,29
1116,VeeTechnologies,3.8,(938),IT Services & Consulting | Bengaluru +39 other locations,4.4k,32
1117,Hathway,3.3,(936),Telecom | Mumbai +58 other locations,3.5k,10
1118,Marsh McLennan,3.9,(935),Management Consulting | Mumbai +24 other locations,8k,3
1119,BDR Pharmaceuticals International,4.1,(935),Pharma | Vadodara +29 other locations,1.9k,27
1120,Astral Adhesives,3.9,(935),Chemicals | Ahmedabad +157 other locations,2.5k,--
1121,Velocis Systems,3.8,(934),IT Services & Consulting | New Delhi +51 other locations,5.1k,12
1122,Skipper,3.8,(934),Industrial Machinery | Kolkata +91 other locations,3k,7
1123,Pramerica Life Insurance,3.6,(932),Insurance | Gurugram +125 other locations,2.4k,9
1124,Tikona Infinet,3.5,(931),Telecom | Mumbai +46 other locations,2.7k,4
1125,Amphenol Interconnect,4.2,(932),Electrical Equipment | Pune +19 other locations,3.7k,10
1126,ICCS,3.1,(932),BPO | Noida +31 other locations,2.9k,7
1127,Timken,3.9,(930),Industrial Machinery | Jamshedpur +44 other locations,4.1k,3
1128,Jaro Education,3.2,(928),EdTech | Mumbai +24 other locations,2.2k,15
1129,FLSmidth,3.6,(927),Industrial Machinery | Chennai +24 other locations,4.1k,11
1130,Reliance Power,4.1,(927),Power | Singrauli +42 other locations,3.2k,3
1131,Aircel,4.4,(927),Telecom | New Delhi +114 other locations,1.2k,--
1132,Aristo Pharmaceuticals,4.0,(927),Pharma | Mumbai +108 other locations,2.3k,13
1133,Naukri,4.2,(926),Internet | Noida +72 other locations,3.2k,66
1134,Signify,3.4,(927),Consumer Electronics & Appliances | Bengaluru +83 other locations,4.4k,19
1135,Adani Enterprises,3.6,(926),Metals & Mining | Ahmedabad +77 other locations,4.5k,1
1136,Psp Projects,3.9,(925),Engineering & Construction | Ahmedabad +57 other locations,3k,7
1137,SFO Technologies,3.4,(924),Electronics Manufacturing | Bengaluru +17 other locations,4.6k,47
1138,Bhanzu,3.8,(920),EdTech | Bengaluru +14 other locations,1.2k,4
1139,Knight Frank,4.1,(918),Real Estate | Mumbai +51 other locations,3.3k,4
1140,Bayer,4.1,(918),Pharma | Bengaluru +115 other locations,4.3k,--
1141,KMV Projects Limited,4.2,(918),Engineering & Construction | Hyderabad +70 other locations,2.2k,1
1142,Test Yantra Software Solutions,3.1,(915),IT Services & Consulting | Bengaluru +19 other locations,25.5k,9
1143,Sundaram Clayton,3.9,(913),Auto Components | Chennai +30 other locations,2.8k,--
1144,Navayuga Engineering Company,3.9,(912),Engineering & Construction | Hyderabad +73 other locations,2.4k,6
1145,Godfrey Phillips India,4.0,(912),FMCG | New Delhi +119 other locations,3.2k,--
1146,Apotex Research,3.8,(911),Pharma | Bengaluru +14 other locations,2.8k,24
1147,Xceedance,3.6,(911),IT Services & Consulting | Gurugram +14 other locations,6.2k,--
1148,GE Healthcare,3.9,(909),Medical Equipment | Bengaluru +36 other locations,5.9k,--
1149,Nityo Infotech,3.3,(908),IT Services & Consulting | Bengaluru +31 other locations,5k,40
1150,Tafe Motors & Tractors,3.9,(908),Industrial Machinery | Bhopal +72 other locations,2.9k,--
1151,Netscribes,2.7,(906),Analytics & KPO | Kolkata +17 other locations,3k,45
1152,Deepak Fertilisers and Petrochemicals,4.1,(906),Chemicals | Mumbai +58 other locations,3.4k,14
1153,Nirma,4.2,(905),FMCG | Bhavnagar +67 other locations,3.1k,1
1154,Experis IT,3.0,(905),Recruitment | Bengaluru +34 other locations,3.5k,--
1155,Volvo,4.0,(904),Automobile | Bengaluru +38 other locations,5.3k,5
1156,Sandhar Technologies,3.8,(903),Auto Components | Gurugram +31 other locations,3.5k,6
1157,Birla Opus,4.0,(903),Chemicals | Mumbai +258 other locations,2k,--
1158,Schlumberger,3.8,(901),Oil & Gas | Pune +37 other locations,5.3k,42
1159,Neel Metal Products,4.0,(902),Auto Components | Gurugram +38 other locations,2.7k,--
1160,CIEL HR,3.9,(900),Recruitment | Bengaluru +109 other locations,3k,1
1161,Medhaj Techno Concept,4.0,(900),Management Consulting | Lucknow +152 other locations,2k,3
1162,HomeLane,3.3,(899),Architecture & Interior Design | Bengaluru +35 other locations,4.2k,36
1163,Medha Servo Drives,4.3,(898),Electrical Equipment | Hyderabad +54 other locations,3k,11
1164,Aviva Life Insurance India,3.5,(898),Insurance | Gurugram +121 other locations,2.6k,24
1165,SKH Metals,4.0,(897),Auto Components | Gurugram +26 other locations,2.8k,4
1166,Egis India Consulting Engineers,4.2,(898),Engineering & Construction | Gurugram +111 other locations,2.3k,15
1167,Steag Energy Services,4.3,(895),Power | Jharsuguda +62 other locations,2.8k,10
1168,Yashoda Hospitals,3.9,(895),Healthcare | Hyderabad +30 other locations,3.3k,25
1169,OCS Group,4.1,(894),Facility Management Services | Mumbai +57 other locations,2.6k,25
1170,Bosch Chassis Systems,4.1,(894),Auto Components | Pune +23 other locations,2.7k,--
1171,Volkswagen,4.2,(893),Automobile | Pune +103 other locations,3k,--
1172,Target,4.0,(892),Retail | Bengaluru +17 other locations,6.7k,129
1173,AJIO,3.6,(891),Internet | Bengaluru +199 other locations,2.6k,--
1174,Re Sustainability Limited,3.8,(890),Waste Management | Hyderabad +84 other locations,3k,44
1175,Vedanta Resources,3.7,(888),Metals & Mining | Jharsuguda +73 other locations,5k,7
1176,LanceSoft,3.2,(888),Recruitment | Hyderabad +29 other locations,5.2k,5
1177,Ashirvad Pipes,3.9,(888),Building Material | Bengaluru +107 other locations,2.9k,11
1178,Michelin,3.7,(888),Auto Components | Pune +47 other locations,4.9k,36
1179,HT Media,3.1,(887),Media & Entertainment | New Delhi +43 other locations,4.7k,3
1180,BGR Energy Systems,3.8,(887),Engineering & Construction | Chennai +53 other locations,3.2k,--
1181,Alok Industries,3.5,(884),Fashion & Textile | Dadra & Nagar Haveli +34 other locations,3.3k,4
1182,Musashi Auto Parts,3.9,(881),Auto Components | Rewari +26 other locations,2.9k,--
1183,JSW Paints,3.8,(881),Chemicals | Mumbai +167 other locations,3.1k,1
1184,TNQ Tech Private Limited,3.5,(880),Printing & Publishing | Chennai +13 other locations,4k,21
1185,Tata Chemicals,3.9,(878),Chemicals | Jamnagar +85 other locations,2.8k,6
1186,Vijay Sales,4.2,(879),Retail | Mumbai +51 other locations,2.7k,2
1187,Updater Services,3.7,(878),Facility Management Services | Chennai +99 other locations,2.9k,19
1188,Orient Electric,3.7,(878),Consumer Electronics & Appliances | New Delhi +87 other locations,3.3k,6
1189,Marks & Spencer,3.9,(877),Retail | New Delhi +60 other locations,3k,12
1190,Regulated Council of Immigration Consultants,4.9,(875),Other | Dubai +5 other locations,--,--
1191,"Commonwealth Bank of Australia, India",2.8,(875),Financial Services | Bengaluru +14 other locations,7.6k,7
1192,FastInfo,4.1,(873),Internet | Kolkata +8 other locations,878,--
1193,ACL Digital,3.6,(868),IT Services & Consulting | Bengaluru +26 other locations,6.4k,107
1194,Next Education India,3.2,(867),EdTech | Hyderabad +95 other locations,2.7k,34
1195,RAMTeCH Software Solutions,3.6,(867),IT Services & Consulting | Hyderabad +35 other locations,3.4k,9
1196,Sona Comstar,4.0,(868),Auto Components | Gurugram +24 other locations,3.9k,--
1197,C.R.I. Pumps,3.9,(867),Industrial Machinery | Coimbatore +70 other locations,2.7k,24
1198,Greenlam Industries,4.1,(867),Furniture & Furnishing | New Delhi +115 other locations,3.1k,14
1199,Centum Electronics,3.5,(866),Electronics Manufacturing | Bengaluru +18 other locations,3.6k,--
1200,Carborundum Universal Limited,3.7,(865),Industrial Machinery | Chennai +130 other locations,3.5k,--
1201,Wakefit,4.0,(864),Furniture & Furnishing | Bengaluru +56 other locations,2.9k,21
1202,Intellipaat Software Solutions,3.8,(863),EdTech | Bengaluru +17 other locations,2k,1
1203,MAS Financial Services,3.7,(863),NBFC | Ahmedabad +142 other locations,2.3k,56
1204,Acme Cleantech Solutions,4.0,(862),Power | Gurugram +100 other locations,2.6k,16
1205,Tata Starbucks,4.1,(862),Hospitality | Mumbai +57 other locations,1.9k,333
1206,Future Focus Infotech,3.3,(860),IT Services & Consulting | Bengaluru +58 other locations,4.2k,--
1207,Parekh Integrated Services,4.1,(859),Logistics | Mumbai +75 other locations,2.6k,22
1208,National Health Mission,3.4,(859),Healthcare | Guwahati +279 other locations,2.3k,--
1209,Athena BPO,3.3,(859),BPO | Mumbai +38 other locations,2.8k,--
1210,Magna International,3.8,(859),Auto Components | Pune +22 other locations,5.5k,70
1211,Ageas Federal Life Insurance,3.5,(856),Insurance | Mumbai +123 other locations,2.3k,24
1212,Torry Harris Integration Solutions,4.2,(855),IT Services & Consulting | Bengaluru +9 other locations,4.6k,7
1213,Precision Infomatic M Pvt Ltd,3.8,(855),IT Services & Consulting | Chennai +91 other locations,2.8k,12
1214,Bechtel,3.9,(855),Engineering & Construction | Gurugram +31 other locations,3.6k,59
1215,Silaris Informations,3.0,(855),BPO | New Delhi +22 other locations,2.9k,1
1216,H&M,3.9,(854),Fashion & Textile | Bengaluru +56 other locations,3.1k,71
1217,Shilpa Medicare,3.4,(854),Pharma | Hyderabad +30 other locations,3.8k,15
1218,WSP,4.2,(854),Management Consulting | Bengaluru +32 other locations,3.6k,30
1219,Apar Industries,4.1,(854),Semiconductors | Mumbai +72 other locations,3.3k,2
1220,M3M India,4.0,(852),Real Estate | Gurugram +10 other locations,3.2k,--
1221,Panacea Biotec,3.6,(851),Biotechnology | Baddi +72 other locations,2.8k,8
1222,IDEMIA,3.9,(851),Electronics Manufacturing | Noida +51 other locations,3.7k,17
1223,Wipro PARI,3.2,(850),Industrial Automation | Pune +27 other locations,3.5k,19
1224,LEAD School,3.3,(849),EdTech | Mumbai +104 other locations,3.2k,--
1225,Motherson Sumi Wiring,3.7,(917),Electrical Equipment | Noida +40 other locations,3.6k,--
1226,Porter,3.5,(848),Internet | Bengaluru +31 other locations,3.7k,16
1227,Zudio,3.9,(847),Retail | New Delhi +137 other locations,1.9k,--
1228,Jaya Hind Industries,3.7,(847),Auto Components | Pune +37 other locations,2.7k,--
1229,Serco,4.2,(847),Analytics & KPO | Mumbai +41 other locations,1.2k,--
1230,Fedbank Financial Services,4.0,(847),NBFC | Mumbai +164 other locations,3.1k,2
1231,Mahindra First Choice Wheels,3.8,(846),Internet | Mumbai +118 other locations,3k,6
1232,Epsilon,3.6,(846),Marketing & Advertising | Bengaluru +16 other locations,7.3k,70
1233,Tata Hitachi Construction Machinery,4.0,(845),Industrial Machinery | Kharagpur +76 other locations,3k,--
1234,MOURI Tech,3.6,(845),IT Services & Consulting | Hyderabad +10 other locations,6.2k,154
1235,Rico Auto Industries,3.8,(845),Auto Components | Gurugram +32 other locations,3.5k,--
1236,Satya MicroCapital,3.7,(844),NBFC | New Delhi +185 other locations,2.1k,12
1237,Ups Logistics,3.6,(842),Logistics | Pune +37 other locations,4.3k,205
1238,Bank of India,3.9,(842),Banking | Mumbai +185 other locations,2.8k,--
1239,Nlb Services,3.6,(842),Recruitment | Noida +21 other locations,3.2k,--
1240,Swaraj Tractors,4.0,(842),Automobile | Sahibzada Ajit Singh Nagar +105 other locations,2.9k,--
1241,Nibav Lifts,4.0,(840),Industrial Machinery | Chennai +41 other locations,1.6k,162
1242,Parag Milk Foods,4.0,(841),Food Processing | Mumbai +91 other locations,2.6k,3
1243,Truhome Finance,3.7,(839),Financial Services | Mumbai +158 other locations,2.5k,24
1244,Impact Infotech Pvt. Ltd.,3.4,(839),IT Services & Consulting | Mumbai +75 other locations,2.7k,--
1245,Mahindra Tractors,4.1,(838),Automobile | Nagpur +129 other locations,2.6k,--
1246,Rohan Builders,4.1,(838),Real Estate | Pune +69 other locations,2.3k,72
1247,Ather Energy,4.1,(837),Automobile | Bengaluru +67 other locations,4.4k,20
1248,Tata Power Solar,4.0,(834),Power | Bengaluru +90 other locations,3.1k,--
1249,KGISL,3.0,(834),IT Services & Consulting | Coimbatore +21 other locations,5.4k,24
1250,Shaktiman Tirth Agro Technology,3.9,(834),Industrial Machinery | Rajkot +65 other locations,3k,--
1251,Alorica,3.1,(833),BPO | Bengaluru +15 other locations,3k,45
1252,Sanden Vikas,3.9,(833),Auto Components | Faridabad +33 other locations,2.7k,--
1253,Duck Creek Technologies,4.6,(832),Software Product | Mumbai +9 other locations,1.3k,34
1254,India Shelter Finance Corporation,3.9,(834),NBFC | Gurugram +180 other locations,2.2k,5
1255,Consolidated Contractors,4.3,(832),Engineering & Construction | Mumbai +56 other locations,1.3k,--
1256,Arvind Lifestyle Brands,4.0,(832),Retail | Bengaluru +87 other locations,2k,36
1257,AuthBridge Research Services,3.2,(831),IT Services & Consulting | Gurugram +21 other locations,3.1k,7
1258,enGen Global,3.9,(832),IT Services & Consulting | Chennai +6 other locations,5.6k,23
1259,Guardian India,3.8,(830),Insurance | Chennai +13 other locations,4.4k,15
1260,Feedback Infrastructure Services,3.4,(830),Engineering & Construction | Gurugram +129 other locations,2.5k,12
1261,Union Bank of India,3.8,(829),Banking | Mumbai +151 other locations,2.7k,--
1262,Royal Sundaram General Insurance,3.8,(829),Insurance | Chennai +104 other locations,2.9k,15
1263,HP India,3.8,(829),Consumer Electronics & Appliances | Bengaluru +63 other locations,5.7k,2
1264,Casagrand,3.8,(829),Real Estate | Chennai +19 other locations,4.2k,98
1265,Fareportal,3.0,(828),Internet | Gurugram +14 other locations,3.5k,9
1266,FIITJEE,3.2,(827),Education & Training | New Delhi +48 other locations,2k,--
1267,Victora Auto Private Limited,4.0,(827),Auto Components | Faridabad +31 other locations,3.3k,--
1268,Luxoft,3.6,(823),IT Services & Consulting | Bengaluru +23 other locations,5.1k,546
1269,Punj Lloyd,3.9,(821),Engineering & Construction | Gurugram +70 other locations,1.6k,--
1270,Clarivate,3.7,(821),Analytics & KPO | Bengaluru +17 other locations,6.4k,112
1271,Freshworks,3.4,(820),Software Product | Chennai +47 other locations,7.1k,77
1272,Lumen Technologies,4.0,(819),Hardware & Networking | Bengaluru +14 other locations,4k,18
1273,Eris Lifesciences,3.6,(819),Pharma | Ahmedabad +90 other locations,2.4k,941
1274,Ford Business Solutions,4.1,(818),IT Services & Consulting | Chennai +52 other locations,4k,14
1275,Greaves Cotton,4.0,(817),Auto Components | Chhatrapati Sambhajinagar +48 other locations,2.9k,16
1276,Ramco Systems,3.8,(816),Software Product | Chennai +29 other locations,5.2k,16
1277,Metso,4.1,(816),Metals & Mining | Alwar +47 other locations,3.1k,5
1278,Sutherland Healthcare Solutions,3.7,(815),Analytics & KPO | Hyderabad +14 other locations,3.9k,--
1279,Medusind Solutions,3.4,(814),IT Services & Consulting | Chennai +11 other locations,3k,31
1280,Medusind Solutions,3.4,(814),IT Services & Consulting | Chennai +11 other locations,3k,31
1281,eTeam,3.2,(813),Recruitment | Bengaluru +19 other locations,3.6k,--
1282,Rockwell Automation,3.7,(812),Industrial Automation | Pune +22 other locations,5.6k,186
1283,Baxter International,3.8,(811),Healthcare | Bengaluru +32 other locations,3.7k,18
1284,IBS Software Services,3.6,(812),Software Product | Kochi +18 other locations,6.5k,26
1285,Qinecsa Solutions,2.8,(803),Clinical Research | Mysuru +19 other locations,2.9k,--
1286,Bpo Convergence,3.4,(811),BPO | Hyderabad +39 other locations,2k,1
1287,Poly Medicure,3.5,(809),Medical Equipment | Faridabad +45 other locations,2.9k,44
1288,Huhtamaki,4.0,(808),Packaging | Mumbai +44 other locations,2.7k,11
1289,Forever Living Products,4.3,(808),Fitness & Wellness | Mumbai +98 other locations,1.6k,--
1290,Artech Infosystems,3.3,(808),Recruitment | Bengaluru +21 other locations,3.9k,--
1291,Integra Software Services,3.7,(806),IT Services & Consulting | Puducherry +19 other locations,3.1k,16
1292,Teamware Solutions,4.2,(806),Recruitment | Hyderabad +24 other locations,3.2k,1
1293,Rodic Consultants,4.2,(805),Engineering & Construction | Patna +132 other locations,1.9k,11
1294,RR kabel,4.1,(805),Electrical Equipment | Vadodara +115 other locations,2.8k,--
1295,Sunbeam Auto,3.9,(804),Auto Components | Gurugram +30 other locations,2.9k,--
1296,DBG Technology,3.7,(805),Electronics Manufacturing | Rewari +24 other locations,2.1k,--
1297,Rashmi Group,3.5,(803),Iron & Steel | Kharagpur +31 other locations,3.1k,3
1298,Nexdigm,3.7,(824),Management Consulting | Pune +12 other locations,3.3k,40
1299,Linde India,3.9,(802),Chemicals | Vadodara +56 other locations,3.7k,40
1300,Investors Clinic,3.6,(801),Real Estate | Noida +34 other locations,1.5k,6
1301,Vijaya Diagnostic Centre,3.8,(800),Healthcare | Hyderabad +40 other locations,2.1k,8
1302,Fluor Corporation,4.1,(795),Engineering & Construction | Gurugram +24 other locations,1.8k,64
1303,Principal Global Services,3.6,(799),Insurance | Pune +11 other locations,5.8k,26
1304,Eveready Industries,3.9,(797),Consumer Electronics & Appliances | Kolkata +110 other locations,2.4k,1
1305,Five-Star Business Finance,4.1,(797),NBFC | Chennai +247 other locations,2k,2
1306,Border Security Force,4.4,(796),Law Enforcement & Security | New Delhi +112 other locations,1.4k,--
1307,K Raheja Corp,4.1,(795),Real Estate | Mumbai +17 other locations,3.1k,28
1308,Hitachi,3.9,(795),Industrial Machinery | Bengaluru +86 other locations,4.7k,33
1309,Advik Hi Tech,3.7,(794),Auto Components | Pune +30 other locations,3.1k,5
1310,JK Paper,3.9,(794),Pulp & Paper | Rayagada +52 other locations,2.8k,2
1311,Intex Technologies,3.7,(793),Consumer Electronics & Appliances | New Delhi +75 other locations,1.5k,5
1312,Syneos Health,3.6,(793),Clinical Research | Gurugram +17 other locations,3.6k,142
1313,Prama Hikvision India,3.6,(792),Electronics Manufacturing | Mumbai +55 other locations,3k,11
1314,Praj Industries,4.0,(791),Biotechnology | Pune +44 other locations,3.2k,17
1315,Bill Gosling Outsourcing India,3.5,(793),Gurugram +13 other locations,2.9k,46
1316,Zidio Development,4.4,(792),IT Services & Consulting | Bengaluru +35 other locations,106,--
1317,PUMA,4.1,(791),Fashion & Textile | Bengaluru +100 other locations,2.6k,5
1318,BDO,3.2,(789),Accounting & Auditing | Mumbai +34 other locations,5.6k,1
1319,Waaree Energies,4.0,(788),Power | Surat +54 other locations,3.3k,35
1320,Waaree Energies,4.0,(788),Power | Surat +54 other locations,3.3k,35
1321,Zuventus Healthcare,3.9,(787),Pharma | Mumbai +99 other locations,2.2k,9
1322,Qualitest,3.6,(787),IT Services & Consulting | Bengaluru +22 other locations,6.7k,8
1323,RenewBuy,3.3,(785),Internet | Gurugram +107 other locations,2.9k,--
1324,Prince Pipes & Fittings,4.2,(785),Building Material | Mumbai +82 other locations,2.4k,13
1325,Chennai Radha Engineering Works,3.9,(784),Engineering & Construction | Chennai +58 other locations,2.3k,22
1326,Zydus Healthcare,4.0,(788),Pharma | Mumbai +106 other locations,2.2k,--
1327,IFFCO,4.1,(783),Agro Chemicals | New Delhi +114 other locations,1.9k,--
1328,THE LEELA PALACES HOTELS & RESORTS,4.0,(783),Hospitality | New Delhi +33 other locations,2.3k,--
1329,Wipro Consumer Care & Lighting,3.7,(782),FMCG | Bengaluru +119 other locations,3.7k,7
1330,Cigniti Technologies,3.8,(782),IT Services & Consulting | Hyderabad +9 other locations,6.7k,--
1331,Engineers India,4.2,(781),Engineering & Construction | New Delhi +84 other locations,3.4k,10
1332,Nippon Koei India,4.8,(781),Engineering & Construction | New Delhi +69 other locations,1.2k,8
1333,Maveric Systems,3.3,(781),IT Services & Consulting | Chennai +11 other locations,7.2k,5
1334,Careernet,3.6,(780),Recruitment | Bengaluru +24 other locations,4.6k,--
1335,Edubridge Learning,3.9,(780),EdTech | Mumbai +63 other locations,1.3k,19
1336,Franklin Templeton Investments,3.9,(780),Financial Services | Hyderabad +33 other locations,4k,94
1337,Microtek International,3.7,(780),Consumer Electronics & Appliances | New Delhi +120 other locations,2.7k,1
1338,Credence Resource Management,3.0,(778),BPO | Pune +9 other locations,3.1k,52
1339,Aequs,3.4,(778),Defence & Aerospace | Belagavi +13 other locations,3.4k,25
1340,Indo Autotech,3.9,(778),Auto Components | Faridabad +33 other locations,2.8k,2
1341,Vastu Housing Finance,4.2,(778),NBFC | Mumbai +172 other locations,2.2k,14
1342,Rallis India,4.0,(778),Agro Chemicals | Ankleshwar +118 other locations,2.5k,--
1343,Amber Enterprises India,4.0,(777),Electronics Manufacturing | Gurugram +44 other locations,2.9k,7
1344,NTT,3.8,(778),IT Services & Consulting | Mumbai +42 other locations,4.9k,1
1345,AISIN,4.1,(776),Auto Components | Rohtak +28 other locations,2.6k,--
1346,Jai Balaji Group,3.2,(776),Iron & Steel | Durgapur +41 other locations,3.1k,3
1347,Reliance BP Mobility,3.6,(773),Oil & Gas | Mumbai +104 other locations,2.7k,29
1348,Pratap Technocrats,3.8,(773),Telecom | Pune +120 other locations,1.9k,5
1349,Action Construction Equipment,3.7,(771),Industrial Machinery | Faridabad +59 other locations,2.8k,--
1350,Toyo Engineering,4.0,(771),Engineering & Construction | Mumbai +44 other locations,3.6k,--
1351,Dineshchandra R. Agrawal Infracon,4.0,(770),Engineering & Construction | Ahmedabad +81 other locations,2.5k,14
1352,Reliance Smart,4.1,(770),Retail | Hyderabad +251 other locations,2.2k,--
1353,Progressive Infotech,3.3,(770),IT Services & Consulting | Noida +68 other locations,2.7k,11
1354,Ask Automotive,4.2,(769),Auto Components | Gurugram +29 other locations,3k,--
1355,Denave,3.5,(769),Marketing & Advertising | Noida +70 other locations,2.7k,32
1356,Cohance Lifesciences,3.8,(917),Pharma | Hyderabad +22 other locations,3.1k,7
1357,Novac Technology Solutions,3.6,(769),Software Product | Chennai +24 other locations,5.3k,41
1358,First Advantage,3.5,(769),Recruitment | Bengaluru +12 other locations,5k,60
1359,Radical Minds,2.9,(769),BPO | Gurugram +13 other locations,2.6k,11
1360,Ramkrishna Forgings,3.4,(767),Auto Components | Jamshedpur +28 other locations,2.9k,--
1361,Somany Ceramics,4.2,(767),Building Material | New Delhi +84 other locations,2.7k,15
1362,Hilti,3.4,(766),Industrial Machinery | Gurugram +48 other locations,3.5k,23
1363,Lea Associates South Asia,4.2,(766),Engineering & Construction | New Delhi +139 other locations,1.8k,--
1364,Creative Synergies Group,3.9,(766),IT Services & Consulting | Bengaluru +9 other locations,2.3k,10
1365,People Tech Group,2.4,(765),IT Services & Consulting | Hyderabad +12 other locations,5.2k,55
1366,Wipro Infrastructure Engineering,3.7,(765),Industrial Machinery | Bengaluru +38 other locations,3.9k,10
1367,Simplilearn,3.2,(765),EdTech | Bengaluru +9 other locations,4.5k,74
1368,Lenovo,4.1,(764),Consumer Electronics & Appliances | Bengaluru +84 other locations,4k,20
1369,Axtria,2.8,(764),Software Product | Gurugram +8 other locations,7.4k,227
1370,Creambell,3.8,(764),Food Processing | New Delhi +105 other locations,2.1k,5
1371,Travel Food Services Ltd,4.1,(764),Hospitality | Mumbai +36 other locations,2k,--
1372,Allied Digital Services,3.2,(763),IT Services & Consulting | Mumbai +55 other locations,3.3k,9
1373,Fleetguard Filters Private Limited,4.3,(763),Auto Components | Pune +84 other locations,2.7k,27
1374,Ugro Capital,3.7,(762),NBFC | Mumbai +165 other locations,2.7k,12
1375,Hitachi Digital Services,3.5,(762),IT Services & Consulting | Hyderabad +15 other locations,2.1k,217
1376,Better.com,3.0,(762),Financial Services | Gurugram +9 other locations,4k,28
1377,Ksb Pumps,3.8,(762),Industrial Machinery | Pune +39 other locations,3.3k,94
1378,Forvia Hella,3.8,(761),Auto Components | Pune +32 other locations,3.4k,91
1379,Quatrro Business Support Services,3.3,(760),Gurugram +14 other locations,2.6k,21
1380,Quatrro Business Support Services,3.3,(760),Gurugram +14 other locations,2.6k,21
1381,Fidelity International,3.6,(759),Financial Services | Gurugram +14 other locations,5.6k,145
1382,Dunzo,3.5,(759),Internet | Bengaluru +20 other locations,3.2k,--
1383,Times Internet,3.5,(757),Internet | Noida +24 other locations,5.4k,33
1384,Bses Rajdhani Power,3.8,(757),Power | New Delhi +22 other locations,2.7k,1
1385,Assystem,3.3,(757),Engineering & Construction | Chennai +68 other locations,2.1k,99
1386,Petpooja,4.0,(756),Software Product | Ahmedabad +75 other locations,1.6k,49
1387,BNP Paribas India Solutions,3.6,(756),IT Services & Consulting | Mumbai +9 other locations,6.5k,2
1388,JioStar,3.5,(759),Media & Entertainment | Mumbai +42 other locations,4.7k,291
1389,Samsung E&A,3.9,(755),Engineering & Construction | Noida +46 other locations,2.3k,--
1390,Alivus Life Sciences,3.8,(754),Pharma | Ankleshwar +22 other locations,4k,8
1391,Central Industrial Security Force,4.3,(754),Law Enforcement & Security | New Delhi +89 other locations,1.8k,--
1392,Amadeus,3.7,(753),Software Product | Bengaluru +14 other locations,6.9k,12
1393,1 India Family Mart,4.6,(753),Retail | New Delhi +99 other locations,1.5k,2
1394,Brane Enterprises,2.1,(752),Software Product | Hyderabad +12 other locations,3.4k,--
1395,HSBC Software Development,4.1,(751),Software Product | Pune +8 other locations,8.3k,--
1396,Wapcos,3.3,(751),Engineering & Construction | New Delhi +145 other locations,2.3k,--
1397,Orion Edutech,3.1,(750),EdTech | Kolkata +114 other locations,1.4k,--
1398,McDermott International,4.2,(750),Engineering & Construction | Chennai +33 other locations,3.6k,50
1399,BCD Travel,4.3,(750),Travel & Tourism | Bengaluru +11 other locations,1.7k,29
1400,Zee Entertainment Enterprises,3.4,(750),Media & Entertainment | Mumbai +35 other locations,4.4k,52
1401,Wabtec,3.9,(749),Auto Components | Bengaluru +29 other locations,4k,156
1402,CADD Centre Training Services,3.9,(749),Education & Training | Chennai +133 other locations,2k,6
1403,Finolex Cables,3.7,(748),Electrical Equipment | Pune +76 other locations,2.6k,21
1404,Bunge India,4.0,(748),Food Processing | Sahibzada Ajit Singh Nagar +70 other locations,3.1k,197
1405,VA Tech Wabag,3.8,(747),Waste Management | Chennai +53 other locations,2.9k,11
1406,JM Financial,3.8,(747),Financial Services | Mumbai +68 other locations,3.8k,24
1407,Vaaman Engineers,3.8,(747),Engineering & Construction | Jharsuguda +46 other locations,2.2k,9
1408,National Informatics Centre,3.9,(746),Government | New Delhi +77 other locations,4.1k,--
1409,TO THE NEW,3.6,(745),IT Services & Consulting | Noida +19 other locations,5.6k,38
1410,India Japan Lighting,4.0,(743),Auto Components | Chennai +30 other locations,2.6k,2
1411,Hapag-Lloyd,3.8,(743),Ports & Shipping | Chennai +16 other locations,3k,7
1412,SLK Global Services,3.9,(742),BPO | Bengaluru +9 other locations,2.6k,--
1413,Sharda Motor Industries,3.8,(742),Auto Components | Chennai +27 other locations,2.8k,29
1414,ManipalCigna Health Insurance,3.7,(741),Insurance | Mumbai +133 other locations,2.9k,99
1415,CMS Computers Limited (INDIA),3.6,(740),IT Services & Consulting | New Delhi +77 other locations,3.2k,24
1416,Integreon,3.2,(741),BPO | Mumbai +12 other locations,3.9k,53
1417,Bitwise Solutions,3.7,(740),IT Services & Consulting | Pune +9 other locations,4.4k,2
1418,India Cements,3.8,(739),Building Material | Chennai +91 other locations,2.6k,--
1419,Galfar,4.0,(739),Engineering & Construction | Muscat +40 other locations,1.8k,--
1420,Veradigm,3.8,(739),Software Product | Pune +9 other locations,3.5k,47
1421,Livguard,3.9,(739),Electronics Manufacturing | Gurugram +86 other locations,2.2k,--
1422,Primus Global Technologies,3.8,(738),IT Services & Consulting | Bengaluru +27 other locations,3k,3
1423,Mswipe Technologies,3.2,(738),FinTech | Mumbai +97 other locations,2.3k,--
1424,Y-Axis Overseas Careers,4.1,(740),Other | Hyderabad +17 other locations,1.4k,17
1425,Steel Authority Of India,4.1,(737),Iron & Steel | Bokaro +52 other locations,2.2k,--
1426,Religare,3.7,(736),Financial Services | New Delhi +96 other locations,2.5k,16
1427,ESL Steel,3.8,(736),Iron & Steel | Bokaro +24 other locations,2.1k,--
1428,EMERSON PROCESS MANAGEMENT,4.0,(736),Industrial Automation | Pune +31 other locations,4.5k,--
1429,UnitedLex,2.7,(736),Analytics & KPO | New Delhi +12 other locations,3.6k,40
1430,OLX India,3.7,(735),Internet | Gurugram +57 other locations,3.2k,20
1431,Protiviti,3.0,(734),Management Consulting | Gurugram +28 other locations,5k,6
1432,Exicom,4.0,(734),Semiconductors | Gurugram +31 other locations,3k,10
1433,LifeCell International,3.4,(735),Biotechnology | Chennai +75 other locations,2.8k,40
1434,Ameriprise Financial,3.7,(734),Financial Services | Gurugram +11 other locations,5k,3
1435,Patel Infrastructure Limited,4.2,(734),Engineering & Construction | Vadodara +58 other locations,2.1k,12
1436,Indusind Marketing & Financial Services,3.7,(732),Financial Services | Chennai +270 other locations,1.5k,--
1437,Mott MacDonald,4.0,(732),Management Consulting | Mumbai +49 other locations,2.7k,219
1438,Padget Electronics,3.8,(731),Electronics Manufacturing | Noida +17 other locations,2.6k,--
1439,Care Hospital,4.1,(731),Healthcare | Hyderabad +43 other locations,2.1k,69
1440,Isuzu Motors,4.1,(729),Automobile | Chennai +39 other locations,2.9k,1
1441,GirnarSoft,3.7,(729),IT Services & Consulting | Gurugram +54 other locations,3.3k,6
1442,Celebal Technologies,3.0,(730),IT Services & Consulting | Jaipur +23 other locations,4.3k,18
1443,Greenply,3.8,(729),Building Material | Kolkata +96 other locations,2.4k,22
1444,Vertex Customer Solutions,3.6,(729),IT Services & Consulting | Chennai +33 other locations,1.1k,--
1445,Ascendion,3.3,(729),IT Services & Consulting | Bengaluru +16 other locations,3.6k,114
1446,Deepak Nitrite,3.9,(729),Chemicals | Vadodara +20 other locations,3.1k,24
1447,Adidas,3.9,(728),Fashion & Textile | Gurugram +69 other locations,3.7k,27
1448,ASG Eye Hospital,3.5,(727),Healthcare | Jaipur +76 other locations,1.7k,--
1449,Rackspace,3.7,(727),IT Services & Consulting | Gurugram +15 other locations,4.3k,4
1450,Sun Life Financial,3.8,(726),Financial Services | Gurugram +12 other locations,4.2k,154
1451,Boeing,3.8,(726),Aviation | Bengaluru +12 other locations,6.8k,71
1452,Smollan Group,3.9,(725),Marketing & Advertising | Mumbai +141 other locations,1.8k,14
1453,Neuland Laboratories,4.0,(724),Pharma | Hyderabad +7 other locations,2.9k,8
1454,The Akshaya Patra Foundation,4.4,(724),Non-Profit | Bengaluru +68 other locations,1.9k,10
1455,Stellantis,3.4,(724),Automobile | Chennai +16 other locations,4.9k,2
1456,Lavender Technology,4.9,(724),IT Services & Consulting | Bengaluru +8 other locations,19,--
1457,Google Operations Center,3.6,(721),BPO | Hyderabad +16 other locations,3.7k,--
1458,DuPont,4.2,(721),Waste Management | Hyderabad +47 other locations,3k,11
1459,ffreedom app,3.5,(719),Internet | Bengaluru +26 other locations,1.5k,--
1460,ffreedom app,3.5,(719),Internet | Bengaluru +26 other locations,1.5k,--
1461,Writer Information Management Services,3.1,(719),BPO | Mumbai +68 other locations,2.7k,--
1462,Transrail Lighting,4.0,(718),Engineering & Construction | Mumbai +99 other locations,2.5k,1
1463,RITES,3.9,(716),Engineering & Construction | Gurugram +87 other locations,2.4k,3
1464,McKinsey & Company,3.8,(716),Management Consulting | Gurugram +25 other locations,8.5k,16
1465,Expleo Solutions,3.5,(716),IT Services & Consulting | Chennai +15 other locations,4.8k,13
1466,Mindsprint,3.6,(715),IT Services & Consulting | Chennai +10 other locations,4k,11
1467,Molex,3.9,(714),Electronics Manufacturing | Bengaluru +17 other locations,3.8k,6
1468,LG Soft India,2.8,(713),IT Services & Consulting | Bengaluru +15 other locations,4.5k,2
1469,BDO India LLP,3.3,(713),Accounting & Auditing | Mumbai +35 other locations,3.9k,116
1470,Volkswagen Group Technology Solution,3.9,(712),IT Services & Consulting | Pune +14 other locations,4.5k,33
1471,Sterlite Power,4.0,(714),Power | New Delhi +83 other locations,3.2k,35
1472,Aurigo Software Technologies,4.6,(712),Software Product | Bengaluru +6 other locations,1k,19
1473,TDK India Private Limited,3.9,(712),Nashik +26 other locations,2.2k,--
1474,Nvidia,3.5,(711),Hardware & Networking | Pune +19 other locations,5.3k,206
1475,Ag Industries,3.9,(711),Auto Components | Gurugram +32 other locations,2.8k,--
1476,AI Airport Services,3.3,(711),Aviation | Mumbai +60 other locations,1.7k,--
1477,Biba Apparels,3.5,(710),Fashion & Textile | New Delhi +97 other locations,2.2k,--
1478,Mitsubishi Electric India,4.2,(708),Electronics Manufacturing | Pune +52 other locations,2.9k,4
1479,B. G. Shirke Construction Technology,4.2,(708),Engineering & Construction | Pune +26 other locations,2.6k,10
1480,XcelServ Solutions,4.4,(708),IT Services & Consulting | New Delhi +33 other locations,419,--
1481,Eugia Pharma Specialities,4.0,(708),Pharma | Hyderabad +18 other locations,2.7k,--
1482,uFaber,2.2,(708),Education & Training | Mumbai +24 other locations,1.4k,--
1483,NecLife,3.6,(707),Pharma | Chandigarh +30 other locations,2.3k,2
1484,Electrosteel Casting,3.7,(707),Building Material | Kolkata +29 other locations,2.7k,1
1485,Koch Business Solutions,3.1,(707),IT Services & Consulting | Bengaluru +11 other locations,4.9k,--
1486,Medreich,3.9,(705),Pharma | Bengaluru +14 other locations,2.9k,3
1487,Tavant Technologies,3.8,(703),IT Services & Consulting | Bengaluru +13 other locations,6.2k,54
1488,BSH Home Appliances Group,3.8,(703),Consumer Electronics & Appliances | Bengaluru +59 other locations,2.4k,6
1489,Delta Electronics,3.9,(704),Electronics Manufacturing | Bengaluru +43 other locations,3.6k,8
1490,Sykes Business Services Of India,3.4,(702),BPO | Hyderabad +17 other locations,2.6k,13
1491,Rentokil Pest Control,3.6,(701),Facility Management Services | Mumbai +110 other locations,2k,308
1492,Home First Finance Company India,3.5,(700),NBFC | Mumbai +103 other locations,2.6k,304
1493,Bikanervala,3.9,(700),FMCG | New Delhi +69 other locations,2k,1
1494,Redcliffe Labs,3.9,(699),Healthcare | New Delhi +83 other locations,1.8k,18
1495,Bristlecone,3.6,(698),IT Services & Consulting | Bengaluru +14 other locations,6.1k,81
1496,Genus Power Infrastructures,3.9,(698),Electronics Manufacturing | Jaipur +84 other locations,2.9k,--
1497,TCNS Clothing Company,4.1,(698),Fashion & Textile | New Delhi +110 other locations,1.6k,--
1498,Turtlemint,3.6,(697),Internet | Mumbai +114 other locations,2.5k,9
1499,Visteon,3.2,(697),Auto Components | Chennai +21 other locations,4.6k,23
1500,URC Construction,3.7,(696),Engineering & Construction | Chennai +50 other locations,2.5k,--
1501,Evision Technoserve,4.7,(696),Pune +44 other locations,211,--
1502,Razorpay,3.4,(696),FinTech | Bengaluru +26 other locations,6.3k,35
1503,Raychem RPG,3.7,(695),Electrical Equipment | Mumbai +32 other locations,2.4k,2
1504,Mynd Solutions Private,3.7,(694),BPO | Gurugram +33 other locations,3.2k,--
1505,Thriveni Earthmovers,3.9,(695),Metals & Mining | Jamshedpur +46 other locations,2.5k,--
1506,Bahwan CyberTek,3.4,(694),IT Services & Consulting | Chennai +21 other locations,4.7k,56
1507,Samunnati,4.5,(694),NBFC | Chennai +61 other locations,904,2
1508,Gartner,3.8,(694),Management Consulting | Gurugram +18 other locations,6.4k,60
1509,Amrit Cement,3.9,(693),Building Material | Guwahati +50 other locations,1.5k,16
1510,Apple,4.3,(694),Consumer Electronics & Appliances | Bengaluru +107 other locations,5.3k,230
1511,Diebold Nixdorf,3.6,(692),Software Product | Hyderabad +44 other locations,3.5k,36
1512,Eastman Auto and Power Limited,3.9,(691),Electronics Manufacturing | Gurugram +70 other locations,2k,6
1513,Transsion,4.0,(691),Consumer Electronics & Appliances | Noida +63 other locations,2.7k,4
1514,HSBC Bank,4.0,(690),Banking | Bengaluru +38 other locations,3k,2
1515,Ramky Infrastructure,4.2,(690),Engineering & Construction | Hyderabad +51 other locations,1.9k,--
1516,HRH Next Services,2.9,(689),BPO | Hyderabad +23 other locations,2k,10
1517,Goodyear,3.5,(689),Auto Components | Chhatrapati Sambhajinagar +65 other locations,2.6k,14
1518,Lovely Professional University,3.3,(689),Education & Training | Jalandhar +31 other locations,2k,15
1519,Bharat Serums and Vaccines,3.9,(688),Pharma | Mumbai +65 other locations,2.2k,18
1520,Asb International,3.6,(688),Industrial Machinery | Mumbai +23 other locations,2.7k,--
1521,Embibe,3.4,(687),EdTech | Bengaluru +19 other locations,2.6k,--
1522,Kurlon,4.3,(687),Furniture & Furnishing | Bengaluru +88 other locations,2.1k,--
1523,Toppr,3.4,(685),EdTech | Mumbai +42 other locations,3.2k,--
1524,Csc E Governance Services,3.8,(685),Government | New Delhi +201 other locations,1.7k,6
1525,Infor Global Solution,3.9,(685),Software Product | Hyderabad +9 other locations,6.6k,--
1526,Cotiviti,3.6,(685),Analytics & KPO | Hyderabad +10 other locations,4.4k,31
1527,NSB Bpo Solutions,2.9,(685),BPO | Noida +84 other locations,1.7k,1
1528,LEAP India Limited,4.6,(684),Packaging | Mumbai +47 other locations,1.2k,6
1529,North East Small Finance Bank,3.5,(684),Banking | Guwahati +93 other locations,1.9k,2
1530,Micro Turners,3.8,(684),Auto Components | Baddi +42 other locations,2.2k,3
1531,Bayer Crop Science Vegetable Seeds,4.1,(684),Bengaluru +139 other locations,931,--
1532,Trianz,3.4,(683),IT Services & Consulting | Hyderabad +9 other locations,4.8k,32
1533,Titan Eye Plus,4.1,(683),Other | Kolkata +131 other locations,1.4k,--
1534,Vindhya Telelinks,4.0,(683),Hardware & Networking | Lucknow +93 other locations,2.1k,1
1535,Wolters Kluwer,3.8,(683),Software Product | Pune +16 other locations,4.9k,56
1536,Moglix,3.3,(683),Internet | Noida +39 other locations,3.6k,28
1537,Ness Digital Engineering,3.4,(682),IT Services & Consulting | Bengaluru +11 other locations,5.6k,39
1538,Doosan Power Systems,4.3,(682),Power | Gurugram +31 other locations,2.5k,--
1539,Tredence,3.4,(682),IT Services & Consulting | Bengaluru +9 other locations,6.2k,116
1540,KreditBee,3.5,(683),Internet | Bengaluru +24 other locations,2.5k,30
1541,TTK Prestige,3.8,(681),Consumer Electronics & Appliances | Bengaluru +84 other locations,2.5k,--
1542,Patel Engineering,4.1,(681),Engineering & Construction | Mumbai +69 other locations,2.3k,--
1543,Flash Electronics,3.6,(681),Electronics Manufacturing | Pune +23 other locations,2.5k,--
1544,Radico Khaitan,4.0,(681),Beverage | Rampur +79 other locations,2k,--
1545,Central Bank of India,3.9,(680),Banking | Mumbai +203 other locations,1.5k,--
1546,Orient Cement,4.4,(680),Building Material | Hyderabad +70 other locations,2.4k,--
1547,Office Beacon,4.6,(679),BPO | Vadodara +22 other locations,868,9
1548,Caparo Engineering India,4.0,(679),Auto Components | Chennai +34 other locations,2.5k,--
1549,Testbook.com,3.3,(678),EdTech | Noida +30 other locations,4.4k,--
1550,Kaar Tech,4.4,(678),IT Services & Consulting | Chennai +12 other locations,2k,6
1551,Cohesity,3.9,(679),Software Product | Pune +47 other locations,5.1k,--
1552,ReSource Pro,3.8,(678),BPO | Bengaluru +9 other locations,3.3k,28
1553,Wuerth,3.5,(678),Industrial Machinery | Pune +65 other locations,2.3k,11
1554,IHG,3.5,(678),Hospitality | New Delhi +44 other locations,2.7k,37
1555,Bisk Farm,4.0,(678),Food Processing | Kolkata +138 other locations,1.6k,19
1556,PrimEra Medical Technologies,3.6,(677),IT Services & Consulting | Hyderabad +14 other locations,3.7k,138
1557,Writer Corporation,3.4,(677),Logistics | Mumbai +83 other locations,2.1k,35
1558,Solv,3.5,(677),Internet | Bengaluru +142 other locations,1.7k,--
1559,Keventer,3.8,(677),FMCG | Kolkata +65 other locations,2.1k,5
1560,InternEzy,4.9,(677),EdTech | Chennai +6 other locations,5,4
1561,Medtronic,3.9,(677),Medical Equipment | Hyderabad +46 other locations,4.5k,179
1562,VRL Logistics,3.7,(676),Logistics | Bengaluru +118 other locations,1.6k,--
1563,CtrlS,3.6,(676),IT Services & Consulting | Hyderabad +17 other locations,3.1k,2
1564,Government of India,4.2,(676),Government | New Delhi +159 other locations,3.8k,--
1565,Neeyamo Enterprise Solutions,3.6,(676),Pune +10 other locations,4k,7
1566,Vizag Steel,4.0,(675),Iron & Steel | Visakhapatnam +29 other locations,1.7k,--
1567,Livpure,3.9,(675),Consumer Electronics & Appliances | Gurugram +82 other locations,2.2k,18
1568,Jubilant Ingrevia,3.8,(676),Chemicals | Bharuch +33 other locations,2.9k,--
1569,JSW Energy,4.1,(675),Power | Mumbai +76 other locations,3.5k,--
1570,TVS Electronics,3.7,(674),Electronics Manufacturing | Chennai +73 other locations,2.2k,9
1571,Autoliv,4.0,(674),Auto Components | Bengaluru +23 other locations,2.7k,--
1572,PPG Asian Paints,3.9,(673),Chemicals | Mumbai +56 other locations,2.8k,--
1573,Leverage Edu,4.1,(673),EdTech | Noida +22 other locations,1.7k,44
1574,Emami Agrotech,3.9,(672),Food Processing | Kolkata +65 other locations,2.5k,4
1575,ChannelPlay,3.8,(673),Marketing & Advertising | Gurugram +93 other locations,1.9k,6
1576,BASF,4.2,(671),Chemicals | Mumbai +92 other locations,2.4k,7
1577,Snapdeal,3.8,(671),Internet | Gurugram +31 other locations,2.8k,33
1578,Nephroplus,3.8,(671),Healthcare | Hyderabad +112 other locations,3k,96
1579,Rane NSK Steering Systems,4.0,(672),Auto Components | Chennai +26 other locations,2k,--
1580,Surya Roshni,4.1,(670),Building Material | New Delhi +73 other locations,2.2k,--
1581,Blue Yonder,3.6,(670),Software Product | Bengaluru +13 other locations,7.2k,123
1582,Nomura Holdings,3.7,(670),Investment Banking / Venture Capital / Private Equity | Mumbai +11 other locations,6.8k,284
1583,DAV Public School,4.0,(670),Education & Training | New Delhi +154 other locations,1.3k,--
1584,NextComm Corporation,4.8,(669),Software Product | Bengaluru +8 other locations,36,--
1585,Orient Technologies,3.7,(669),IT Services & Consulting | Mumbai +50 other locations,2.9k,12
1586,Quess IT Staffing Solutions,3.1,(671),Bengaluru +55 other locations,1.6k,--
1587,YOKOGAWA,3.7,(669),Industrial Automation | Bengaluru +24 other locations,3.7k,97
1588,Shalby Hospitals,4.2,(669),Healthcare | Ahmedabad +23 other locations,2.1k,58
1589,Dodla Dairy,4.2,(669),Food Processing | Hyderabad +73 other locations,1.9k,10
1590,Bridgestone - Global Capability Center,4.0,(668),Auto Components | Pune +61 other locations,2.7k,17
1591,EPL Limited,3.8,(666),Packaging | Mumbai +35 other locations,1.8k,--
1592,L&T Power,3.9,(667),Power | Vadodara +98 other locations,3.5k,--
1593,Dhanuka Agritech,3.7,(667),Agro Chemicals | Gurugram +108 other locations,1.8k,2
1594,Future Supply Chain Solutions,4.4,(666),Logistics | Nagpur +70 other locations,2.2k,--
1595,Redington,4.0,(666),Hardware & Networking | Chennai +48 other locations,3k,1
1596,SG Analytics,2.6,(666),Analytics & KPO | Pune +12 other locations,3.4k,18
1597,Lohia Corp,4.0,(666),Industrial Machinery | Kanpur +21 other locations,2.5k,2
1598,Lionbridge Technologies,3.6,(665),Content Development | Mumbai +14 other locations,3.8k,1
1599,Quislex Legal Services,4.0,(664),Legal | Hyderabad +11 other locations,1.8k,--
1600,Capco Technologies,3.7,(663),IT Services & Consulting | Bengaluru +17 other locations,4.9k,146
1601,Kissht Finance,3.9,(663),FinTech | Mumbai +91 other locations,2k,18
1602,R.S. Infraprojects,4.0,(662),Engineering & Construction | Noida +97 other locations,1.6k,5
1603,TransUnion,3.6,(661),Financial Services | Chennai +10 other locations,6k,43
1604,Housing.com,3.6,(660),Internet | Gurugram +43 other locations,2.9k,30
1605,Triveni Engineering & Industries,4.1,(660),Food Processing | Noida +57 other locations,2.4k,--
1606,MPS Limited,3.5,(661),Content Development | Dehradun +24 other locations,2.9k,17
1607,Progressive Infovision,3.8,(660),Recruitment | New Delhi +78 other locations,1.1k,--
1608,Kutumbh Care,4.0,(660),Recruitment | Noida +161 other locations,1.6k,--
1609,Mahindra Integrated Business Solutions,3.4,(659),BPO | Mumbai +84 other locations,2.5k,5
1610,Osource Global,3.5,(661),BPO | Mumbai +25 other locations,2.7k,15
1611,Vasudha Pharma Chem,4.0,(657),Pharma | Visakhapatnam +9 other locations,2.3k,2
1612,Technotask Business Solutions,3.5,(677),BPO | Bhopal +20 other locations,2k,6
1613,Corteva Agriscience,4.2,(657),Agro Chemicals | Hyderabad +106 other locations,2.6k,2
1614,Ingram Micro,3.6,(656),IT Services & Consulting | Mumbai +47 other locations,3.3k,--
1615,Tejas Networks,3.7,(655),Hardware & Networking | Bengaluru +35 other locations,3.8k,--
1616,Qatar Airways,3.5,(655),Aviation | Ahmedabad +28 other locations,2k,7
1617,Omaxe,4.2,(655),Real Estate | New Delhi +24 other locations,2.1k,2
1618,Epicenter Technologies,3.4,(655),BPO | Mumbai +8 other locations,2.3k,1
1619,Saint Gobain Glass,3.8,(656),Building Material | Chennai +56 other locations,2k,--
1620,Saint Gobain Glass,3.8,(656),Building Material | Chennai +56 other locations,2k,--
1621,Neurealm,3.4,(654),IT Services & Consulting | Chennai +14 other locations,5.4k,73
1622,Videocon d2h,3.8,(654),Internet | New Delhi +118 other locations,1.2k,--
1623,Wissen Infotech,3.6,(654),IT Services & Consulting | Bengaluru +15 other locations,4.7k,117
1624,Optimum Infosystem,3.3,(653),IT Services & Consulting | Chennai +17 other locations,3.4k,48
1625,Licious,3.6,(653),Internet | Bengaluru +38 other locations,2.9k,7
1626,Elite Elevators,4.1,(652),Industrial Machinery | Chennai +41 other locations,957,1
1627,PeopleStrong,3.4,(652),Recruitment | Gurugram +20 other locations,3.2k,2
1628,Celebi Aviation Holding,4.0,(651),Aviation | New Delhi +18 other locations,1.1k,--
1629,SMC Global Securities,3.4,(652),Financial Services | New Delhi +89 other locations,2.5k,7
1630,PCBL Chemical Limited,3.9,(650),Petrochemicals | Vadodara +24 other locations,2.6k,20
1631,Indorama,3.9,(650),Agro Chemicals | Haldia +45 other locations,2.2k,3
1632,Healthians,4.1,(650),Internet | Gurugram +49 other locations,1.9k,1
1633,JoulestoWatts Business Solutions,3.5,(649),IT Services & Consulting | Bengaluru +16 other locations,3.2k,2
1634,Sandvik Asia,4.0,(649),Industrial Machinery | Pune +37 other locations,1.6k,--
1635,Welspun World,3.6,(648),Building Material | Anjar +51 other locations,2.5k,81
1636,CJ Darcl Logistics Limited,3.9,(649),Logistics | Gurugram +82 other locations,1.9k,2
1637,HCL Healthcare,4.6,(648),Healthcare | Noida +40 other locations,945,20
1638,CSC,3.5,(648),Financial Services | Bengaluru +24 other locations,4.4k,61
1639,Marlabs,3.5,(647),IT Services & Consulting | Bengaluru +12 other locations,5.1k,1
1640,Marlabs,3.5,(647),IT Services & Consulting | Bengaluru +12 other locations,5.1k,1
1641,TIAA Global Business Services,3.8,(647),Financial Services | Pune +10 other locations,5k,9
1642,Krsnaa Diagnostics,3.6,(647),Healthcare | Pune +96 other locations,1.6k,7
1643,TCI Express,3.9,(645),Logistics | Gurugram +79 other locations,1.8k,--
1644,Magic Edtech,3.6,(645),IT Services & Consulting | Noida +11 other locations,3.6k,11
1645,Data Entry,4.3,(644),BPO | New Delhi +112 other locations,2k,5
1646,My Home Industries,4.0,(644),Building Material | Hyderabad +68 other locations,2.3k,5
1647,Magic Bus India Foundation,3.8,(644),Non-Profit | Mumbai +76 other locations,1.7k,23
1648,Sintex BAPL,3.6,(644),Petrochemicals | Ahmedabad +70 other locations,2.4k,--
1649,Nihilent,3.2,(643),IT Services & Consulting | Pune +8 other locations,5k,28
1650,DeHaat,3.6,(644),Internet | Gurugram +116 other locations,2k,12
1651,Yatra,3.2,(642),Travel & Tourism | Gurugram +20 other locations,3k,2
1652,Shivalik Small Finance Bank,3.8,(642),Banking | Noida +39 other locations,1.7k,7
1653,Uno Mindarika,4.0,(642),Auto Components | Gurugram +26 other locations,2k,--
1654,Tata Power Delhi Distribution,3.8,(642),Power | New Delhi +32 other locations,2.8k,2
1655,Fiat India Automobiles,3.6,(642),Automobile | Pune +23 other locations,2.3k,7
1656,Quality Austria Central Asia,3.5,(643),Other | New Delhi +74 other locations,1.8k,20
1657,Forbes Marshall,3.9,(641),Industrial Machinery | Pune +24 other locations,2.7k,21
1658,Times Group,3.8,(640),Printing & Publishing | Mumbai +48 other locations,4.7k,10
1659,Narayana e-Techno School,3.6,(640),Education & Training | Bengaluru +104 other locations,1.9k,1
1660,Centaur Pharmaceuticals,3.5,(638),Pharma | Pune +66 other locations,2.8k,1
1661,Talentpro,3.8,(638),Recruitment | Chennai +127 other locations,2.3k,61
1662,Alshaya Group,3.8,(637),Retail | Bengaluru +29 other locations,2.3k,--
1663,Pennar Industries,3.4,(636),Engineering & Construction | Hyderabad +31 other locations,3k,2
1664,Carrier,3.7,(636),Industrial Machinery | Hyderabad +51 other locations,4.5k,6
1665,NICE,3.5,(636),Software Product | Pune +15 other locations,4.4k,80
1666,Inspirisys Solution,3.7,(637),IT Services & Consulting | Chennai +56 other locations,3.7k,51
1667,The Lalit,3.5,(635),Hospitality | New Delhi +32 other locations,1.6k,22
1668,ANAROCK Property Consultants,3.6,(635),Real Estate | Mumbai +31 other locations,3k,128
1669,Ramboll,4.0,(635),Engineering & Construction | Gurugram +31 other locations,3.2k,118
1670,Encore Capital Group,3.9,(633),IT Services & Consulting | Gurugram +4 other locations,2.2k,--
1671,ICA Edu Skills,3.8,(633),Education & Training | Kolkata +118 other locations,1.4k,4
1672,bp,3.7,(632),Oil & Gas | Pune +13 other locations,3.9k,25
1673,GKN,3.8,(631),Defence & Aerospace | Pune +29 other locations,2.3k,18
1674,Welspun Corp,4.0,(631),Iron & Steel | Anjar +31 other locations,2k,--
1675,FCC Clutch,3.8,(630),Auto Components | Gurugram +26 other locations,2.3k,--
1676,Continental,3.6,(630),Auto Components | Bengaluru +50 other locations,3.6k,53
1677,Khazana Jewellery,3.9,(630),Jewellery | Chennai +53 other locations,1.7k,17
1678,Corporate Infotech,3.7,(629),IT Services & Consulting | New Delhi +53 other locations,2.2k,5
1679,Philips Innovation Campus,3.7,(629),Software Product | Bengaluru +20 other locations,4.5k,--
1680,Corporate Infotech,3.7,(629),IT Services & Consulting | New Delhi +53 other locations,2.2k,5
1681,Surin Automotive,3.8,(629),Industrial Machinery | Pune +22 other locations,2k,--
1682,Vikram Solar,3.6,(628),Power | Kolkata +43 other locations,2.2k,22
1683,Impetus Technologies,3.4,(628),IT Services & Consulting | Indore +14 other locations,6.1k,47
1684,3M,4.0,(628),Electronics Manufacturing | Bengaluru +53 other locations,3.2k,89
1685,Hetero Healthcare,3.6,(628),Pharma | Hyderabad +77 other locations,2.3k,14
1686,Ferrero,3.9,(628),Food Processing | Pune +101 other locations,2.1k,11
1687,NRB Bearings,4.1,(627),Auto Components | Chhatrapati Sambhajinagar +21 other locations,2k,2
1688,Crowne Plaza,4.1,(626),Hospitality | New Delhi +37 other locations,1.2k,--
1689,NoBrokerHood,2.8,(626),Software Product | Bengaluru +33 other locations,2.1k,8
1690,Electrotherm,4.2,(626),Iron & Steel | Ahmedabad +41 other locations,2.8k,11
1691,B.L. Kashyap & Sons,3.8,(626),Engineering & Construction | Bengaluru +25 other locations,1.7k,13
1692,RealPage,3.6,(625),Software Product | Hyderabad +9 other locations,4k,8
1693,Gainwell Commosales,4.0,(624),Industrial Machinery | Kolkata +82 other locations,2.3k,4
1694,Ebixcash Global Services,3.2,(623),BPO | Mumbai +40 other locations,2.1k,--
1695,ExportersIndia,4.9,(624),Internet | New Delhi +2 other locations,130,8
1696,Danfoss Industries,3.9,(624),Industrial Machinery | Chennai +21 other locations,3.3k,6
1697,Me n Moms,4.2,(623),Retail | Mumbai +66 other locations,1.1k,2
1698,Geojit Financial Services,3.4,(623),Financial Services | Kochi +142 other locations,2.2k,14
1699,Suroj Buildcon,4.1,(622),Engineering & Construction | Pune +48 other locations,1.6k,7
1700,TDS Lithium-Ion Battery,4.2,(623),Auto Components | Ahmedabad +20 other locations,2.1k,--
1701,Suroj Buildcon,4.1,(622),Engineering & Construction | Pune +48 other locations,1.6k,7
1702,MAQ Software,3.3,(622),IT Services & Consulting | Noida +10 other locations,3.8k,1
1703,Varthana,4.0,(621),NBFC | Bengaluru +80 other locations,1.4k,25
1704,TVS Eurogrip,3.7,(621),Auto Components | Madurai +83 other locations,2.1k,--
1705,Turbo Energy,4.2,(620),Auto Components | Chennai +25 other locations,2k,--
1706,Avalon Technologies,3.8,(620),Electronics Manufacturing | Chennai +17 other locations,3.4k,26
1707,Tecnimont,3.9,(620),Engineering & Construction | Mumbai +31 other locations,2.8k,71
1708,UKB Electronics Limited,3.6,(620),Electronics Manufacturing | Noida +24 other locations,2.3k,7
1709,NetConnectGlobal,3.1,(620),IT Services & Consulting | Bengaluru +43 other locations,2.6k,233
1710,Manjushree Technopack,3.5,(620),Bengaluru +34 other locations,2.8k,2
1711,Finova Capital,3.8,(619),NBFC | Jaipur +181 other locations,1.5k,6
1712,Trigent Software,3.4,(618),IT Services & Consulting | Bengaluru +31 other locations,3.9k,4
1713,Revolut,2.6,(618),FinTech | Bengaluru +20 other locations,2.7k,--
1714,Global Healthcare Billing Partners,3.4,(618),BPO | Chennai +15 other locations,3.6k,88
1715,Reliance Jewels,3.8,(617),Jewellery | Mumbai +131 other locations,1.4k,--
1716,South Indian Bank,3.3,(617),Banking | Kochi +83 other locations,3.1k,--
1717,Varun Motors,3.8,(618),Automobile | Hyderabad +42 other locations,2.1k,2
1718,National Stock Exchange of India,3.6,(617),Financial Services | Mumbai +34 other locations,4.4k,6
1719,Careon Healthcare Solutions,3.9,(640),Medical Equipment | Bengaluru +14 other locations,2.8k,1
1720,BDO RISE Private Limited,3.6,(616),Accounting & Auditing | Bengaluru +9 other locations,2.8k,25
1721,Suraksha Diagnostic,3.7,(616),Healthcare | Kolkata +34 other locations,1.6k,13
1722,Airports Authority of India,4.2,(615),Aviation | New Delhi +89 other locations,1.8k,--
1723,Sapphire Foods India,3.8,(615),Hospitality | Mumbai +65 other locations,2k,34
1724,Sir H. N. Reliance Foundation Hospital and Research,4.3,(614),Healthcare | Mumbai +10 other locations,1.1k,50
1725,Collegedunia,3.0,(614),Internet | Gurugram +28 other locations,3.4k,17
1726,Shivam Autotech,3.6,(614),Auto Components | Gurugram +22 other locations,2.3k,--
1727,ACKO,3.5,(614),Insurance | Bengaluru +13 other locations,3k,18
1728,Kaizen IT Services,3.9,(613),IT Services & Consulting | Kolkata +91 other locations,1.3k,--
1729,Pyramid IT Consulting,3.1,(613),Recruitment | Noida +25 other locations,2.8k,2
1730,Netmeds.com,3.8,(613),Pharma | Chennai +125 other locations,2.3k,--
1731,Kajaria Ceramics,3.9,(612),Building Material | New Delhi +83 other locations,2k,3
1732,Hitachi Systems Micro Clinic,4.0,(612),IT Services & Consulting | Mumbai +78 other locations,2.7k,--
1733,Annalect,3.4,(612),Marketing & Advertising | Bengaluru +14 other locations,4.2k,--
1734,IDBI Intech Limited,3.2,(612),IT Services & Consulting | Mumbai +28 other locations,3k,--
1735,Suma Soft,3.5,(612),IT Services & Consulting | Pune +11 other locations,3.1k,26
1736,Sigma Engineered Solutions,3.9,(612),Industrial Machinery | Pune +13 other locations,2.4k,--
1737,Wissen Technology,3.7,(611),IT Services & Consulting | Bengaluru +9 other locations,5k,109
1738,Okaya Power,3.7,(611),Electrical Equipment | New Delhi +88 other locations,2.2k,13
1739,Dr. Batras' Positive Health Clinic,3.8,(611),Healthcare | Mumbai +86 other locations,1.1k,12
1740,Wissen Technology,3.7,(611),IT Services & Consulting | Bengaluru +9 other locations,5k,109
1741,ThoughtWorks,3.9,(610),IT Services & Consulting | Bengaluru +11 other locations,6.7k,15
1742,Aster Dm Healthcare,3.7,(610),Healthcare | Bengaluru +40 other locations,2.9k,144
1743,Monte Carlo,4.2,(610),Fashion & Textile | Ahmedabad +103 other locations,2.4k,--
1744,Maharashtra Seamless,3.5,(610),Building Material | Mumbai +25 other locations,2.2k,1
1745,Chaitanya India Fin Credit,4.0,(611),NBFC | Bengaluru +173 other locations,1.5k,--
1746,Nucleus Software Exports,3.4,(609),Software Product | Noida +12 other locations,4.3k,33
1747,Central Reserve Police Force,4.6,(609),Government | New Delhi +95 other locations,1.3k,--
1748,Shriram Automall,4.0,(609),Internet | New Delhi +108 other locations,1.3k,--
1749,CSM Technologies,4.0,(609),IT Services & Consulting | Bhubaneswar +22 other locations,2.1k,30
1750,EaseMyTrip.com,4.1,(609),Internet | New Delhi +9 other locations,1.4k,69
1751,BrightCHAMPS,4.2,(608),EdTech | Bengaluru +28 other locations,1.1k,11
1752,InsuranceDekho,3.5,(608),Internet | Gurugram +83 other locations,2.1k,21
1753,Sasken,3.6,(609),IT Services & Consulting | Bengaluru +12 other locations,4.2k,44
1754,Sintex Industries,3.9,(609),Industrial Machinery | Ahmedabad +59 other locations,2k,--
1755,Medcode,3.9,(607),IT Services & Consulting | Hyderabad +10 other locations,347,5
1756,Gestamp,3.6,(607),Auto Components | Pune +14 other locations,2.1k,10
1757,SOLAR INDUSTRIES INDIA,3.7,(607),Defence & Aerospace | Nagpur +40 other locations,2.9k,17
1758,Sl Lumax,3.4,(607),Auto Components | Chennai +18 other locations,2.4k,1
1759,Becton Dickinson,4.0,(607),Medical Equipment | Bengaluru +38 other locations,3.4k,144
1760,Hamilton Housewares,3.9,(607),Consumer Electronics & Appliances | Mumbai +54 other locations,2.6k,19
1761,IRB Infrastructure,3.9,(607),Engineering & Construction | Mumbai +71 other locations,1.4k,27
1762,MothersonSumi INfotech & Designs,3.4,(606),IT Services & Consulting | Noida +18 other locations,3.6k,6
1763,Ongc Petro Additions,4.0,(606),Petrochemicals | Bharuch +30 other locations,3.3k,--
1764,Super Smelters,3.7,(606),Iron & Steel | Asansol +24 other locations,2.1k,3
1765,HDFC Asset Management Company,4.1,(606),Financial Services | Mumbai +139 other locations,2.5k,--
1766,Mavenir Systems,3.3,(605),IT Services & Consulting | Bengaluru +19 other locations,3.6k,9
1767,Fiem Industries,3.6,(605),Auto Components | Hosur +29 other locations,2.6k,--
1768,Royal Caribbean International,4.2,(604),Sports & Recreation | Mumbai +25 other locations,727,1
1769,Holiday Inn,4.0,(605),Hospitality | New Delhi +61 other locations,1.4k,--
1770,Action Tesa,3.9,(604),Building Material | Sitarganj +60 other locations,1.3k,6
1771,Einfochips,3.5,(603),IT Services & Consulting | Ahmedabad +13 other locations,3.8k,138
1772,Finastra,3.7,(603),Software Product | Bengaluru +13 other locations,4.5k,27
1773,Vedanta Limited,3.7,(603),Metals & Mining | Lanjigarh +53 other locations,2.7k,--
1774,Dhani Services,3.7,(603),Mumbai +80 other locations,1.2k,--
1775,Carnival Cruise Lines,4.2,(603),Sports & Recreation | Mumbai +31 other locations,691,--
1776,Agrostar,4.0,(602),Internet | Pune +51 other locations,1.5k,25
1777,Serum Institute of India,4.1,(603),Biotechnology | Pune +26 other locations,3.2k,--
1778,Family Health Plan,3.7,(602),Insurance | Hyderabad +36 other locations,2k,3
1779,Sapiens,3.1,(603),Software Product | Bengaluru +8 other locations,5.3k,--
1780,Cyfuture,3.0,(602),IT Services & Consulting | Noida +37 other locations,2.7k,38
1781,ITC Limited Foods Division,3.9,(601),Food Processing | Bengaluru +75 other locations,2k,--
1782,Belstar Microfinance,4.0,(601),NBFC | Chennai +218 other locations,1.5k,--
1783,Royaloak Incorporation,3.7,(601),Furniture & Furnishing | Bengaluru +47 other locations,1.5k,22
1784,BT E Serv,3.9,(600),BPO | Kolkata +6 other locations,2.6k,--
1785,Godrej Industries,4.1,(600),Real Estate | Mumbai +68 other locations,2.9k,167
1786,Polaris Consulting,4.1,(600),IT Services & Consulting | Hyderabad +18 other locations,2.8k,5
1787,ShareChat,3.6,(600),Internet | Bengaluru +42 other locations,2.6k,8
1788,Jain Irrigation Systems,3.7,(600),Agriculture | Jalgaon +88 other locations,1.9k,--
1789,BMC Software,4.0,(598),Software Product | Pune +10 other locations,3.8k,148
1790,Grab A Grub Services,3.9,(599),Logistics | Mumbai +113 other locations,1.8k,--
1791,Schwing Stetter,3.9,(599),Industrial Machinery | Chennai +44 other locations,2.5k,116
1792,Columbia Asia,4.6,(598),Healthcare | Bengaluru +19 other locations,1.4k,--
1793,Renovision Automation Services,3.3,(598),IT Services & Consulting | New Delhi +70 other locations,1.8k,17
1794,Sudarshan Chemical Industries,3.9,(598),Chemicals | Roha +26 other locations,2.7k,--
1795,Cashify,3.8,(598),Internet | Gurugram +58 other locations,2.6k,7
1796,Kirloskar Ferrous Industries,3.6,(598),Iron & Steel | Koppal +22 other locations,2.1k,2
1797,Sanghi Industries,4.0,(598),Building Material | Ahmedabad +31 other locations,2.2k,--
1798,Motilal Oswal Wealth Management,4.4,(598),Financial Services | Mumbai +25 other locations,391,12
1799,Mrs Bector's Food Specialities,3.9,(598),Food Processing | Greater Noida +86 other locations,1.8k,4
1800,Ugam Solution,3.6,(595),IT Services & Consulting | Mumbai +14 other locations,3.5k,16
1801,Rocket India,4.0,(596),Financial Services | Chennai +11 other locations,3.5k,20
1802,VDA Infosolutions,3.8,(594),IT Services & Consulting | Pune +34 other locations,1.9k,1
1803,Blackrock,3.5,(595),Financial Services | Gurugram +18 other locations,7k,--
1804,Nspira Management Services,3.7,(594),BPO | Hyderabad +59 other locations,2.5k,21
1805,Jubilant Agri and Consumer Products,4.0,(594),Chemicals | Gurugram +114 other locations,1.9k,--
1806,Jayaswal Neco Industries,4.1,(594),Iron & Steel | Raipur +30 other locations,2k,--
1807,Toyoda Gosei Minda,4.2,(592),Auto Components | Neemrana +25 other locations,1.8k,--
1808,Finolex Industries,3.6,(599),Building Material | Pune +72 other locations,2.3k,1
1809,CSG International,3.5,(592),IT Services & Consulting | Bengaluru +13 other locations,4.1k,--
1810,Blackberrys,3.7,(591),Fashion & Textile | Gurugram +92 other locations,1.8k,12
1811,Bridge & Roof Co,3.5,(591),Engineering & Construction | Kolkata +64 other locations,2.5k,--
1812,DHL Global Forwarding,4.0,(591),Logistics | Chennai +21 other locations,3.1k,10
1813,Myk Laticrete,3.9,(590),Building Material | Hyderabad +86 other locations,2.1k,12
1814,DealShare,3.6,(590),Internet | Bengaluru +44 other locations,2.5k,--
1815,IKEA,4.0,(590),Retail | Bengaluru +24 other locations,2.1k,1
1816,United Colors of Benetton,4.3,(589),Fashion & Textile | Gurugram +74 other locations,1.3k,1
1817,Hpl Electric & Power,3.7,(589),Electrical Equipment | Gurugram +69 other locations,2.2k,6
1818,Heidelberg Cement,4.1,(588),Building Material | Damoh +78 other locations,1.9k,1
1819,Kellogg,4.2,(587),FMCG | Mumbai +85 other locations,2.2k,--
1820,Medley Pharmaceuticals,3.9,(587),Pharma | Mumbai +75 other locations,1.8k,21
1821,SIS Prosegur Holdings,3.4,(586),Law Enforcement & Security | New Delhi +92 other locations,1.5k,6
1822,AVTEC,3.5,(586),Auto Components | Hosur +26 other locations,2.1k,10
1823,Vedang Cellular Services,3.8,(586),Telecom | Mumbai +68 other locations,1.7k,1
1824,Saudi Aramco,4.5,(586),Oil & Gas | Mumbai +38 other locations,1.4k,--
1825,HLL Lifecare,3.7,(586),Healthcare | Thiruvananthapuram +115 other locations,1.7k,14
1826,Bharat Biotech International,3.1,(586),Biotechnology | Hyderabad +29 other locations,2.2k,12
1827,Inspira Enterprise India Limited,3.6,(588),IT Services & Consulting | Mumbai +36 other locations,3.5k,7
1828,Pathkind Diagnostics Private Limited,4.0,(586),Healthcare | New Delhi +97 other locations,1.8k,7
1829,Excitel Broadband,3.6,(585),Telecom | New Delhi +43 other locations,1.9k,4
1830,Coal India,4.0,(584),Metals & Mining | Kolkata +62 other locations,1.9k,--
1831,Vadilal Industries,4.1,(584),FMCG | Ahmedabad +84 other locations,1.8k,21
1832,Maxicus,4.0,(584),BPO | Vadodara +15 other locations,697,8
1833,Ofbusiness,3.0,(584),Internet | Gurugram +41 other locations,2.5k,70
1834,IDP Education Limited,3.6,(584),Education & Training | Chennai +50 other locations,2.5k,15
1835,Avaada Group,4.3,(582),Power | Noida +66 other locations,2.2k,202
1836,Anmol Industries,3.9,(582),FMCG | Kolkata +87 other locations,1.7k,--
1837,Kiya.ai,3.8,(582),IT Services & Consulting | Mumbai +18 other locations,4.2k,253
1838,Consulting Engineers Group,4.1,(582),Engineering & Construction | Jaipur +70 other locations,1.7k,4
1839,Sterling Oil Exploration & Energy Production,3.5,(581),Oil & Gas | Lagos +22 other locations,1.3k,--
1840,Affinity Express,2.8,(581),Marketing & Advertising | Pune +12 other locations,2.5k,6
1841,Eli Lilly and Company,3.4,(581),Pharma | Bengaluru +18 other locations,4.6k,63
1842,Varindera Constructions,4.4,(581),Engineering & Construction | New Delhi +26 other locations,1.3k,8
1843,Ascent HR Technologies Private Limited,3.7,(580),Software Product | Bengaluru +15 other locations,1.7k,14
1844,Efs Facilities Services,3.7,(580),Facility Management Services | New Delhi +59 other locations,1.4k,11
1845,Jubilant Generics,4.0,(579),Pharma | Roorkee +24 other locations,2.4k,--
1846,EdgeVerve Systems,3.3,(579),Software Product | Bengaluru +15 other locations,4.1k,59
1847,BEML,3.8,(579),Industrial Machinery | Bengaluru +36 other locations,1.7k,--
1848,APL Apollo Tubes,4.0,(579),Iron & Steel | Raipur +47 other locations,1.9k,6
1849,Pamac Finserve,3.2,(578),BPO | Mumbai +59 other locations,1.7k,2
1850,Quest Retail Private Limited,4.1,(578),Retail | Gurugram +64 other locations,934,1
1851,Infinity Learn,4.2,(578),EdTech | Hyderabad +18 other locations,1.9k,70
1852,Hilton,4.1,(578),Hospitality | Bengaluru +40 other locations,1.5k,296
1853,Micromax Informatics,3.9,(577),Consumer Electronics & Appliances | New Delhi +119 other locations,1.3k,--
1854,Capital Numbers Infotech,4.2,(577),IT Services & Consulting | Kolkata +9 other locations,1.2k,17
1855,Hettich,3.7,(577),Furniture & Furnishing | Mumbai +45 other locations,2.4k,13
1856,Accion Labs,3.5,(576),IT Services & Consulting | Bengaluru +13 other locations,4.7k,45
1857,PTC,4.2,(576),Software Product | Pune +40 other locations,3.9k,128
1858,Cvent,3.2,(575),Software Product | Gurugram +9 other locations,4.6k,123
1859,Jindal Poly Films,3.6,(574),Packaging | Nashik +19 other locations,2.4k,2
1860,Orra Fine Jewellery,3.5,(574),Jewellery | Mumbai +51 other locations,1.7k,31
1861,Jindal Poly Films,3.6,(574),Packaging | Nashik +19 other locations,2.4k,2
1862,NLC India Limited,4.4,(574),Metals & Mining | Neyveli +26 other locations,1.2k,--
1863,Lulu International Shopping Mall,3.7,(574),Retail | Lucknow +41 other locations,2.4k,--
1864,GAMMON INDIA,3.7,(574),Engineering & Construction | Mumbai +71 other locations,1.1k,--
1865,Gandhi Automations,4.0,(573),Industrial Machinery | Mumbai +24 other locations,1.3k,31
1866,The Saraswat Co-operative Bank,3.2,(573),Banking | Mumbai +34 other locations,3k,7
1867,Dr. Reddy's Foundation,3.7,(573),Non-Profit | Hyderabad +88 other locations,1.7k,21
1868,Apitoria Pharma,4.2,(573),Pharma | Hyderabad +12 other locations,765,11
1869,Axiscades,3.1,(572),IT Services & Consulting | Bengaluru +12 other locations,3.7k,12
1870,Colt Technology Services,4.2,(572),Hardware & Networking | Gurugram +13 other locations,3.2k,7
1871,Maharashtra State Electricity Distribution Company,4.2,(572),Power | Pune +91 other locations,1.2k,--
1872,Army Public School,4.0,(572),Education & Training | New Delhi +96 other locations,1.2k,--
1873,PureSoftware,2.9,(572),Software Product | Noida +11 other locations,3.7k,36
1874,HashedIn by Deloitte,4.0,(571),IT Services & Consulting | Bengaluru +16 other locations,5.5k,4
1875,Perficient,3.7,(571),IT Services & Consulting | Chennai +11 other locations,4.4k,22
1876,AVEVA,4.0,(571),Software Product | Hyderabad +14 other locations,1.8k,44
1877,PayU Payments,3.3,(570),FinTech | Gurugram +22 other locations,4.2k,125
1878,Vyapar,3.5,(572),Software Product | Bengaluru +39 other locations,2.2k,132
1879,AVIOM,4.0,(570),NBFC | New Delhi +188 other locations,1.2k,1
1880,Crystal Crop Protection,3.9,(570),Agro Chemicals | New Delhi +89 other locations,1.8k,--
1881,WayCool Foods and Products,3.4,(569),FMCG | Chennai +42 other locations,2.9k,--
1882,HBL Power Systems,4.0,(569),Electrical Equipment | Hyderabad +49 other locations,2.1k,13
1883,Fenesta Building Systems,4.0,(568),Building Material | Gurugram +74 other locations,2k,19
1884,Damco Solutions,3.5,(568),IT Services & Consulting | Noida +22 other locations,2.2k,30
1885,Jaipur Rugs,4.3,(568),Fashion & Textile | Jaipur +20 other locations,838,14
1886,TSYS|Total System Services,4.1,(568),FinTech | Pune +10 other locations,4.2k,22
1887,Aurionpro Solutions,3.5,(567),Software Product | Mumbai +49 other locations,3.5k,15
1888,Amway India Enterprises,4.1,(567),Fitness & Wellness | Gurugram +80 other locations,2.1k,4
1889,J K Fenner,3.9,(566),Engineering & Construction | Chennai +56 other locations,2k,6
1890,Applied Materials,3.7,(565),Semiconductors | Bengaluru +11 other locations,4.7k,182
1891,SoftAge Information Technology,3.6,(565),IT Services & Consulting | Gurugram +126 other locations,886,6
1892,Pinnacle Infotech,3.4,(565),IT Services & Consulting | Durgapur +19 other locations,2.8k,9
1893,Country Delight,3.8,(565),Food Processing | Gurugram +35 other locations,2.4k,4
1894,McCain Foods,4.1,(565),FMCG | Mahesana +74 other locations,1.6k,2
1895,FNP,3.7,(564),Retail | New Delhi +19 other locations,2.3k,15
1896,Alcon,3.8,(565),Medical Equipment | Bengaluru +38 other locations,2.9k,46
1897,Maxop Engineering Co.,4.1,(564),Auto Components | Gurugram +15 other locations,2.3k,9
1898,Transport Corporation Of India,3.8,(564),Logistics | Gurugram +81 other locations,1.8k,--
1899,Dishman Carbogen Amcis,3.5,(564),Pharma | Ahmedabad +15 other locations,2.1k,45
1900,Expleo Group,3.4,(564),IT Services & Consulting | Pune +9 other locations,5.5k,40
1901,Prochant,3.9,(563),Analytics & KPO | Chennai +9 other locations,2.3k,44
1902,Baker Hughes,4.1,(563),Oil & Gas | Bengaluru +38 other locations,4.1k,74
1903,Allianz Services,4.2,(563),Insurance | Thiruvananthapuram +13 other locations,2.4k,15
1904,Iron Mountain Inc,3.8,(563),IT Services & Consulting | Bengaluru +49 other locations,3k,91
1905,Levi Strauss & Co.,4.2,(562),Fashion & Textile | Bengaluru +80 other locations,2k,20
1906,Kauvery Hospital,4.0,(561),Healthcare | Chennai +21 other locations,2.1k,2
1907,Empower,4.0,(561),Financial Services | Bengaluru +12 other locations,4k,98
1908,C5i,4.2,(560),Analytics & KPO | Bengaluru +16 other locations,2.8k,29
1909,United Spirits,4.1,(559),Beverage | Bengaluru +95 other locations,1.5k,2
1910,Toyota Industries Engine India,4.3,(559),Auto Components | Bengaluru +15 other locations,1.5k,--
1911,Wow Momo Foods,3.6,(558),Hospitality | Kolkata +53 other locations,1.8k,3
1912,Voyants Solutions,3.7,(558),Engineering & Construction | Gurugram +94 other locations,1.7k,224
1913,Paras Dairy,3.4,(558),Food Processing | New Delhi +59 other locations,1.6k,3
1914,BAXY,4.0,(573),Auto Components | Bhiwadi +38 other locations,2k,--
1915,Lear Corporation,4.0,(557),Auto Components | Pune +19 other locations,2.9k,7
1916,Toothsi,2.7,(557),Internet | Mumbai +19 other locations,2.2k,--
1917,Andritz Hydro Location India,3.8,(557),Chennai +28 other locations,2.7k,22
1918,HUDL,3.2,(558),Software Product | Mumbai +17 other locations,1.9k,--
1919,DB Schenker,4.3,(556),Logistics | Gurugram +40 other locations,2.2k,--
1920,Paramount Health Services Tpa,3.8,(556),Insurance | Mumbai +40 other locations,2.3k,21
1921,ArcelorMittal,4.1,(556),Iron & Steel | Surat +49 other locations,2.9k,8
1922,DB Schenker,4.3,(556),Logistics | Gurugram +40 other locations,2.2k,--
1923,UTL Solar,3.7,(556),Electronics Manufacturing | New Delhi +78 other locations,1.7k,76
1924,Solara Active Pharma Sciences,3.7,(556),Pharma | Visakhapatnam +19 other locations,2.8k,--
1925,Congruex Asia Pacific,3.7,(555),Engineering & Construction | Sahibzada Ajit Singh Nagar +24 other locations,2.3k,3
1926,QSpiders,3.7,(555),Education & Training | Bengaluru +26 other locations,1.8k,22
1927,Genesys International Corporation,3.4,(555),IT Services & Consulting | Mumbai +15 other locations,2.5k,2
1928,Courtyard by Marriott,4.2,(554),Hospitality | Mumbai +41 other locations,1.1k,--
1929,Renault,4.1,(554),Automobile | Chennai +149 other locations,1.8k,--
1930,Matrimonialsindia,4.9,(555),Internet | New Delhi,117,2
1931,BUSINESSNEXT,3.5,(554),Software Product | Noida +9 other locations,3.8k,19
1932,"DATAMARK, Inc.",3.5,(553),BPO | Chennai +13 other locations,1.7k,40
1933,Z X Learning,4.3,(553),EdTech | Lucknow +89 other locations,358,--
1934,MITS Global Consulting,4.5,(553),Recruitment | Mumbai +12 other locations,887,--
1935,Mahendra NextWealth IT,3.4,(552),IT Services & Consulting | Salem +26 other locations,1.8k,7
1936,The Times of India,3.6,(551),Media & Entertainment | New Delhi +53 other locations,2.8k,--
1937,Practo,3.0,(551),Internet | Bengaluru +24 other locations,3k,38
1938,Sandoz,4.0,(551),Pharma | Hyderabad +20 other locations,2.4k,18
1939,Artemis Hospitals,4.1,(551),Healthcare | Gurugram +20 other locations,1.5k,19
1940,Bajaj Consumer Care,3.8,(551),FMCG | Mumbai +111 other locations,1.4k,4
1941,Prestige Group,4.3,(551),Real Estate | Bengaluru +30 other locations,2.5k,15
1942,Laxmi Organic Industries,3.9,(551),Chemicals | Mahad +18 other locations,2k,5
1943,Unimoni,3.9,(550),FinTech | Chennai +134 other locations,2k,6
1944,Ambit Finvest,4.0,(551),NBFC | Mumbai +112 other locations,1.8k,--
1945,FiveS Digital,3.4,(550),BPO | Jamshedpur +27 other locations,1.4k,13
1946,Navin Fluorine International,3.8,(549),Chemicals | Surat +17 other locations,2.6k,2
1947,Harman Finochem,3.6,(550),Pharma | Chhatrapati Sambhajinagar +15 other locations,2.8k,--
1948,Marelli,3.5,(548),Auto Components | Gurugram +18 other locations,2.8k,--
1949,Innominds Software,3.2,(548),IT Services & Consulting | Hyderabad +7 other locations,4.7k,36
1950,General Motors,4.0,(548),Automobile | Pune +36 other locations,2.1k,5
1951,Western Refrigeration,3.8,(547),Industrial Machinery | Vapi +40 other locations,2.3k,10
1952,Inox Wind,3.8,(547),Power | Noida +41 other locations,1.7k,--
1953,Kirloskar Pneumatic,4.0,(547),Industrial Machinery | Pune +21 other locations,2.6k,2
1954,Carlsberg,4.0,(547),Beverage | Gurugram +66 other locations,1.8k,12
1955,Datamatics Business Solutions,3.4,(547),Management Consulting | Mumbai +13 other locations,2.5k,14
1956,Bharat Fritz Werner,3.9,(547),Industrial Machinery | Bengaluru +18 other locations,2.3k,10
1957,SAEL Industries Limited,4.0,(546),Power | New Delhi +62 other locations,1.9k,41
1958,Titan Engineering & Automation,3.8,(546),Engineering & Construction | Hosur +18 other locations,2.7k,4
1959,MR.DIY,3.4,(545),Retail | Mumbai +85 other locations,1.4k,5
1960,Enco Engineers Combine,3.7,(544),Auto Components | Gurugram +17 other locations,1.5k,--
1961,Virtual Employee,3.3,(544),Recruitment | Noida +22 other locations,3.1k,1
1962,Propertypistol Realty,3.7,(544),Internet | Mumbai +25 other locations,2k,30
1963,Kellogg Brown and Root,4.1,(544),Engineering & Construction | Chennai +36 other locations,2.2k,90
1964,Offshore Infrastructures,4.2,(543),Engineering & Construction | Mumbai +51 other locations,1.7k,--
1965,L & W Constructions,3.9,(543),Engineering & Construction | Bengaluru +19 other locations,1.8k,3
1966,LendingKart,3.6,(543),NBFC | Ahmedabad +46 other locations,2.6k,9
1967,Gayatri Projects,3.9,(542),Engineering & Construction | Hyderabad +71 other locations,1.8k,12
1968,Craftsman Automation,3.8,(542),Auto Components | Coimbatore +25 other locations,2.4k,--
1969,GSPANN Technologies,4.1,(542),IT Services & Consulting | Hyderabad +9 other locations,3.5k,71
1970,WPP Media,3.6,(542),Marketing & Advertising | Gurugram +27 other locations,3.9k,3
1971,Utility Powertech,3.8,(541),Power | New Delhi +92 other locations,1.7k,--
1972,BLK Super Speciality Hospital,3.9,(543),Healthcare | New Delhi +16 other locations,1.5k,--
1973,Yokohama,3.7,(541),Auto Components | Bahadurgarh +44 other locations,2.1k,--
1974,Anudip Foundation,3.7,(543),Non-Profit | Kolkata +62 other locations,1.3k,20
1975,Roop Polymers,3.9,(540),Auto Components | Gurugram +25 other locations,1.8k,--
1976,Dhani Healthcare,3.5,(540),FinTech | Gurugram +81 other locations,2.3k,--
1977,Maini Precision Products,3.4,(540),Auto Components | Bengaluru +11 other locations,2.8k,6
1978,RAK Ceramics,3.8,(540),Building Material | Mumbai +61 other locations,1.7k,--
1979,Eicher Motors,4.1,(540),Automobile | Indore +96 other locations,1.6k,--
1980,Bharti Infratel,4.7,(539),Telecom | Gurugram +69 other locations,1.1k,--
1981,Hi Tech Gears,4.0,(539),Auto Components | Bhiwadi +29 other locations,2.1k,--
1982,Sulzer,3.9,(539),Industrial Machinery | Pune +25 other locations,2.7k,6
1983,AM Infoweb,3.8,(538),BPO | Pune +8 other locations,1.4k,27
1984,RadiSys,3.8,(537),Telecom | Bengaluru +11 other locations,2.5k,--
1985,Unified Mentor,4.2,(537),IT Services & Consulting | Bengaluru +44 other locations,381,--
1986,RuralShores,3.6,(537),BPO | Bengaluru +47 other locations,1.1k,6
1987,Fena,4.0,(537),FMCG | New Delhi +84 other locations,1.5k,16
1988,Macawber Beekay,4.2,(537),Industrial Machinery | Noida +56 other locations,1.7k,13
1989,Tracxn,2.8,(536),Internet | Bengaluru +11 other locations,2.3k,101
1990,Vestige,4.3,(536),Fitness & Wellness | New Delhi +110 other locations,1.4k,--
1991,Maxgen Technologies,4.5,(536),IT Services & Consulting | Pune +8 other locations,1.1k,--
1992,Cpf India,4.1,(536),Food Processing | Bengaluru +59 other locations,1.6k,--
1993,Sanmina Sci,4.1,(536),Electronics Manufacturing | Chennai +16 other locations,2.7k,23
1994,Allianz Partners,3.7,(535),Insurance | Gurugram +19 other locations,2.6k,--
1995,RMC Readymix,3.6,(535),Building Material | Mumbai +67 other locations,1.4k,5
1996,Insuremile,4.7,(535),Internet | Bengaluru +16 other locations,75,2
1997,Telenor,4.1,(534),Telecom | Gurugram +115 other locations,580,--
1998,NMDC Limited,4.1,(534),Metals & Mining | Jagdalpur +41 other locations,2k,--
1999,CTS Consulting & Technical Support,3.7,(534),Engineering & Construction | Chennai +31 other locations,6.8k,--
2000,Hitachi Cash Management Services,3.3,(534),Other | Mumbai +98 other locations,1.2k,8
2001,S P Singla Constructions,3.5,(534),Engineering & Construction | Patna +63 other locations,1.6k,--
2002,Haldiram Snacks,3.9,(534),Food Processing | Noida +66 other locations,1.7k,10
2003,Kidzee,3.9,(533),EdTech | Kolkata +119 other locations,1.2k,1
2004,Infiniti Research,3.4,(533),Analytics & KPO | Bengaluru +8 other locations,1.7k,14
2005,Scaler Academy,3.5,(533),EdTech | Bengaluru +8 other locations,2.5k,7
2006,Sterling,4.0,(532),Healthcare | Mumbai +64 other locations,1k,--
2007,Zycus Infotech,2.7,(532),Software Product | Mumbai +9 other locations,3.2k,64
2008,Micron Electricals,4.1,(532),Engineering & Construction | Bengaluru +18 other locations,2.3k,2
2009,Castrol,4.3,(531),Petrochemicals | Mumbai +123 other locations,1.9k,67
2010,Vimta Labs,3.5,(531),Clinical Research | Hyderabad +29 other locations,2.1k,8
2011,Regalix,2.7,(531),Marketing & Advertising | Hyderabad +7 other locations,2.8k,58
2012,Dusters Total Solutions Services,3.9,(530),Facility Management Services | Bengaluru +62 other locations,1.6k,9
2013,CompuCom,3.8,(530),IT Services & Consulting | Pune +7 other locations,3.1k,10
2014,NAV Backoffice,3.8,(531),Accounting & Auditing | Jaipur +10 other locations,2.4k,6
2015,Welspun Enterprises,4.2,(530),Engineering & Construction | Mumbai +48 other locations,1.8k,--
2016,My Home Constructions,4.3,(529),Real Estate | Hyderabad +19 other locations,2.2k,2
2017,Wellness Forever Medicare,3.9,(529),Retail | Mumbai +41 other locations,1.7k,6
2018,Canon,3.9,(529),Consumer Electronics & Appliances | Gurugram +66 other locations,2k,2
2019,Zolo,3.3,(529),Internet | Bengaluru +25 other locations,2.1k,5
2020,DM Immigration Consultant,1.0,(529),Other | Bengaluru +3 other locations,34,--
2021,5paisa Capital Ltd.,4.1,(528),Financial Services | Mumbai +9 other locations,1.6k,5
2022,DFM Foods,4.0,(528),FMCG | New Delhi +79 other locations,1.6k,7
2023,FMC Corporation,3.9,(528),Agro Chemicals | Bharuch +116 other locations,1.7k,--
2024,Reliance Life Sciences,3.6,(528),Clinical Research | Mumbai +34 other locations,2.6k,6
2025,Stock Holding Corporation of India,3.5,(528),Financial Services | Mumbai +101 other locations,1.7k,--
2026,Ralson Tyres Limited,3.6,(528),Auto Components | Ludhiana +53 other locations,2.1k,14
2027,ExxonMobil,3.8,(527),Oil & Gas | Bengaluru +38 other locations,3.8k,364
2028,Systra Consulting,3.9,(527),Engineering & Construction | New Delhi +40 other locations,1.6k,129
2029,BOBCARD Ltd.,4.1,(527),NBFC | Mumbai +107 other locations,1.4k,25
2030,Emaar India Limited,3.6,(527),Real Estate | Gurugram +18 other locations,2.4k,6
2031,Magma General Insurance Limited,3.7,(527),Insurance | Mumbai +87 other locations,2.3k,8
2032,Premier Energies,4.0,(527),Electronics Manufacturing | Hyderabad +25 other locations,1.9k,2
2033,Brigade Group,4.1,(526),Real Estate | Bengaluru +11 other locations,2.6k,37
2034,Mecon,3.8,(526),Metals & Mining | Ranchi +49 other locations,1.7k,--
2035,Capital Business Systems,3.6,(526),IT Services & Consulting | New Delhi +109 other locations,1.6k,13
2036,Chaayos,3.4,(525),Retail | New Delhi +22 other locations,1.6k,14
2037,Satyam Auto Components,3.9,(524),Auto Components | Gurugram +27 other locations,2.2k,1
2038,V.S.T Tillers Tractors,3.5,(524),Industrial Machinery | Bengaluru +56 other locations,1.8k,4
2039,N.C.L. Industries,3.7,(525),Building Material | Hyderabad +70 other locations,1.6k,4
2040,CDK Global,3.8,(524),IT Services & Consulting | Hyderabad +7 other locations,3.4k,37
2041,Uttar Pradesh Power Corporation,4.0,(523),Power | Lucknow +89 other locations,1.3k,--
2042,Legrand,3.7,(524),Electrical Equipment | Mumbai +58 other locations,2.2k,--
2043,Bharat Gears,4.0,(523),Auto Components | Faridabad +24 other locations,2k,--
2044,Innovatiview India Ltd,4.3,(522),Emerging Technologies | Noida +15 other locations,1.3k,17
2045,GUS Education India,3.2,(521),Education & Training | Hyderabad +8 other locations,2.1k,12
2046,Karvy Data Management Services,3.8,(521),Analytics & KPO | Hyderabad +81 other locations,2.2k,--
2047,Wockhardt Hospital,4.0,(521),Healthcare | Mumbai +27 other locations,1.6k,30
2048,House Of Anita Dongre,4.2,(521),Fashion & Textile | Mumbai +48 other locations,1.5k,3
2049,Tradeshala,4.5,(521),Education & Training | Bengaluru +8 other locations,35,--
2050,Ge India Industrial,4.2,(520),Industrial Machinery | Pune +23 other locations,2k,--
2051,Vidal Health Insurance,3.7,(520),Insurance | Bengaluru +37 other locations,1.9k,--
2052,Indecomm Global Services,3.9,(520),IT Services & Consulting | Bengaluru +13 other locations,2.6k,11
2053,MUTHOOT HOMEFIN (I) LTD.,3.8,(520),NBFC | Mumbai +107 other locations,1.3k,--
2054,Hafele,3.9,(519),Furniture & Furnishing | Mumbai +44 other locations,2.1k,21
2055,ACTE,4.7,(519),Education & Training | Chennai +10 other locations,111,1
2056,Foray Software,3.4,(519),IT Services & Consulting | Hyderabad +17 other locations,3.6k,39
2057,Metro Group of Hospitals,3.8,(519),Healthcare | New Delhi +32 other locations,1.3k,57
2058,Aptus Value Housing Finance India,4.1,(518),NBFC | Chennai +153 other locations,1.3k,7
2059,Ziqitza Health Care,3.9,(518),Healthcare | Mumbai +60 other locations,1.2k,--
2060,Suprajit Engineering,3.9,(518),Auto Components | Bengaluru +38 other locations,2.4k,2
2061,EC-Council,4.1,(518),EdTech | Hyderabad +18 other locations,2.5k,19
2062,Quikr,3.5,(517),Internet | Bengaluru +24 other locations,2.1k,9
2063,Pierian Services,3.3,(518),Management Consulting | Bengaluru +19 other locations,2.7k,21
2064,Chemplast Sanmar,3.4,(517),Chemicals | Salem +20 other locations,2.4k,43
2065,JK Tech,3.7,(517),IT Services & Consulting | Bengaluru +20 other locations,3.2k,5
2066,Coats,3.6,(517),Fashion & Textile | Bengaluru +56 other locations,1.8k,33
2067,Consero Global Solutions,3.0,(517),Financial Services | Bengaluru +10 other locations,2.9k,--
2068,DiGibizz,,,Mumbai +162 other locations,1,--
2069,Hitech Projects Limited,4.6,(516),Engineering & Construction | Ahmedabad +8 other locations,653,--
2070,Vishwa Samudra Engineering,3.6,(545),Engineering & Construction | Hyderabad +42 other locations,1.5k,1
2071,ATS Infrastructure,4.1,(516),Real Estate | Noida +12 other locations,1.8k,--
2072,Metriqe Solutions,3.9,(515),BPO | Chennai +5 other locations,1.3k,3
2073,OMICS International,2.5,(514),Printing & Publishing | Hyderabad +6 other locations,1.7k,--
2074,PEGATRON,3.9,(515),Electronics Manufacturing | Chennai +13 other locations,2.1k,--
2075,AML RightSource,2.6,(563),IT Services & Consulting | New Delhi +9 other locations,3.2k,47
2076,RSB Transmissions,3.9,(514),Auto Components | Pune +23 other locations,2.1k,--
2077,Mobikwik,3.5,(514),FinTech | Gurugram +49 other locations,2.5k,24
2078,Amar Ujala,3.9,(514),Printing & Publishing | Noida +54 other locations,1.7k,--
2079,F1 Info Solutions and Services,3.7,(514),IT Services & Consulting | Noida +47 other locations,1.2k,--
2080,AML RightSource,2.6,(563),IT Services & Consulting | New Delhi +9 other locations,3.2k,47
2081,IKF Finance,3.9,(514),NBFC | Hyderabad +128 other locations,1.3k,7
2082,Indian Bank,3.4,(513),Banking | Chennai +118 other locations,1.9k,--
2083,Pitti Engineering,3.8,(513),Industrial Machinery | Hyderabad +13 other locations,2k,3
2084,Lakme,4.1,(513),Beauty & Personal Care | Mumbai +78 other locations,1.6k,--
2085,Metalman Auto,3.9,(513),Auto Components | Chhatrapati Sambhajinagar +23 other locations,1.9k,8
2086,Vivanta by Taj,4.2,(512),Hospitality | New Delhi +48 other locations,1k,--
2087,Morepen Laboratories,3.9,(512),Pharma | New Delhi +48 other locations,1.8k,33
2088,Macquarie Group,3.1,(512),Financial Services | Gurugram +17 other locations,4.6k,129
2089,OutworX,3.5,(512),IT Services & Consulting | Pune +40 other locations,2.2k,9
2090,Hindusthan National Glass,3.7,(512),Packaging | Bahadurgarh +23 other locations,2k,--
2091,Spectrum Talent Management,3.5,(512),Recruitment | Noida +85 other locations,2k,--
2092,Saksoft,3.5,(514),IT Services & Consulting | Bengaluru +18 other locations,3.4k,--
2093,Dr. Agarwal's Eye Hospital,3.8,(511),Healthcare | Chennai +81 other locations,1.7k,55
2094,Hitachi Systems,3.9,(511),IT Services & Consulting | Mumbai +40 other locations,2.6k,2
2095,Galaxy Surfactants,3.8,(511),Chemicals | Mumbai +25 other locations,1.9k,9
2096,Nivea,4.2,(510),Beauty & Personal Care | Mumbai +69 other locations,1.7k,7
2097,Centum Learning,3.8,(509),Education & Training | New Delhi +82 other locations,1.3k,3
2098,AT&T,3.9,(509),Telecom | Bengaluru +18 other locations,4.6k,5
2099,Hero Cycles,3.3,(509),Automobile | Ludhiana +49 other locations,1.8k,3
2100,Centum Learning,3.8,(509),Education & Training | New Delhi +82 other locations,1.3k,3
2101,Securitas,3.8,(509),Law Enforcement & Security | Gurugram +44 other locations,2k,6
2102,Ministry of Defence,4.3,(508),Government | New Delhi +74 other locations,1.8k,--
2103,Kokilaben Dhirubhai Ambani Hospital,3.7,(508),Healthcare | Mumbai +20 other locations,1.7k,38
2104,Poorvika Mobiles,4.0,(508),Retail | Chennai +62 other locations,1.7k,4
2105,Cairn Energy,3.6,(508),Oil & Gas | Barmer +31 other locations,2.9k,--
2106,Ramraj Cotton,4.1,(508),Fashion & Textile | Tiruppur +48 other locations,1.1k,9
2107,Webskitters,3.8,(507),IT Services & Consulting | Kolkata +4 other locations,824,1
2108,Muthoottu Mini Financiers,3.4,(507),NBFC | Bengaluru +100 other locations,1.3k,23
2109,CMR Green Technologies,3.5,(507),Metals & Mining | Faridabad +34 other locations,1.7k,30
2110,Amara Raja Infra,3.9,(506),Engineering & Construction | Hyderabad +53 other locations,1.5k,--
2111,HSBC Global Banking and Markets,3.9,(506),Banking | Bengaluru +15 other locations,3.4k,--
2112,FinThrive,3.5,(506),Analytics & KPO | Chennai +9 other locations,1.5k,5
2113,RapiPay,3.6,(505),FinTech | Noida +110 other locations,1.6k,7
2114,QHTalbros,3.7,(505),Auto Components | Gurugram +26 other locations,1.4k,1
2115,Pace Setters Business Solutions,3.5,(505),BPO | Mumbai +24 other locations,1.2k,2
2116,RSM India,3.3,(504),Mumbai +35 other locations,2.6k,20
2117,Insolutions Global,3.6,(504),FinTech | Mumbai +20 other locations,2.7k,17
2118,Atomberg Technologies,3.8,(504),Consumer Electronics & Appliances | Pune +64 other locations,2.4k,22
2119,Mobile Programming,2.9,(503),IT Services & Consulting | Bengaluru +23 other locations,3.6k,144
2120,Cuemath,3.5,(503),EdTech | Bengaluru +22 other locations,1.9k,30
2121,TÜV Rheinland,4.1,(503),"Testing, Inspection and Certification (TIC) | Bengaluru +69 other locations",1.8k,9
2122,Addverb Technologies,3.5,(503),Industrial Automation | Noida +23 other locations,2.3k,11
2123,Mobile Programming,2.9,(503),IT Services & Consulting | Bengaluru +23 other locations,3.6k,144
2124,Innovaccer,3.3,(502),Software Product | Noida +8 other locations,3.5k,55
2125,BKT Tyres,4.2,(502),Auto Components | Bhuj +32 other locations,1.9k,3
2126,Adda 247,3.6,(502),EdTech | Gurugram +24 other locations,1.8k,30
2127,Deloitte Digital,3.8,(502),IT Services & Consulting | Bengaluru +29 other locations,3.1k,--
2128,Safari Industries India,4.0,(502),Retail | Mumbai +75 other locations,1.8k,6
2129,Great Learning,3.5,(502),EdTech | Bengaluru +12 other locations,3.8k,25
2130,Vakrangee,3.7,(501),BPO | Mumbai +89 other locations,1.1k,--
2131,CARE,4.3,(501),Non-Profit | Patna +114 other locations,1.2k,--
2132,African Industries,3.9,(502),Iron & Steel | Lagos +24 other locations,1k,13
2133,Johnson Matthey,3.8,(500),Metals & Mining | Gurugram +23 other locations,1.9k,7
2134,Voltech,3.4,(500),Electrical Equipment | Chennai +44 other locations,1.6k,--
2135,Dalmia Bharat Group,3.9,(500),Building Material | New Delhi +102 other locations,2k,--
2136,Sarovar Hotels & Resorts,4.1,(500),Hospitality | New Delhi +71 other locations,1.3k,--
2137,Hamdard,4.0,(500),FMCG | New Delhi +75 other locations,1.4k,4
2138,Stylebaazar,4.0,(500),Retail | Kolkata +93 other locations,1.1k,22
2139,Nelito System,3.3,(500),IT Services & Consulting | Mumbai +41 other locations,2.4k,23
2140,Lotus Herbals Private Limited,4.1,(499),Beauty & Personal Care | New Delhi +74 other locations,1.4k,4
2141,Rakuten,3.5,(499),IT Services & Consulting | Bengaluru +11 other locations,5.3k,15
2142,Alchemy Techsol India,3.4,(499),IT Services & Consulting | Bengaluru +20 other locations,2.1k,--
2143,Emerson Electric Co.,4.0,(499),IT Services & Consulting | Pune +25 other locations,3.2k,248
2144,Alight Solutions,3.3,(498),IT Services & Consulting | Gurugram +14 other locations,2.7k,7
2145,Future Lifestyle Fashion,4.2,(498),Retail | Bengaluru +63 other locations,1.6k,--
2146,Tuaman Engineering,4.2,(498),Engineering & Construction | Kolkata +36 other locations,1.5k,1
2147,LIC Housing Finance,3.9,(498),NBFC | Mumbai +123 other locations,1.4k,--
2148,BCG,3.7,(497),Management Consulting | Gurugram +8 other locations,7.7k,22
2149,Micron Technology,3.6,(497),Semiconductors | Hyderabad +16 other locations,4.3k,12
2150,SunTec Web Services,3.2,(497),BPO | New Delhi +9 other locations,1.8k,1
2151,Gyan Dairy,4.0,(498),Food Processing | Lucknow +45 other locations,1.3k,4
2152,Kandhari Beverages,3.8,(497),Beverage | Jammu +50 other locations,1.6k,4
2153,Rusan Pharma,3.5,(496),Pharma | Dehradun +24 other locations,1.8k,10
2154,BharatPe,3.5,(496),FinTech | Gurugram +81 other locations,2.6k,1
2155,ZEISS India,3.7,(496),Industrial Machinery | Bengaluru +35 other locations,2.7k,9
2156,ServiceNow,4.0,(496),Software Product | Hyderabad +15 other locations,5.6k,7
2157,Sheela Foam,3.9,(496),Furniture & Furnishing | Noida +92 other locations,1.5k,4
2158,TRINAMIX,4.4,(496),IT Services & Consulting | Pune +5 other locations,909,25
2159,Global Autotech,4.0,(495),Auto Components | Greater Noida +16 other locations,2.1k,5
2160,Axa XL,3.6,(494),Insurance | Gurugram +6 other locations,3.6k,173
2161,Hinduja Tech,3.2,(493),IT Services & Consulting | Chennai +17 other locations,3.2k,95
2162,Varuna Integrated Logistics,3.8,(493),Logistics | Gurugram +54 other locations,1.6k,7
2163,Pepperfry,3.1,(492),Furniture & Furnishing | Mumbai +38 other locations,2k,6
2164,India Post,3.7,(492),Government | Bengaluru +189 other locations,1.4k,--
2165,ThoughtSol Infotech Limited,4.6,(492),IT Services & Consulting | New Delhi +18 other locations,571,14
2166,Voya India,3.7,(492),Financial Services | Bengaluru +13 other locations,3k,15
2167,Mars International India,4.2,(492),Food Processing | Hyderabad +85 other locations,1.7k,21
2168,Kalyani Technoforge,3.8,(492),Auto Components | Pune +18 other locations,1.9k,8
2169,Markets and Markets,2.8,(492),Analytics & KPO | Pune +17 other locations,2.7k,10
2170,Communications Test Design,3.7,(493),IT Services & Consulting | Bengaluru +51 other locations,1.7k,18
2171,Techwave Consulting,3.7,(493),IT Services & Consulting | Hyderabad +5 other locations,3.6k,14
2172,Go First,3.9,(491),Aviation | Mumbai +34 other locations,2k,--
2173,Texmo Industries,3.8,(491),Industrial Machinery | Coimbatore +36 other locations,1.6k,3
2174,MindGate Solutions,3.1,(491),IT Services & Consulting | Mumbai +10 other locations,3.1k,8
2175,QUICK HEAL TECHNOLOGIES,3.6,(491),Software Product | Pune +46 other locations,2.6k,5
2176,QBurst Technologies,4.3,(491),Software Product | Kochi +16 other locations,4k,33
2177,Jindal Power Limited,4.3,(491),Power | Raigarh +38 other locations,1.6k,17
2178,Value Point Systems,3.5,(490),IT Services & Consulting | Bengaluru +44 other locations,2.2k,34
2179,Yardi Systems,3.6,(490),Software Product | Pune +2 other locations,2.5k,1
2180,Yardi Systems,3.6,(490),Software Product | Pune +2 other locations,2.5k,1
2181,HealthifyMe,2.7,(491),Internet | Bengaluru +18 other locations,1.6k,--
2182,N+A,3.8,(490),Financial Services | Bengaluru +66 other locations,18.1k,5
2183,Medikabazaar,4.3,(489),Medical Equipment | Mumbai +32 other locations,940,3
2184,Tractebel,4.1,(489),Engineering & Construction | Gurugram +89 other locations,1.6k,14
2185,Par Health,4.1,(489),Pharma | Indore +11 other locations,2.1k,--
2186,Juniper Networks,4.2,(488),Hardware & Networking | Bengaluru +8 other locations,4.4k,--
2187,Adani Cement,3.5,(488),Building Material | Ahmedabad +136 other locations,1.9k,--
2188,Maersk Line,4.0,(487),Logistics | Pune +27 other locations,2.4k,--
2189,Sadbhav Engineering,4.2,(487),Engineering & Construction | Ahmedabad +66 other locations,1.2k,--
2190,Trimax IT Infrastructure Services,3.6,(487),IT Services & Consulting | Mumbai +70 other locations,1.1k,--
2191,Kirby Building Systems,4.0,(487),Building Material | Hyderabad +38 other locations,1.9k,2
2192,Ivrcl Infrastructures & Projects,4.3,(486),Engineering & Construction | Hyderabad +54 other locations,839,1
2193,Sterling Holiday Resort,3.8,(486),Hospitality | Chennai +65 other locations,1.5k,8
2194,InCred Finance,3.8,(486),NBFC | Mumbai +67 other locations,2.4k,22
2195,Bira 91,3.3,(486),Beverage | New Delhi +57 other locations,1.5k,--
2196,NJ India Invest,3.7,(486),Financial Services | Surat +81 other locations,1.1k,37
2197,Romsons Group Of Industries,3.7,(485),Medical Equipment | Agra +57 other locations,1.6k,6
2198,Akal Information Systems,4.3,(486),Software Product | New Delhi +52 other locations,1.8k,19
2199,Think Gas Ludhiana,3.6,(485),Oil & Gas | Chennai +50 other locations,2.2k,1
2200,Epiroc,4.1,(484),Industrial Machinery | Bengaluru +27 other locations,2.4k,56
2201,C-Edge Technologies,3.7,(483),IT Services & Consulting | Mumbai +20 other locations,2.7k,5
2202,Saud Bahwan Group,3.6,(482),Automobile | Muscat +26 other locations,988,--
2203,Sri Krishna Pharmaceuticals,3.9,(482),Pharma | Hyderabad +15 other locations,1.8k,--
2204,Mahanagar Gas,4.2,(482),Oil & Gas | Mumbai +26 other locations,2.2k,3
2205,Invesco,3.7,(482),Financial Services | Hyderabad +7 other locations,3.2k,63
2206,Signature Global,3.9,(482),Real Estate | Gurugram +14 other locations,2.2k,8
2207,Quinnox,3.9,(481),IT Services & Consulting | Bengaluru +8 other locations,3.4k,37
2208,Aparna Enterprises,3.9,(481),Building Material | Hyderabad +43 other locations,1.7k,14
2209,Athenahealth Technology,4.1,(481),Software Product | Chennai +10 other locations,3.9k,152
2210,Flowserve,3.8,(481),Industrial Machinery | Bengaluru +16 other locations,3.3k,26
2211,SUEZ Group,4.2,(481),Waste Management | New Delhi +49 other locations,1.9k,7
2212,Otsuka Pharmaceutical India Private Limited,4.1,(481),Pharma | Ahmedabad +41 other locations,1.5k,24
2213,Siemens Healthineers,3.9,(481),Healthcare | Bengaluru +19 other locations,4k,--
2214,GD Goenka Public School,3.4,(481),Education & Training | New Delhi +72 other locations,1.3k,19
2215,Ppap Automotive,3.7,(481),Auto Components | Noida +18 other locations,1.8k,--
2216,Cadbury,4.3,(480),Food Processing | Mumbai +113 other locations,982,--
2217,Grindwell Norton,3.5,(480),Industrial Machinery | Bengaluru +43 other locations,1.7k,--
2218,Orcapod Consulting Services,3.1,(480),IT Services & Consulting | Hyderabad +22 other locations,1.9k,1
2219,Xerox,3.7,(481),Printing & Publishing | Bengaluru +34 other locations,2.1k,30
2220,Grindwell Norton,3.5,(480),Industrial Machinery | Bengaluru +43 other locations,1.7k,--
2221,National Australia Bank,2.9,(479),Banking | Gurugram +9 other locations,3.5k,3
2222,MediBuddy,3.3,(480),Healthcare | Bengaluru +18 other locations,2.3k,38
2223,National Commodities Management Services,4.1,(481),Agriculture | Gurugram +87 other locations,1.4k,1
2224,Plastic Omnium,3.7,(479),Automobile | Pune +17 other locations,2k,37
2225,Vishvaraj Environment,4.0,(478),Waste Management | Nagpur +54 other locations,1.8k,1
2226,LogixHealth,3.4,(478),Analytics & KPO | Bengaluru +10 other locations,2.2k,11
2227,L. N. Malviya Infra Projects Group,3.1,(478),Engineering & Construction | Bhopal +126 other locations,1.2k,38
2228,Cosmo Films,3.7,(478),Packaging | Chhatrapati Sambhajinagar +11 other locations,2k,--
2229,iNurture Education Solutions,2.5,(478),EdTech | Bengaluru +39 other locations,1.4k,3
2230,Jiva Ayurvedic Pharmacy,3.8,(478),Faridabad +47 other locations,1.2k,29
2231,KRBL Limited,3.8,(477),Food Processing | Noida +60 other locations,1.6k,4
2232,Lite Bite Foods,4.4,(477),Hospitality | New Delhi +25 other locations,1.2k,2
2233,Riya Travel,3.6,(477),Travel & Tourism | Mumbai +38 other locations,1.5k,4
2234,Walkaroo International,3.6,(497),Fashion & Textile | Coimbatore +54 other locations,2.3k,96
2235,Bridgestone India Automotive Products,4.1,(477),Auto Components | Gurugram +46 other locations,2.2k,--
2236,Central Public Works Department,4.1,(477),Government | New Delhi +126 other locations,1.2k,--
2237,Kellton,3.0,(476),IT Services & Consulting | Gurugram +19 other locations,3.4k,6
2238,Leighton Contractors,4.1,(476),Engineering & Construction | Mumbai +21 other locations,1.1k,10
2239,Gilbarco Veeder Root,3.8,(476),Industrial Machinery | Mumbai +60 other locations,2.1k,1
2240,ASM Technologies,3.5,(475),Engineering & Construction | Bengaluru +21 other locations,3.4k,22
2241,Visa,3.3,(475),FinTech | Bengaluru +18 other locations,6.5k,39
2242,Symbiotec Pharmalab,4.0,(475),Pharma | Indore +15 other locations,1.9k,3
2243,MathCo,3.0,(475),Analytics & KPO | Bengaluru +7 other locations,2.9k,24
2244,Giesecke & Devrient,3.4,(475),IT Services & Consulting | Gurugram +53 other locations,2.2k,9
2245,Alpla,3.9,(476),Packaging | Hyderabad +27 other locations,1.8k,45
2246,Akamai Technologies,4.4,(475),Software Product | Bengaluru +7 other locations,4k,20
2247,Matrix Business Services,3.5,(474),Analytics & KPO | Chennai +25 other locations,2k,7
2248,Namaste India Foods,3.9,(474),Food Processing | Kanpur +42 other locations,1.2k,--
2249,Teradata,3.6,(473),Software Product | Hyderabad +10 other locations,3.7k,--
2250,Prime Focus Technologies,3.1,(473),Software Product | Bengaluru +17 other locations,2.3k,--
2251,Buzzworks Business Services,3.7,(473),Recruitment | Chennai +69 other locations,2k,3
2252,EID Parry (India),3.9,(474),Food Processing | Chennai +41 other locations,1.5k,--
2253,Westin,4.1,(473),Hospitality | Mumbai +31 other locations,1.2k,--
2254,Suzlon Global Services,3.8,(472),Pune +62 other locations,1.3k,--
2255,Bluestone.com,3.4,(472),Jewellery | Bengaluru +66 other locations,2.1k,3
2256,Tetra Pak,4.1,(472),Packaging | Pune +19 other locations,2.3k,16
2257,Fynd,3.0,(471),Software Product | Mumbai +10 other locations,2.2k,28
2258,Magneti Marelli Motherson Auto System,3.8,(471),Auto Components | Pune +19 other locations,1.3k,--
2259,Saudi Binladin Group,4.2,(471),Engineering & Construction | Jeddah +32 other locations,721,--
2260,McNally Bharat Engineering,4.0,(471),Engineering & Construction | Kolkata +56 other locations,1.4k,1
2261,Keysight Technologies,3.8,(471),Electronics Manufacturing | Gurugram +12 other locations,2.6k,43
2262,Protium Finance,3.8,(471),NBFC | Mumbai +78 other locations,2k,5
2263,Thought Focus,3.3,(471),IT Services & Consulting | Bengaluru +11 other locations,3.5k,64
2264,Knowledgeworks Global,2.9,(471),Printing & Publishing | Mumbai +13 other locations,2.1k,10
2265,Onshore Construction,3.7,(470),Engineering & Construction | Mumbai +43 other locations,1.5k,5
2266,Ramco Industries,4.1,(470),Building Material | Chennai +77 other locations,1.8k,--
2267,Shalimar Paints,3.5,(470),Chemicals | Gurugram +86 other locations,1.6k,--
2268,India Glycols,3.9,(470),Chemicals | Kashipur +25 other locations,1.9k,3
2269,Oriental Structural Engineers,4.3,(470),Engineering & Construction | New Delhi +62 other locations,1.2k,1
2270,Mikuni,4.1,(469),Auto Components | Neemrana +17 other locations,1.4k,2
2271,Star Bazaar,3.8,(469),Retail | Mumbai +41 other locations,1.5k,--
2272,Clove Dental,4.1,(469),Healthcare | New Delhi +18 other locations,1.3k,8
2273,Allana Group of Companies,3.8,(469),Food Processing | Mumbai +39 other locations,1.4k,--
2274,Vindhya e-Info Media,3.5,(469),BPO | Bengaluru +16 other locations,1.1k,1
2275,Jumbotail Technologies,3.7,(468),Retail | Bengaluru +29 other locations,1.6k,5
2276,NBTC GROUP,3.2,(468),Oil & Gas | Chennai +25 other locations,1.1k,3
2277,Bahwan Engineering,4.0,(468),Engineering & Construction | Muscat +24 other locations,988,1
2278,AIG Hospital,4.2,(468),Healthcare | Hyderabad +9 other locations,1.6k,3
2279,Qcon,4.4,(468),Engineering & Construction | Mumbai +29 other locations,1.1k,--
2280,Sany Heavy Industry,3.7,(467),Industrial Machinery | Pune +57 other locations,1.9k,1
2281,Technico Industries,3.5,(467),Auto Components | Gurugram +20 other locations,1.9k,--
2282,Honda Logistics,3.6,(467),Logistics | Bhiwadi +27 other locations,1.5k,2
2283,ESDS Software Solutions,3.4,(467),IT Services & Consulting | Nashik +14 other locations,3k,--
2284,Bhilosa Industries,3.7,(467),Fashion & Textile | Dadra & Nagar Haveli +13 other locations,2.2k,8
2285,Brainvire,2.9,(466),IT Services & Consulting | Ahmedabad +10 other locations,1.6k,26
2286,Marble Box,3.7,(466),BPO | Kolkata +6 other locations,918,--
2287,Sayaji Hotels,4.2,(466),Hospitality | Indore +38 other locations,1k,4
2288,Gopal Snacks Limited,4.2,(466),FMCG | Rajkot +100 other locations,1.2k,2
2289,Gulf Oil Lubricants,4.0,(465),Oil & Gas | Mumbai +81 other locations,1.7k,3
2290,Samsung Display,3.9,(465),Electronics Manufacturing | Noida +12 other locations,2.1k,2
2291,Iol Chemicals & Pharmaceuticals,3.8,(465),Pharma | Barnala +16 other locations,1.9k,3
2292,Saxo Bank,3.7,(465),Gurugram +5 other locations,2.5k,10
2293,CollegeDekho,2.8,(466),EdTech | Gurugram +24 other locations,2.4k,8
2294,NKG Infrastructure,3.2,(464),Engineering & Construction | New Delhi +46 other locations,1.4k,8
2295,Greenpanel Industries,4.0,(464),Furniture & Furnishing | Srikalahasti +73 other locations,1.8k,--
2296,Liberty General Insurance,3.7,(464),Insurance | Mumbai +84 other locations,1.8k,3
2297,Xanadu,3.8,(464),Real Estate | Mumbai +13 other locations,1.8k,1
2298,Allied Blenders & Distillers,4.0,(464),Beverage | Mumbai +82 other locations,1.5k,--
2299,Essjay Ericsson,4.2,(463),Analytics & KPO | New Delhi +79 other locations,864,--
2300,Godrej Interio,3.8,(463),Furniture & Furnishing | Mumbai +66 other locations,2k,--
2301,MagicPin,2.5,(463),Internet | Gurugram +19 other locations,1.9k,12
2302,smartData Enterprises,3.0,(463),IT Services & Consulting | Nagpur +12 other locations,1.6k,8
2303,Jindal Aluminium,3.9,(463),Metals & Mining | Bengaluru +19 other locations,1.9k,23
2304,Meghmani Organics,3.7,(463),Chemicals | Bharuch +26 other locations,2.3k,5
2305,Atyati Technologies,4.0,(463),IT Services & Consulting | Bengaluru +99 other locations,1.5k,1
2306,Aludecor Lamination,3.9,(463),Building Material | Haridwar +50 other locations,1.6k,6
2307,Avery Dennison,3.7,(463),Packaging | Bengaluru +32 other locations,2k,29
2308,British Council,3.5,(463),Education & Training | New Delhi +24 other locations,2k,--
2309,Tata International,3.4,(463),Import & Export | Mumbai +40 other locations,2.1k,20
2310,Cloud4C,3.5,(463),IT Services & Consulting | Hyderabad +9 other locations,3k,6
2311,Equiniti,3.6,(463),Financial Services | Chennai +4 other locations,3.1k,73
2312,Paradeep Phosphates,3.9,(462),Agro Chemicals | Paradip +49 other locations,1.5k,2
2313,Landis+Gyr,2.9,(462),Electrical Equipment | Noida +11 other locations,2.8k,38
2314,GHCL Limited,3.9,(462),Chemicals | Sutrapada +29 other locations,1.6k,--
2315,Revent Group,3.8,(462),Auto Components | Gurugram +32 other locations,699,--
2316,PC Solutions,4.1,(462),IT Services & Consulting | New Delhi +17 other locations,1.3k,3
2317,Symphony,4.6,(462),Consumer Electronics & Appliances | Ahmedabad +88 other locations,1k,1
2318,Common Service Centres,4.4,(462),Government | New Delhi +183 other locations,1.2k,--
2319,Dana India,4.0,(462),Auto Components | Pune +26 other locations,1.7k,5
2320,Nash Industries,3.5,(462),Industrial Machinery | Bengaluru +15 other locations,2.3k,7
2321,Paharpur Cooling Towers,4.0,(461),Industrial Machinery | Kolkata +50 other locations,1.9k,6
2322,Anthem Biosciences,3.9,(461),Pharma | Bengaluru +15 other locations,2.6k,2
2323,Mediterranean Shipping Company,4.0,(461),Ports & Shipping | Chennai +37 other locations,2.3k,1
2324,RND Softech,3.0,(461),BPO | Coimbatore +11 other locations,1.9k,2
2325,SBI Mutual Fund,3.8,(462),Financial Services | Mumbai +151 other locations,1.8k,25
2326,Thales,3.6,(461),IT Services & Consulting | Noida +18 other locations,3.4k,121
2327,Moon Beverages,3.9,(460),Beverage | New Delhi +39 other locations,1.6k,4
2328,Novotel Hotels,4.0,(460),Hospitality | Mumbai +32 other locations,1.3k,--
2329,Encube Ethicals,3.7,(460),Pharma | Mumbai +28 other locations,2.3k,15
2330,Sulekha.com,3.3,(460),Internet | Chennai +19 other locations,1.7k,14
2331,CommScope,3.8,(460),Telecom | Bengaluru +20 other locations,3.1k,4
2332,Visaka Industries,3.8,(459),Building Material | Hyderabad +60 other locations,1.7k,21
2333,Venky's,3.7,(459),Food Processing | Pune +70 other locations,1.5k,--
2334,Numeric UPS,4.0,(471),Consumer Electronics & Appliances | Chennai +76 other locations,1.2k,34
2335,Aimil Pharmaceuticals,3.6,(458),Pharma | New Delhi +60 other locations,1.9k,1
2336,GM Modular,3.8,(458),Electrical Equipment | Mumbai +72 other locations,1.8k,39
2337,Del Monte Foods,4.1,(458),Food Processing | Gurugram +61 other locations,1.5k,11
2338,ZF Friedrichshafen,3.8,(457),Auto Components | Chennai +17 other locations,2.1k,--
2339,Cera Sanitaryware,4.1,(458),Building Material | Ahmedabad +77 other locations,1.7k,1
2340,Comcast,3.9,(457),Telecom | Chennai +12 other locations,4.8k,--
2341,Subex,3.4,(456),Software Product | Bengaluru +10 other locations,3.2k,4
2342,WM Universal Solutions Private Limited,3.6,(456),Waste Management | Indore +18 other locations,2.2k,147
2343,Mediamint,2.8,(455),Marketing & Advertising | Hyderabad +8 other locations,2.9k,65
2344,Loadshare Networks,3.6,(455),Logistics | Bengaluru +74 other locations,1.7k,17
2345,Seoyon E-hwa Automotive,3.5,(455),Auto Components | Chennai +19 other locations,2.3k,2
2346,Torrent Gas,3.1,(455),Oil & Gas | Ahmedabad +31 other locations,2.2k,3
2347,Texmaco Rail and Engineering,3.8,(455),Engineering & Construction | Kolkata +51 other locations,1.7k,16
2348,Almarai,4.2,(455),Food Processing | Riyadh +43 other locations,835,--
2349,Sahyadri Hospital,4.2,(455),Healthcare | Pune +11 other locations,1.4k,57
2350,ITI,3.6,(454),Hardware & Networking | Bengaluru +86 other locations,1.4k,--
2351,Flamingo Pharmaceuticals,3.2,(454),Pharma | Mumbai +11 other locations,1.9k,36
2352,Prism Cement,4.0,(454),Building Material | Satna +77 other locations,1.2k,1
2353,Kiswok Industries,3.3,(454),Iron & Steel | Kolkata +8 other locations,1.8k,12
2354,Indofil Industries,4.1,(454),Agro Chemicals | Bharuch +55 other locations,1.9k,--
2355,Realty Assistant,3.7,(455),Real Estate | Noida +17 other locations,632,16
2356,Dharampal Premchand,4.3,(454),FMCG | Noida +70 other locations,1.3k,--
2357,Iksula,3.2,(453),IT Services & Consulting | Mumbai +11 other locations,2k,4
2358,Railtel Corporation Of India,3.6,(453),Hardware & Networking | New Delhi +74 other locations,2k,--
2359,Hyundai Glovis,3.8,(453),Logistics | Anantapur +21 other locations,1.9k,5
2360,MKC Infrastructure Ltd.,3.5,(453),Engineering & Construction | Gandhinagar +49 other locations,1.4k,11
2361,Hyundai Glovis,3.8,(453),Logistics | Anantapur +21 other locations,1.9k,5
2362,Yethi Consulting,3.4,(453),IT Services & Consulting | Bengaluru +11 other locations,3.1k,10
2363,ByteDance,4.0,(453),Internet | Gurugram +14 other locations,2.2k,--
2364,Vijai Electricals,3.7,(453),Power | Hyderabad +45 other locations,1.3k,5
2365,Bandhan Life,3.2,(452),Insurance | Mumbai +86 other locations,1.2k,22
2366,TriGeo Technologies,3.2,(452),IT Services & Consulting | Hyderabad +5 other locations,1.7k,--
2367,LuLu Group International,3.4,(452),Retail | Kochi +40 other locations,2.2k,2
2368,Stovekraft,4.0,(452),Consumer Electronics & Appliances | Bengaluru +56 other locations,1.8k,--
2369,CS TECH Ai,4.0,(451),IT Services & Consulting | Nagpur +47 other locations,1.6k,47
2370,Jupiter Hospital,3.9,(452),Healthcare | Pune +14 other locations,1.6k,8
2371,OLX Autos,3.9,(451),Internet | Gurugram +35 other locations,1.5k,--
2372,Henkel Adhesives Technologies,4.1,(451),Chemicals | Pune +29 other locations,2k,7
2373,Pratham Education Foundation,4.1,(451),Education & Training | New Delhi +110 other locations,950,7
2374,Kaynes Technology,3.3,(450),Electronics Manufacturing | Mysuru +17 other locations,1.6k,3
2375,Khadims,3.7,(450),Fashion & Textile | Kolkata +65 other locations,1.3k,--
2376,Stryker,3.9,(450),Medical Equipment | Gurugram +23 other locations,3.6k,132
2377,Prodair Air Products,3.6,(450),Oil & Gas | Pune +21 other locations,2.3k,--
2378,Kyungshin Industrial Motherson,3.3,(450),Electrical Equipment | Chennai +18 other locations,2.1k,--
2379,Bharat Bijlee,4.2,(449),Electrical Equipment | Mumbai +25 other locations,1.5k,9
2380,RPG Life Sciences,3.7,(450),Pharma | Ankleshwar +47 other locations,1.6k,15
2381,Red Hat,4.3,(449),Software Product | Pune +14 other locations,3.6k,85
2382,SISL Infotech,3.5,(449),IT Services & Consulting | New Delhi +41 other locations,2.4k,181
2383,Kolte Patil Developers,4.0,(449),Real Estate | Pune +9 other locations,2k,29
2384,Realme,3.7,(450),Consumer Electronics & Appliances | Gurugram +101 other locations,1.5k,--
2385,Orient Craft,3.8,(448),Fashion & Textile | Gurugram +14 other locations,1.4k,--
2386,B. Braun Medical,4.1,(448),Healthcare | Mumbai +49 other locations,1.6k,--
2387,JNS Instruments,3.9,(448),Industrial Machinery | Gurugram +23 other locations,1.8k,--
2388,Balmer Lawrie,3.6,(448),Packaging | Kolkata +36 other locations,1.8k,30
2389,Portea Medical,3.8,(447),Healthcare | Bengaluru +44 other locations,1.3k,--
2390,Usha Martin,4.0,(447),Iron & Steel | Ranchi +28 other locations,1.4k,1
2391,Synopsys,3.6,(448),Semiconductors | Bengaluru +10 other locations,3.7k,74
2392,Puravankara,3.5,(447),Real Estate | Bengaluru +13 other locations,1.9k,23
2393,Miracle Software Systems,3.8,(447),IT Services & Consulting | Visakhapatnam +12 other locations,1.9k,38
2394,St. Xavier's High School,3.7,(447),Pharma | Gurugram +126 other locations,1.5k,34
2395,Mahle Anand Thermal Systems,4.1,(447),Auto Components | Pune +16 other locations,1.6k,--
2396,AIRBUS,3.6,(447),Aviation | Bengaluru +11 other locations,4.5k,3
2397,Karvy Data Management,3.3,(446),Hyderabad +41 other locations,826,--
2398,Clix Capital Services,4.0,(446),NBFC | Gurugram +37 other locations,1.5k,47
2399,Eurokids,4.0,(446),Education & Training | Mumbai +73 other locations,1.3k,2
2400,Yusen Logistics,4.0,(446),Logistics | Mumbai +37 other locations,1.7k,7
2401,Clix Capital Services,4.0,(446),NBFC | Gurugram +37 other locations,1.5k,47
2402,Dow Chemical International Private Limited,3.6,(446),Chemicals | Chennai +17 other locations,2.2k,48
2403,Kaya Skin Clinic,3.6,(445),Beauty & Personal Care | Mumbai +36 other locations,1.2k,21
2404,Toyota,4.2,(445),Automobile | Bengaluru +113 other locations,1.8k,--
2405,Paper Boat(Hector Beverages Pvt. Ltd.),3.9,(445),Beverage | Bengaluru +106 other locations,1.3k,4
2406,Titagarh Rail Systems,2.8,(445),Railways | Kolkata +18 other locations,1.7k,--
2407,Corona Remedies,4.2,(446),Pharma | Ahmedabad +67 other locations,1.4k,--
2408,TresVista,2.4,(445),Analytics & KPO | Pune +11 other locations,3k,32
2409,SMEC,3.6,(445),Real Estate | Bengaluru +65 other locations,1.5k,27
2410,Purplle.com,3.6,(445),Retail | Mumbai +36 other locations,2k,44
2411,NR Switch N Radio Services,3.8,(444),Telecom | Kota +75 other locations,1.1k,12
2412,BSCPL Infrastructure,3.9,(444),Engineering & Construction | Hyderabad +47 other locations,1.3k,13
2413,Reliance Infrastructure,4.1,(444),Engineering & Construction | Mumbai +63 other locations,2k,--
2414,In Time Tec Visionsoft,3.4,(444),IT Services & Consulting | Jaipur +10 other locations,2.4k,21
2415,Ciena,4.0,(444),Telecom | Gurugram +12 other locations,3.2k,--
2416,GS Lab,3.7,(444),IT Services & Consulting | Pune +8 other locations,3.5k,--
2417,Grant Thornton Bharat,3.5,(445),Accounting & Auditing | Gurugram +36 other locations,2.4k,6
2418,Caresoft Global,3.3,(444),Automobile | Coimbatore +14 other locations,3.3k,--
2419,T.v. Sundram Iyengar & Sons,3.9,(443),Automobile | Chennai +78 other locations,1.1k,--
2420,Gokaldas Exports,3.9,(444),Fashion & Textile | Bengaluru +24 other locations,1.7k,15
2421,Pocket FM,2.7,(443),Media & Entertainment | Bengaluru +17 other locations,1.8k,11
2422,NetApp,3.7,(441),IT Services & Consulting | Bengaluru +9 other locations,4.1k,18
2423,AVAYA,3.2,(442),Software Product | Pune +17 other locations,2.9k,1
2424,Espire Infolabs,2.5,(442),IT Services & Consulting | Gurugram +9 other locations,2.5k,24
2425,CodeClouds,4.0,(442),Software Product | Kolkata +6 other locations,1.2k,39
2426,SPAR Hypermarkets,3.9,(442),Retail | Bengaluru +30 other locations,1.3k,--
2427,Honour Lab,3.9,(442),Pharma | Hyderabad +18 other locations,1.8k,--
2428,Majesco,3.0,(442),IT Services & Consulting | Mumbai +9 other locations,3.2k,14
2429,Gaurs Group,4.2,(441),Real Estate | Noida +13 other locations,1.5k,11
2430,Ashapura Group Of Industries,4.1,(441),Metals & Mining | Bhuj +33 other locations,1.8k,8
2431,Infovision,3.5,(441),IT Services & Consulting | Pune +12 other locations,4k,68
2432,Fuji Electric,3.6,(440),Electronics Manufacturing | Chennai +38 other locations,1.8k,5
2433,Speridian Technologies,3.3,(440),IT Services & Consulting | Bengaluru +20 other locations,3.2k,9
2434,Head Field Solutions,4.1,(440),Recruitment | Noida +6 other locations,1.3k,2
2435,Kataria Automobiles,3.6,(440),Automobile | Ahmedabad +27 other locations,1.5k,9
2436,FabHotels,3.2,(440),Hospitality | Gurugram +33 other locations,2k,58
2437,DB Power Limited,4.7,(439),Power | Raigarh +13 other locations,745,--
2438,Rapido,3.5,(439),Internet | Bengaluru +61 other locations,2.3k,35
2439,LT Foods,3.9,(439),FMCG | Gurugram +62 other locations,1.6k,--
2440,NTPC GE Power Services,3.9,(439),Power | Jharsuguda +27 other locations,1.5k,4
2441,Brembo Brake India,4.1,(439),Auto Components | Pune +16 other locations,1.6k,--
2442,ELGI Equipments,4.1,(439),Industrial Machinery | Coimbatore +32 other locations,2k,3
2443,Ergode IT Services,3.3,(438),IT Services & Consulting | Mumbai +11 other locations,1.4k,57
2444,SABIC,4.1,(438),Chemicals | Bengaluru +21 other locations,1.5k,2
2445,Go Colors,3.9,(437),Fashion & Textile | Chennai +72 other locations,989,--
2446,Confidence Petroleum India,3.0,(437),Oil & Gas | Nagpur +51 other locations,1.7k,23
2447,Zscaler Softech,3.3,(437),Software Product | Bengaluru +15 other locations,3k,95
2448,H & R Johnson,3.4,(437),Building Material | Mumbai +75 other locations,1.2k,--
2449,Infosys Consulting,3.4,(437),IT Services & Consulting | Bengaluru +28 other locations,3.9k,--
2450,DesignTech Systems,3.4,(437),IT Services & Consulting | Pune +34 other locations,2k,20
2451,Nuvama Wealth and Investment,3.3,(437),Financial Services | Mumbai +56 other locations,2.3k,11
2452,Birla White,4.1,(437),Building Material | Jodhpur +110 other locations,1.2k,--
2453,Self Practice,4.4,(437),Analytics & KPO | New Delhi +125 other locations,6.1k,--
2454,Infotact Solutions,4.4,(437),IT Services & Consulting | Bengaluru +16 other locations,46,--
2455,K D Hospital,4.5,(436),Healthcare | Ahmedabad +8 other locations,347,22
2456,Nagarjuna Fertilizers and Chemicals,4.1,(436),Agro Chemicals | Kakinada +70 other locations,1.3k,--
2457,Montecarlo Construction,4.1,(436),Engineering & Construction | Ahmedabad +81 other locations,1.3k,--
2458,Indian Immunologicals,4.2,(436),Biotechnology | Hyderabad +30 other locations,1.6k,--
2459,PULSUS HealthTech Group,3.2,(435),Printing & Publishing | Visakhapatnam +8 other locations,1.3k,15
2460,Transasia Bio-Medicals,3.3,(435),Biotechnology | Mumbai +54 other locations,1.7k,--
2461,Flipkart Health+,3.5,(435),Internet | Kolkata +38 other locations,1.6k,--
2462,Mjunction Services,3.9,(435),IT Services & Consulting | Kolkata +29 other locations,1.8k,1
2463,SBI Capital Markets,3.6,(435),Financial Services | Mumbai +132 other locations,2.2k,--
2464,PULSUS HealthTech Group,3.2,(435),Printing & Publishing | Visakhapatnam +8 other locations,1.3k,15
2465,Anunta Technology Management Services,3.4,(434),IT Services & Consulting | Mumbai +20 other locations,2.2k,11
2466,Tao Digital,3.6,(434),IT Services & Consulting | Hyderabad +8 other locations,1.3k,63
2467,Aker Solutions,4.0,(434),Engineering & Construction | Pune +10 other locations,2.2k,6
2468,Allegis Group,3.5,(434),Recruitment | Bengaluru +13 other locations,2.7k,--
2469,Aptech,3.3,(434),Education & Training | Mumbai +72 other locations,1.7k,--
2470,TruBridge Healthcare Private Limited,4.0,(434),Analytics & KPO | Mumbai +5 other locations,627,13
2471,Bengal Beverages,3.1,(434),Beverage | Kolkata +14 other locations,1.4k,1
2472,IL&FS Engineering and Construction,4.5,(434),Engineering & Construction | Hyderabad +52 other locations,945,6
2473,Kothari Agritech,4.2,(433),Building Material | Solapur +125 other locations,710,5
2474,Neilsoft,3.1,(433),Engineering & Construction | Pune +11 other locations,2.9k,40
2475,SoftwareOne,3.7,(433),Software Product | Gurugram +18 other locations,3.6k,32
2476,Knack RCM,3.1,(433),BPO | Jaipur +11 other locations,1.7k,14
2477,Avalara Technologies,3.0,(433),Software Product | Pune +6 other locations,3.2k,86
2478,Deluxe Entertainment,3.5,(433),Media & Entertainment | Bengaluru +12 other locations,2.5k,7
2479,Alankit,3.2,(433),Financial Services | New Delhi +40 other locations,1.3k,26
2480,Deluxe Entertainment,3.5,(433),Media & Entertainment | Bengaluru +12 other locations,2.5k,7
2481,Ozone Overseas,3.9,(432),Building Material | New Delhi +59 other locations,1.4k,22
2482,ZTE Corporation,4.0,(432),Telecom | Gurugram +45 other locations,1.2k,2
2483,Regency Hospital Ltd,4.1,(432),Healthcare | Kanpur +17 other locations,1.4k,9
2484,Reshamandi,3.5,(431),Fashion & Textile | Bengaluru +33 other locations,591,--
2485,Midland Microfin Limited,3.5,(431),NBFC | Jalandhar +130 other locations,907,--
2486,Sunwoda Electronic India Pvt Ltd,3.9,(431),Electronics Manufacturing | Noida +8 other locations,1.9k,1
2487,GTL Infrastructure,4.1,(431),Hardware & Networking | Mumbai +48 other locations,888,--
2488,Freecharge,3.8,(432),FinTech | Gurugram +62 other locations,2.8k,48
2489,AQM Technologies,3.2,(431),IT Services & Consulting | Mumbai +13 other locations,3.4k,13
2490,Powerweave,3.3,(430),BPO | Mumbai +8 other locations,1.7k,--
2491,Dee Piping System,4.1,(430),Engineering & Construction | Faridabad +21 other locations,1.6k,2
2492,Rieter,3.5,(430),Industrial Machinery | Pune +15 other locations,2.3k,6
2493,Bhagwati Products,3.6,(430),Consumer Electronics & Appliances | Noida +19 other locations,1.1k,--
2494,Tata Steel Downstream Products,3.7,(430),Iron & Steel | Jamshedpur +38 other locations,1.4k,6
2495,IndusInd Capital,3.9,(430),Financial Services | Mumbai +87 other locations,1.9k,2
2496,Mashreq Global Services,3.1,(430),Financial Services | Bengaluru +10 other locations,2.5k,82
2497,360 Realtors,3.5,(429),Real Estate | Pune +25 other locations,1.5k,--
2498,Cipla Health,4.1,(429),Pharma | Mumbai +87 other locations,1.4k,--
2499,TotalEnergies,3.8,(429),Oil & Gas | Mumbai +64 other locations,1.6k,1
2500,Meyer Organics,3.7,(430),Pharma | Mumbai +71 other locations,1.5k,17
2501,Godrej Jersey,4.1,(429),Food Processing | Hyderabad +44 other locations,1.3k,--
2502,Polestar Analytics,4.1,(429),IT Services & Consulting | Noida +9 other locations,1.2k,16
2503,Welspun Transformation Services Limited,3.9,(430),IT Services & Consulting | Ahmedabad +12 other locations,773,--
2504,Cimpress,3.8,(430),Printing & Publishing | Mumbai +9 other locations,2.9k,6
2505,Capital Foods,4.2,(429),Food Processing | Mumbai +74 other locations,1.3k,--
2506,ARMSOFTECH.AIR,3.3,(428),IT Services & Consulting | Chennai +16 other locations,1.4k,--
2507,Konexions Back Office Services,2.7,(428),BPO | New Delhi +19 other locations,1.6k,5
2508,Ind-Swift Laboratories,3.9,(427),Pharma | Chandigarh +26 other locations,1.6k,1
2509,Le Méridien,4.2,(427),Hospitality | New Delhi +27 other locations,1.1k,--
2510,IIMI Image Management Private Limited,4.1,(427),BPO | Kolkata +5 other locations,560,--
2511,Dun & Bradstreet,3.0,(427),Analytics & KPO | Mumbai +16 other locations,3k,25
2512,Kutchina,3.4,(426),Consumer Electronics & Appliances | Kolkata +65 other locations,1.2k,2
2513,Paynearby Technologies,4.0,(426),FinTech | Mumbai +119 other locations,1.4k,--
2514,Nexteer Automotive,3.8,(426),Auto Components | Bengaluru +11 other locations,2.6k,3
2515,ABCI Infrastructures,3.4,(426),Engineering & Construction | Bengaluru +56 other locations,6.6k,7
2516,Ami Lifesciences,3.8,(426),Pharma | Vadodara +10 other locations,1.7k,--
2517,Rakuten Symphony,3.5,(427),Telecom | Indore +9 other locations,3.6k,12
2518,Sterling Tools,3.9,(428),Auto Components | Faridabad +15 other locations,1.2k,3
2519,Flatworld Solutions,3.4,(427),IT Services & Consulting | Bengaluru +10 other locations,2.8k,20
2520,Chettinad Cements,3.9,(426),Building Material | Chennai +62 other locations,1.9k,--
2521,Educomp Solutions,3.7,(425),EdTech | Gurugram +112 other locations,642,--
2522,Mazagon Dock,4.2,(425),Ports & Shipping | Mumbai +10 other locations,1.2k,--
2523,Western Union,2.8,(425),FinTech | Pune +18 other locations,2.7k,10
2524,NOON.COM,3.3,(426),Internet | Gurugram +24 other locations,2.6k,--
2525,Honeywell International India,4.0,(426),Defence & Aerospace | Pune +23 other locations,2.5k,--
2526,The Indian Hotels Company,4.1,(425),Hospitality | Mumbai +54 other locations,1.7k,--
2527,CWT,3.4,(425),Travel & Tourism | New Delhi +13 other locations,1.4k,1
2528,Mungi Group,3.9,(427),Auto Components | Pune +14 other locations,1.8k,--
2529,LKQ INDIA,3.4,(425),IT Services & Consulting | Bengaluru +5 other locations,2.4k,12
2530,Tyger Capital,4.0,(424),NBFC | Mumbai +120 other locations,1.3k,16
2531,Bada Business,3.6,(424),Internet | New Delhi +54 other locations,1.6k,538
2532,Mahindra Lifespace Developers,4.1,(424),Real Estate | Mumbai +24 other locations,1.7k,14
2533,KLAY Preschool and Daycare,3.6,(424),Bengaluru +18 other locations,1.4k,186
2534,Fossil Group,3.8,(424),Fashion & Textile | Bengaluru +40 other locations,2.1k,15
2535,Calsoft,2.7,(423),IT Services & Consulting | Pune +6 other locations,3.7k,51
2536,Entrata,3.8,(423),Software Product | Pune +5 other locations,2.3k,15
2537,Intercontinental Exchange,3.1,(423),Financial Services | Hyderabad +7 other locations,2.6k,--
2538,Bonfiglioli Transmissions Limited,3.6,(423),Industrial Machinery | Chennai +23 other locations,1.7k,3
2539,Premium Transmission,3.4,(422),Industrial Machinery | Pune +17 other locations,1.9k,2
2540,Tata Steel Utilities and Infrastructure Services,3.6,(424),Engineering & Construction | Jamshedpur +18 other locations,1.2k,--
2541,Theobroma Foods,3.9,(422),Food Processing | Mumbai +34 other locations,1.3k,37
2542,Ramada,3.9,(423),Hospitality | Mumbai +59 other locations,1k,--
2543,Lambda Therapeutic Research,3.9,(422),Clinical Research | Ahmedabad +8 other locations,1.4k,28
2544,Talbros,3.8,(422),Auto Components | Faridabad +26 other locations,1.7k,1
2545,Samsung C&T,4.2,(422),Engineering & Construction | Mumbai +28 other locations,1.3k,--
2546,InfoBeans,3.3,(422),IT Services & Consulting | Indore +7 other locations,3.6k,116
2547,Vcare Trichology,3.6,(421),Healthcare | Chennai +61 other locations,1.9k,27
2548,Medica Superspecialty Hospital,3.8,(421),Healthcare | Kolkata +18 other locations,1.5k,132
2549,Citykart Retail,3.7,(421),Retail | New Delhi +72 other locations,987,4
2550,Impact Guru,3.6,(420),Internet | Mumbai +22 other locations,1.6k,67
2551,Freyr Solutions,3.7,(420),IT Services & Consulting | Hyderabad +8 other locations,2.6k,2
2552,Tata BlueScope Steel,3.7,(420),Iron & Steel | Jamshedpur +37 other locations,1.6k,1
2553,Flipkart Wholesale,3.8,(419),Internet | Bengaluru +58 other locations,1k,--
2554,Dodsal Engineering & Construction,4.5,(419),Engineering & Construction | Mumbai +36 other locations,684,--
2555,B.C. Jindal Group of Companies,3.9,(419),Iron & Steel | New Delhi +32 other locations,1.1k,--
2556,NIFTEL COMMUNICATIONS,3.8,(419),BPO | Lucknow +14 other locations,730,9
2557,FM LOGISTIC,4.0,(419),Logistics | Pune +37 other locations,1.3k,6
2558,National Organic Chemical Industries,3.8,(419),Chemicals | Bharuch +13 other locations,1.8k,9
2559,OnePlus,3.6,(419),Consumer Electronics & Appliances | Bengaluru +58 other locations,2k,--
2560,B.C. Jindal Group of Companies,3.9,(419),Iron & Steel | New Delhi +32 other locations,1.1k,--
2561,Zypp Electric,3.9,(419),Internet | Gurugram +12 other locations,948,5
2562,Chambal Fertilisers And Chemicals,3.8,(419),Agro Chemicals | Kota +53 other locations,1.5k,--
2563,UNIVO Education,3.4,(419),EdTech | Noida +10 other locations,1.5k,3
2564,Adani Logistics,3.7,(418),Logistics | Ahmedabad +72 other locations,1.7k,--
2565,Siyaram Silk Mills,4.0,(418),Fashion & Textile | Mumbai +39 other locations,1.5k,3
2566,Secure Value,3.3,(418),IT Services & Consulting | Mumbai +83 other locations,907,--
2567,Ingersoll Rand,3.8,(418),Industrial Machinery | Bengaluru +29 other locations,2.4k,28
2568,Eurofins It Solutions,3.0,(418),IT Services & Consulting | Bengaluru +6 other locations,3.4k,1
2569,RSWM Limited,4.1,(418),Fashion & Textile | Bhilwara +30 other locations,1.2k,4
2570,Asian Granito India,3.5,(417),Building Material | Ahmedabad +66 other locations,1.5k,2
2571,A. O. Smith India Water Products Private Limited,3.7,(417),Consumer Electronics & Appliances | Bengaluru +50 other locations,1.4k,4
2572,Nous Infosystems,3.5,(417),IT Services & Consulting | Bengaluru +8 other locations,3.4k,23
2573,Arvind Fashions,3.9,(417),Fashion & Textile | Bengaluru +60 other locations,1.8k,--
2574,Clean Harbors,3.4,(417),Waste Management | Hyderabad +3 other locations,2.7k,20
2575,Fitelo,3.3,(417),Fitness & Wellness | Sahibzada Ajit Singh Nagar +14 other locations,721,--
2576,National Bulk Handling Corporation,4.1,(417),Agriculture | Mumbai +76 other locations,1.1k,12
2577,Baramati Agro,3.8,(417),Food Processing | Pune +48 other locations,1.5k,3
2578,Aculife Healthcare,3.0,(416),Pharma | Ahmedabad +36 other locations,1.5k,7
2579,Tally Solutions,4.0,(416),Software Product | Bengaluru +67 other locations,2.3k,4
2580,Carrier Midea,3.6,(416),Consumer Electronics & Appliances | Pune +52 other locations,1.7k,--
2581,Indian Political Action Committee,2.9,(416),Other | Kolkata +20 other locations,1.8k,--
2582,Tessolve,3.3,(416),Semiconductors | Bengaluru +12 other locations,2.7k,81
2583,Yutika Natural,3.4,(417),Beauty & Personal Care | Indore +68 other locations,947,6
2584,YKK,3.8,(416),Fashion & Textile | Rewari +26 other locations,1.3k,--
2585,Spoton Logistics,4.4,(415),Logistics | Bengaluru +71 other locations,1.1k,--
2586,Orient Bell,3.3,(415),Building Material | New Delhi +72 other locations,1.5k,4
2587,Mann And Hummel Filter,3.9,(415),Industrial Machinery | Bengaluru +20 other locations,1.7k,12
2588,IMS People,3.5,(415),Recruitment | Ahmedabad +27 other locations,2.2k,--
2589,Pole To Win,3.3,(415),Gaming | Bengaluru +9 other locations,2k,5
2590,e2open,3.6,(415),Software Product | Bengaluru +16 other locations,3.5k,--
2591,Tagros Chemicals,3.6,(415),Agro Chemicals | Cuddalore +13 other locations,1.8k,--
2592,India Nippon Electricals,3.8,(415),Electrical Equipment | Hosur +27 other locations,1.6k,6
2593,Bmm Ispat,3.9,(414),Iron & Steel | Hosapete +14 other locations,1.5k,--
2594,FCm Travel Solutions,3.2,(414),Travel & Tourism | New Delhi +23 other locations,1.6k,2
2595,Magus Customer Dialog,3.7,(414),BPO | Hyderabad +18 other locations,800,--
2596,Groupon,3.2,(412),Internet | Chennai +10 other locations,2.3k,6
2597,Nettur Technical Training Foundation,3.6,(414),Education & Training | Bengaluru +44 other locations,1.2k,8
2598,Haldia Petrochemicals,3.8,(414),Petrochemicals | Haldia +15 other locations,1.9k,2
2599,Capital Trust,3.3,(414),NBFC | New Delhi +123 other locations,861,--
2600,Silver Touch Technologies,3.1,(414),IT Services & Consulting | New Delhi +40 other locations,2.5k,23
2601,Ensono,4.1,(414),IT Services & Consulting | Pune +10 other locations,2.5k,78
2602,State Street Bank,3.5,(414),Banking | Bengaluru +17 other locations,3k,--
2603,Indian Institute of Technology Gandhinagar,4.2,(413),Education & Training | New Delhi +42 other locations,2.5k,--
2604,Prolifics Corporation,3.6,(414),IT Services & Consulting | Hyderabad +6 other locations,2.4k,22
2605,MyMoneyMantra,3.1,(413),Internet | New Delhi +27 other locations,1.8k,4
2606,Spice Money,4.1,(413),FinTech | Noida +109 other locations,1.5k,2
2607,Aka Logistics,3.2,(412),Logistics | Kolkata +39 other locations,1.4k,2
2608,International Automotive Components,3.9,(412),Auto Components | Pune +17 other locations,2k,--
2609,Marksans Pharma,3.4,(412),Pharma | Goa +25 other locations,1.7k,2
2610,TTK Healthcare,4.1,(412),Healthcare | Chennai +77 other locations,1.3k,11
2611,Novartis Healthcare,4.1,(412),Pharma | Hyderabad +26 other locations,3.2k,6
2612,Systems Plus,4.2,(412),IT Services & Consulting | Pune +11 other locations,1.6k,52
2613,Havmor Ice Cream,4.1,(412),Food Processing | Ahmedabad +70 other locations,1.3k,--
2614,NeoGrowth Credit,3.1,(412),NBFC | Mumbai +32 other locations,1.8k,6
2615,Jyoti CNC Automation,3.9,(412),Industrial Machinery | Rajkot +31 other locations,1.4k,6
2616,Lotte India Corporation,4.0,(411),FMCG | Chennai +85 other locations,1.3k,31
2617,Aizant Drug Research Solutions,3.9,(411),Clinical Research | Hyderabad +4 other locations,1.3k,7
2618,Samsonite,4.1,(411),Retail | Nashik +62 other locations,1.4k,6
2619,DataMetica,3.2,(411),IT Services & Consulting | Pune +7 other locations,2.8k,23
2620,ArisGlobal,2.8,(411),IT Services & Consulting | Bengaluru +9 other locations,2.9k,3
2621,Imarticus Learning,3.9,(411),EdTech | Mumbai +24 other locations,1.2k,21
2622,Aliens Group,4.0,(411),Real Estate | Hyderabad +6 other locations,1.3k,4
2623,Agro Tech Foods,4.0,(410),FMCG | Hyderabad +77 other locations,1.2k,2
2624,Black Knight,3.5,(410),IT Services & Consulting | Hyderabad +4 other locations,2.7k,--
2625,Buhler,3.8,(410),Industrial Machinery | Bengaluru +28 other locations,1.9k,--
2626,CogentHubCX.AI,3.3,(410),BPO | Kolkata +9 other locations,818,32
2627,Axis Finance,3.7,(410),NBFC | Mumbai +83 other locations,2k,222
2628,Hero Housing Finance,3.8,(410),NBFC | New Delhi +92 other locations,1.5k,9
2629,TCL,4.1,(410),Consumer Electronics & Appliances | Tirupati +51 other locations,2k,--
2630,Astra Microwave Products,3.9,(410),Defence & Aerospace | Hyderabad +15 other locations,2.1k,13
2631,Qwik Supply Chain,3.8,(410),Mumbai +140 other locations,1.1k,--
2632,Pon Pure Chemical,3.5,(409),Chemicals | Chennai +43 other locations,1.4k,6
2633,Nidec Corporation,3.7,(409),Electronics Manufacturing | Neemrana +26 other locations,1.6k,3
2634,Bangalore International Airport,4.3,(409),Aviation | Bengaluru +15 other locations,1.5k,12
2635,Aramex,3.3,(409),Logistics | Mumbai +52 other locations,1.2k,1
2636,Recpdcl.ltd,4.0,(408),Facility Management Services | New Delhi +68 other locations,855,--
2637,Thrillophilia,3.6,(408),Travel & Tourism | Jaipur +7 other locations,887,18
2638,Zealous Services,2.8,(408),Design | Chennai +9 other locations,1.1k,--
2639,PC Jewellers,3.8,(408),Metals & Mining | New Delhi +73 other locations,951,4
2640,Vision India Services,3.9,(408),Recruitment | Noida +100 other locations,1.4k,--
2641,Apex Laboratories,3.9,(408),Pharma | Chennai +61 other locations,1.8k,2
2642,PC Jewellers,3.8,(408),Metals & Mining | New Delhi +73 other locations,951,4
2643,Win Medicare,4.2,(408),Pharma | New Delhi +63 other locations,964,--
2644,Larsen & Toubro Group,4.1,(407),Engineering & Construction | Chennai +75 other locations,1k,--
2645,Roca Bathroom Products,3.7,(407),Building Material | Chennai +58 other locations,1.4k,--
2646,Metrochem Api,3.1,(407),Pharma | Hyderabad +13 other locations,1.9k,6
2647,Desun Hospital & Heart Institute,3.8,(407),Healthcare | Kolkata +11 other locations,1k,9
2648,Uniparts Group,3.6,(407),Industrial Machinery | Noida +14 other locations,1.5k,3
2649,HealthKart,3.8,(407),Internet | Gurugram +39 other locations,2k,23
2650,Venus Remedies,4.2,(406),Pharma | Baddi +39 other locations,1k,37
2651,Saama Technologies,3.7,(406),IT Services & Consulting | Pune +7 other locations,3.6k,17
2652,Al Turki Enterprises,3.5,(406),Oil & Gas | Muscat +15 other locations,966,--
2653,L&T Heavy Engineering,3.8,(406),Surat +25 other locations,809,--
2654,AppInventiv Technologies,3.9,(406),IT Services & Consulting | Noida +12 other locations,2.6k,27
2655,Fortis Escorts Hospital,4.3,(406),Healthcare | New Delhi +16 other locations,947,--
2656,Odessa,3.7,(406),Software Product | Bengaluru +3 other locations,2.4k,--
2657,Equifax,3.8,(406),Analytics & KPO | Pune +12 other locations,2.4k,56
2658,Shyam Sel & Power,3.7,(407),Electronics Manufacturing | Kolkata +24 other locations,1.4k,--
2659,Shiprocket Private Limited,3.4,(406),Internet | Gurugram +14 other locations,2.7k,29
2660,Indian Space Research Organisation,4.6,(405),Defence & Aerospace | Bengaluru +35 other locations,1.3k,--
2661,Bonace Engineers,4.0,(405),Recruitment | Mumbai +56 other locations,1.2k,--
2662,Skillmine Technology Consulting,3.9,(406),Software Product | Bengaluru +14 other locations,1.5k,--
2663,ABC Consultants,3.9,(405),Recruitment | Bengaluru +27 other locations,26.2k,1
2664,Roop Automotives,4.2,(405),Auto Components | Gurugram +14 other locations,1.3k,--
2665,Schoolnet India,4.0,(408),EdTech | Mumbai +91 other locations,1.1k,13
2666,SHARE Microfin,4.2,(404),Financial Services | Hyderabad +136 other locations,552,--
2667,Franchise India Brands,3.2,(405),Marketing & Advertising | New Delhi +30 other locations,1.4k,7
2668,P.D. Hinduja National Hospital and Medical Research Centre,3.8,(404),Healthcare | Mumbai +13 other locations,2.4k,20
2669,Oberoi Realty,4.2,(404),Real Estate | Mumbai +11 other locations,2k,14
2670,Indus Net Technologies,3.1,(404),IT Services & Consulting | Kolkata +7 other locations,2k,--
2671,myGate,2.9,(404),Law Enforcement & Security | Bengaluru +20 other locations,2.2k,4
2672,Virchow Biotech,3.4,(404),Pharma | Hyderabad +12 other locations,1.7k,--
2673,Sagar Cements,4.3,(404),Building Material | Hyderabad +45 other locations,1.3k,--
2674,Onsitego,3.7,(404),Internet | Mumbai +31 other locations,1.3k,42
2675,GRT Jewellers,4.1,(404),Jewellery | Chennai +37 other locations,1.4k,8
2676,Rama Medical College Hospital & Research Centre,3.9,(403),Healthcare | Kanpur +20 other locations,1.2k,--
2677,Hexagon Nutrition,4.1,(403),Food Processing | Mumbai +32 other locations,1k,10
2678,ANR Software Private Limited,4.1,(403),IT Services & Consulting | Noida +5 other locations,1.1k,16
2679,Echobooom Management & Entrepreneurial Solutions,3.7,(403),Marketing & Advertising | Mumbai +19 other locations,472,59
2680,Tutopia,4.5,(403),EdTech | Kolkata +5 other locations,401,--
2681,Penna Cement Industries,4.1,(402),Building Material | Hyderabad +47 other locations,1.6k,--
2682,Ashiana Housing,4.0,(402),Real Estate | Jaipur +19 other locations,1.5k,23
2683,Gujarat Ambuja Exports,3.4,(402),Agro Chemicals | Ahmedabad +33 other locations,1.4k,--
2684,Global Indian International School,4.2,(402),Education & Training | Noida +23 other locations,1k,120
2685,Owens Corning,3.6,(403),Building Material | Mumbai +12 other locations,1.8k,1
2686,ITC Limited - Paperboards Specialty Papers Division,3.9,(402),Packaging | Bhadrachalam +19 other locations,1.5k,3
2687,ICFAI University,3.6,(401),Education & Training | Hyderabad +58 other locations,861,--
2688,Pearson Education India,3.9,(401),Education & Training | Bengaluru +58 other locations,1.7k,82
2689,Universal Corporation,3.7,(401),Consumer Electronics & Appliances | Kolkata +63 other locations,1.3k,--
2690,Eversendai,3.6,(401),Engineering & Construction | Chennai +19 other locations,1.5k,1
2691,Samsung SDS,3.0,(401),IT Services & Consulting | Gurugram +22 other locations,2.7k,--
2692,RCM,4.2,(395),Retail | Bhilwara +46 other locations,649,2
2693,Invensis Technologies,3.6,(401),BPO | Bengaluru +12 other locations,1.9k,4
2694,Accel Frontline,4.3,(400),IT Services & Consulting | Chennai +55 other locations,753,--
2695,Kanpur Fertilizers & Chemicals,3.6,(399),Agro Chemicals | Kanpur +34 other locations,1.2k,--
2696,Oda Class,3.0,(398),EdTech | Bengaluru +7 other locations,658,--
2697,Motilal Oswal Private Wealth Management,4.5,(411),Financial Services | Mumbai +26 other locations,271,14
2698,Gravita,4.4,(399),Metals & Mining | Jaipur +21 other locations,1.1k,23
2699,Bank of Maharashtra,3.2,(399),Banking | Pune +77 other locations,1.5k,--
2700,Viva Composite Panel,4.5,(399),Building Material | Mumbai +60 other locations,576,29
2701,V-Xpress,3.9,(399),Logistics | Mumbai +63 other locations,1.1k,--
2702,Venkateshwara Hatcheries,3.8,(399),Food Processing | Pune +59 other locations,1.5k,--
2703,Raptakos Brett and Company,3.4,(399),Pharma | Mumbai +64 other locations,1.4k,5
2704,Piramal Swasthya,4.0,(399),Hyderabad +62 other locations,966,15
2705,Core Integra Consulting Services,3.4,(399),Recruitment | Mumbai +86 other locations,1.2k,--
2706,Uplers,3.8,(398),Internet | Ahmedabad +13 other locations,1.6k,--
2707,Himatsingka Seide,3.5,(398),Fashion & Textile | Bengaluru +16 other locations,1.5k,2
2708,Nowfloats Technologies,3.4,(403),Software Product | Hyderabad +40 other locations,1.1k,--
2709,Ipsos,3.2,(398),Analytics & KPO | Mumbai +27 other locations,2.5k,11
2710,Stanley Black & Decker,3.7,(398),Industrial Machinery | Pune +28 other locations,1.9k,19
2711,BPTP,4.2,(399),Real Estate | New Delhi +6 other locations,1.3k,11
2712,Gtpl Hathway,3.9,(398),Broadcasting | Ahmedabad +50 other locations,1.8k,17
2713,Accelya Solutions India Limited,3.4,(397),IT Services & Consulting | Mumbai +12 other locations,2.6k,42
2714,Welspun Flooring,3.8,(397),Building Material | Hyderabad +26 other locations,1.2k,--
2715,MAYORA,3.9,(397),FMCG | Hyderabad +86 other locations,944,--
2716,Connectwise India,3.4,(397),IT Services & Consulting | Pune +9 other locations,2.9k,3
2717,Copeland,3.9,(397),Electronics Manufacturing | Pune +25 other locations,2.2k,76
2718,Indigo Paints,3.8,(397),Chemicals | Jodhpur +101 other locations,1.4k,1
2719,Karvy DigiKonnect,3.1,(396),Financial Services | Hyderabad +20 other locations,1.3k,--
2720,Ess Kay Fincorp,4.1,(396),NBFC | Jaipur +109 other locations,965,5
2721,V-bazaar Retail,4.0,(396),Retail | Gurugram +75 other locations,916,--
2722,GE Vernova T&D India,4.1,(396),Power | Chennai +38 other locations,1.6k,--
2723,Jubilant Biosys,3.6,(396),Biotechnology | Bengaluru +15 other locations,2k,34
2724,Unilever Global,3.6,(396),FMCG | Bengaluru +66 other locations,590,--
2725,Greet Technologies,2.6,(396),BPO | Bengaluru +7 other locations,1.2k,2
2726,HYT Engineering Company Pvt Ltd,3.3,(396),Industrial Machinery | Pune +27 other locations,1.4k,18
2727,ClearTax,3.0,(396),IT Services & Consulting | Bengaluru +11 other locations,2.1k,24
2728,Broadcom,3.3,(395),Semiconductors | Bengaluru +13 other locations,3k,17
2729,Azentio,3.1,(395),Software Product | Chennai +16 other locations,3.6k,8
2730,Kailash Hospital,3.8,(395),Healthcare | Noida +26 other locations,1k,57
2731,House of EdTech,4.2,(395),Marketing & Advertising | Kolkata +2 other locations,182,15
2732,National Fertilizers,4.4,(395),Agro Chemicals | Bathinda +36 other locations,1.1k,--
2733,Amri Hospital,4.0,(395),Healthcare | Kolkata +11 other locations,1.2k,--
2734,Sunstone,3.7,(395),Education & Training | Gurugram +25 other locations,1.6k,45
2735,M Baazar,3.9,(404),Retail | Kolkata +90 other locations,888,1
2736,Etech Global Services,3.6,(395),BPO | Gandhinagar +11 other locations,1.8k,30
2737,Starbucks,4.1,(395),Hospitality | Mumbai +59 other locations,1.1k,--
2738,STUDDS Accessories Limited,3.9,(395),Auto Components | Faridabad +14 other locations,1.3k,--
2739,SirionLabs,3.7,(395),Software Product | Gurugram +6 other locations,1.9k,17
2740,Bses Yamuna Power,3.7,(394),Power | New Delhi +6 other locations,1.4k,--
2741,Scientific Publishing Services,3.7,(394),Analytics & KPO | Chennai +7 other locations,1.4k,--
2742,IDS Infotech,2.9,(394),IT Services & Consulting | Chandigarh +22 other locations,1.4k,6
2743,Federal Mogul Goetze,4.0,(394),Auto Components | Bengaluru +32 other locations,1.4k,--
2744,Gold Plus Glass,3.5,(394),Other | Roorkee +36 other locations,1.4k,4
2745,Manhattan Associates,3.4,(394),IT Services & Consulting | Bengaluru +5 other locations,3.5k,5
2746,Merck,4.1,(394),Pharma | Bengaluru +53 other locations,2.6k,1
2747,PGP Glass,4.0,(402),Packaging | Vadodara +15 other locations,1.3k,10
2748,NCSI Technologies Pvt Ltd,3.7,(394),IT Services & Consulting | Pune +5 other locations,1.7k,14
2749,Daimler Truck,3.6,(394),Automobile | Bengaluru +8 other locations,2.7k,--
2750,Munjal Showa,3.2,(394),Auto Components | Gurugram +12 other locations,1.2k,--
2751,VRB Consumer Products Private Limited,4.2,(393),FMCG | New Delhi +52 other locations,1.2k,14
2752,Supertech,4.0,(393),Real Estate | Noida +20 other locations,1.6k,--
2753,Mahindra Last Mile Mobility,3.7,(393),Automobile | Bengaluru +30 other locations,1.1k,--
2754,Tirumala Milk Products,4.2,(393),Food Processing | Chennai +54 other locations,1.1k,1
2755,American Axle & Manufacturing,4.3,(393),Auto Components | Pune +11 other locations,1.5k,--
2756,Indian Overseas Bank,3.3,(394),Banking | Chennai +84 other locations,1k,--
2757,Hanon Systems,4.0,(393),Auto Components | Chennai +20 other locations,1.6k,--
2758,Enphase Energy,2.7,(393),Power | Bengaluru +11 other locations,2.9k,23
2759,Willis Towers Watson,3.7,(393),Financial Services | Mumbai +12 other locations,7.6k,31
2760,SML Isuzu,4.2,(393),Automobile | Chandigarh +53 other locations,1.4k,6
2761,RDC Concrete (India),4.0,(393),Real Estate | Mumbai +50 other locations,1.3k,3
2762,Hajee A P Bava Construction,3.8,(392),Engineering & Construction | Hyderabad +61 other locations,944,1
2763,The Phoenix Mills,3.8,(392),Real Estate | Mumbai +17 other locations,1.8k,12
2764,SKH Y-TEC,3.9,(392),Auto Components | Ahmedabad +22 other locations,1.3k,--
2765,UCAL Fuel Systems,3.9,(391),Auto Components | Chennai +19 other locations,1.4k,--
2766,Mantra Properties,4.3,(391),Real Estate | Pune +1 other locations,899,15
2767,Flyjac Logistics,4.0,(391),Logistics | Chennai +55 other locations,1.3k,1
2768,Mymd Healthcare,4.0,(391),Internet | Kolkata +20 other locations,387,1
2769,Christian Medical College,4.1,(391),Education & Training | Vellore +30 other locations,1.2k,2
2770,Motherhood Hospital,3.6,(391),Healthcare | Bengaluru +25 other locations,1.7k,341
2771,Bharat Aluminium Company (BALCO),4.1,(390),Metals & Mining | Korba +16 other locations,1.6k,--
2772,Icertis,3.2,(390),Software Product | Pune +11 other locations,3.2k,40
2773,MRF Vapocure Paints,4.0,(390),Chemicals | Chennai +98 other locations,1.2k,--
2774,Kcc Buildcon,3.9,(391),Engineering & Construction | Gurugram +57 other locations,1.4k,4
2775,AccorHotels,4.3,(389),Hospitality | New Delhi +42 other locations,1.2k,--
2776,eNoah iSolution,3.8,(389),IT Services & Consulting | Chennai +9 other locations,2.2k,26
2777,Transact Global,4.7,(389),BPO | Bengaluru +2 other locations,412,17
2778,CES,3.4,(389),IT Services & Consulting | Hyderabad +14 other locations,2.5k,9
2779,PowerSchool India,3.3,(389),Software Product | Bengaluru +8 other locations,2.8k,8
2780,Aeries Technology,3.2,(389),IT Services & Consulting | Bengaluru +7 other locations,2.4k,83
2781,Glaze Trading India,4.3,(388),Retail | New Delhi +88 other locations,900,--
2782,Indiafilings,3.9,(388),Internet | Chennai +11 other locations,1.1k,2
2783,Publicis,3.6,(388),Marketing & Advertising | Gurugram +16 other locations,4k,--
2784,Balaji Wafers,4.4,(388),FMCG | Indore +66 other locations,1.1k,5
2785,Park Hospital,3.7,(388),Healthcare | Gurugram +22 other locations,1.3k,39
2786,Tekion,2.9,(388),Software Product | Bengaluru +4 other locations,4.7k,73
2787,JBS Enterprises,3.1,(388),Electronics Manufacturing | Mumbai +69 other locations,1k,5
2788,TVS Mobility,4.0,(388),Automobile | Chennai +71 other locations,1.4k,2
2789,D.p. Jain & Co. Infrastructure Pvt .,3.1,(388),Engineering & Construction | Nagpur +42 other locations,1.3k,6
2790,Hindustan Foods,3.6,(387),FMCG | Hyderabad +36 other locations,1.7k,2
2791,Nyati Group,4.2,(387),Real Estate | Pune +17 other locations,1.4k,--
2792,Burns & McDonnell,4.1,(388),Engineering & Construction | Mumbai +10 other locations,2.2k,11
2793,Vidal Health Tpa,3.4,(387),Insurance | Bengaluru +40 other locations,1.2k,7
2794,Cheil India,2.9,(387),Marketing & Advertising | Gurugram +22 other locations,2k,9
2795,Shree Baidyanath Ayurved Bhawan,3.9,(386),Pharma | Kolkata +43 other locations,1.2k,6
2796,XL Health,4.2,(386),Healthcare | Bengaluru +6 other locations,1.5k,--
2797,VIT University,4.0,(386),Education & Training | Vellore +15 other locations,1.5k,78
2798,Konecranes,3.8,(385),Industrial Machinery | Pune +13 other locations,1.8k,9
2799,Arjas Steel,3.9,(385),Iron & Steel | Anantapur +22 other locations,1.3k,1
2800,Moolchand Hospital,4.2,(385),Healthcare | New Delhi +10 other locations,749,17
2801,Healthcare At Home,3.7,(385),Healthcare | Mumbai +34 other locations,1.3k,15
2802,Joyalukkas,3.8,(385),Retail | Bengaluru +69 other locations,966,8
2803,Triumphant Institute of Management Education,3.6,(385),Education & Training | Hyderabad +72 other locations,1.3k,63
2804,Group Bayport,4.1,(385),Printing & Publishing | Ahmedabad +6 other locations,1k,13
2805,Sarvodaya Hospital,3.7,(385),Healthcare | Faridabad +20 other locations,1.4k,49
2806,Mettler-Toledo,3.5,(385),Electrical Equipment | Mumbai +22 other locations,2k,3
2807,Sleek International,3.5,(385),Furniture & Furnishing | Mumbai +84 other locations,1.2k,--
2808,SPRINKLR,2.9,(384),Software Product | Bengaluru +8 other locations,3.8k,47
2809,Bosch Rexroth India,3.9,(384),Industrial Machinery | Ahmedabad +18 other locations,1.5k,--
2810,GMR Hyderabad International Airport,4.0,(384),Aviation | Hyderabad +15 other locations,1.3k,--
2811,Hexagon Capability Center,4.0,(384),IT Services & Consulting | Hyderabad +10 other locations,2.8k,2
2812,Sangeetha Mobile,3.5,(384),Retail | Bengaluru +84 other locations,1.5k,7
2813,Haleon,3.6,(384),Healthcare | Bengaluru +75 other locations,1.4k,50
2814,ABM Knowledgeware,3.7,(384),IT Services & Consulting | Mumbai +41 other locations,1.5k,13
2815,Cooper Corporation,4.0,(384),Auto Components | Satara +13 other locations,1.4k,--
2816,Kennametal,3.5,(383),Industrial Machinery | Bengaluru +13 other locations,1.9k,1
2817,GSP Crop Science,4.0,(383),Agro Chemicals | Vadodara +45 other locations,1.4k,14
2818,Nissan,3.5,(383),Automobile | Chennai +73 other locations,1.8k,6
2819,CEVA Logistics,3.8,(383),Logistics | Chennai +47 other locations,1.4k,2
2820,Jamna Auto Industries,3.9,(383),Auto Components | Gwalior +40 other locations,1.6k,1
2821,Alfanar,4.0,(383),Electronics Manufacturing | Chennai +35 other locations,923,13
2822,Dixit Infotech Services,3.7,(383),IT Services & Consulting | Mumbai +41 other locations,1.4k,29
2823,Kaddacon Systems,4.6,(382),IT Services & Consulting | Pune +8 other locations,--,--
2824,Netlink Software,3.2,(382),IT Services & Consulting | Bhopal +30 other locations,2.1k,19
2825,Examity,3.3,(382),EdTech | Hyderabad +6 other locations,1.8k,3
2826,Adroit Synergies,3.3,(382),BPO | Noida +8 other locations,1.2k,16
2827,Jeeves Consumer Services,3.6,(382),Consumer Electronics & Appliances | Bengaluru +60 other locations,849,4
2828,The Hans Foundation,4.2,(382),Non-Profit | New Delhi +84 other locations,726,62
2829,Evoke Technologies,3.6,(383),IT Services & Consulting | Hyderabad +4 other locations,2.8k,22
2830,Coronis Health,3.4,(382),Analytics & KPO | Sahibzada Ajit Singh Nagar +10 other locations,1.2k,6
2831,Webkul Software,3.7,(382),Software Product | Noida +8 other locations,1.4k,10
2832,Air Liquide,3.7,(382),Chemicals | New Delhi +36 other locations,1.6k,6
2833,Nuziveedu Seeds,3.9,(382),Agriculture | Hyderabad +64 other locations,1.2k,--
2834,Dimension Data,4.5,(381),IT Services & Consulting | Bengaluru +54 other locations,1.3k,--
2835,Sumitomo Chemical,4.0,(381),Chemicals | Bhavnagar +82 other locations,1.5k,2
2836,BCH Electric,4.0,(382),Electrical Equipment | Faridabad +38 other locations,1.4k,21
2837,Vectus Industries,4.2,(381),Petrochemicals | Noida +61 other locations,1.3k,--
2838,Xdbs,2.7,(381),Marketing & Advertising | Pune +4 other locations,1.6k,--
2839,Workcell Solutions,3.6,(381),Pharma | Mumbai +17 other locations,1.2k,1
2840,Dorf Ketal Chemicals,4.0,(381),Oil & Gas | Mumbai +37 other locations,1.8k,--
2841,Dynacons Systems & Solutions,3.7,(381),IT Services & Consulting | Mumbai +71 other locations,1.3k,28
2842,Parksons Packaging,4.1,(381),Packaging | Mumbai +26 other locations,1.4k,5
2843,Zaalima Development,4.2,(381),IT Services & Consulting | Bengaluru +14 other locations,10,--
2844,Workcell Solutions,3.6,(381),Pharma | Mumbai +17 other locations,1.2k,1
2845,Kuehne + Nagel,3.6,(381),Logistics | Gurugram +33 other locations,1.6k,--
2846,Mindlance,3.6,(381),Recruitment | Noida +12 other locations,1.5k,--
2847,Srei Equipment Finance,4.2,(381),Financial Services | Kolkata +79 other locations,1k,--
2848,CANTABIL RETAIL INDIA,4.0,(381),Fashion & Textile | New Delhi +104 other locations,1.1k,3
2849,Grey Orange,3.0,(381),Software Product | Gurugram +10 other locations,2.2k,15
2850,PropTiger.com,3.8,(381),Internet | Bengaluru +15 other locations,1.3k,--
2851,Kirloskar Toyota Textile Machinery,4.6,(380),Industrial Machinery | Bengaluru +11 other locations,803,--
2852,Merck Life Science,4.0,(380),Pharma | Bengaluru +14 other locations,2.7k,1
2853,SRM University,3.5,(380),Education & Training | Chennai +26 other locations,1.5k,4
2854,Repco Home Finance,3.5,(380),NBFC | Chennai +90 other locations,1k,5
2855,World Vision,4.2,(380),Non-Profit | Chennai +99 other locations,711,--
2856,S. M. Auto Engineering,3.4,(380),Auto Components | Pune +7 other locations,1.5k,1
2857,Grand Hyatt,4.2,(380),Hospitality | Mumbai +29 other locations,918,--
2858,Agilent Technologies,4.0,(379),Pharma | Gurugram +20 other locations,2k,73
2859,LeadSquared,2.7,(379),Software Product | Bengaluru +14 other locations,3k,15
2860,LeadSquared,2.7,(379),Software Product | Bengaluru +14 other locations,3k,15
2861,Mintifi,3.5,(379),Financial Services | Mumbai +95 other locations,1.1k,--
2862,AgreeYa Solutions,3.3,(379),IT Services & Consulting | Noida +10 other locations,2.4k,32
2863,Runwal Group,3.9,(379),Real Estate | Mumbai +9 other locations,1.8k,--
2864,Bajaj Auto Credit,4.0,(379),NBFC | Pune +168 other locations,830,--
2865,Alfa Laval,3.9,(379),Industrial Machinery | Pune +18 other locations,1.8k,10
2866,Teamspace Financial Services,3.9,(378),Recruitment | Mumbai +120 other locations,1.2k,1
2867,Bharat Rasayan,4.0,(379),Agro Chemicals | Bharuch +18 other locations,1.6k,--
2868,Auro Realty Private Limited,4.3,(378),Real Estate | Hyderabad +26 other locations,1.5k,7
2869,Wellness Forever Lifestyle Chemist,3.9,(378),Retail | Mumbai +46 other locations,1.1k,--
2870,S2 Infotech,3.5,(378),Recruitment | Mumbai +70 other locations,1.5k,--
2871,Statusneo,3.8,(378),IT Services & Consulting | Gurugram +19 other locations,1.5k,18
2872,Eisai Pharmaceuticals,4.0,(377),Healthcare | Visakhapatnam +26 other locations,1.2k,--
2873,Diverse Lynx,3.5,(377),IT Services & Consulting | Noida +19 other locations,2k,3.6k
2874,Berkadia,3.8,(377),Real Estate | Hyderabad +6 other locations,2.2k,--
2875,Indraprastha Gas,3.8,(377),Oil & Gas | New Delhi +27 other locations,1.7k,--
2876,AQuity Solutions India,3.7,(377),IT Services & Consulting | Hyderabad +20 other locations,2k,--
2877,Thyssenkrupp Industrial Solutions,4.1,(377),Industrial Machinery | Mumbai +28 other locations,1.4k,--
2878,CMA CGM Global Business Services,4.0,(377),Ports & Shipping | Chennai +10 other locations,1.9k,--
2879,Call 2 Connect,2.6,(376),BPO | Mumbai +20 other locations,1k,1
2880,Thermax Babcock Wilcox Energy Solutions,4.1,(376),Industrial Machinery | Pune +38 other locations,1.7k,--
2881,Ryan,3.9,(376),Accounting & Auditing | Hyderabad +5 other locations,1.7k,25
2882,Elentec Power India (EPI) Pvt. Ltd.,3.9,(376),IT Services & Consulting | Noida +20 other locations,1.4k,5
2883,Karamtara Engineering Limited,3.7,(376),Engineering & Construction | Mumbai +15 other locations,1.5k,7
2884,US Tech Solutions,3.6,(376),Recruitment | Noida +14 other locations,2.1k,2
2885,Karvy Innotech,2.9,(375),IT Services & Consulting | New Delhi +43 other locations,1.8k,--
2886,Methodex,3.7,(375),Law Enforcement & Security | New Delhi +47 other locations,1.3k,3
2887,Muthoot Housing Finance Company,4.1,(375),NBFC | Mumbai +110 other locations,1.2k,15
2888,Acme Generics LLP,3.5,(375),Pharma | Baddi +24 other locations,1.2k,--
2889,Mobileum,3.3,(375),Software Product | Bengaluru +10 other locations,2.3k,1
2890,Heavy Engineering Industries & Shipbuilding,3.9,(375),Engineering & Construction | Kuwait City +29 other locations,644,--
2891,Acadecraft,3.0,(375),EdTech | Noida +10 other locations,876,1
2892,Duroshox,4.2,(375),Auto Components | Pune +3 other locations,1k,1
2893,KaaShiv InfoTech Company,4.9,(374),EdTech | Chennai +5 other locations,221,--
2894,Intercontinental Consultants & Technocrats,4.1,(374),Engineering & Construction | New Delhi +60 other locations,1.1k,3
2895,Neuberg Diagnostics,3.4,(374),Healthcare | Chennai +51 other locations,1.5k,23
2896,Moser Baer,3.9,(374),Consumer Electronics & Appliances | Noida +12 other locations,688,--
2897,G. D. Foods MFG (TOPS),3.8,(374),Food Processing | New Delhi +52 other locations,973,14
2898,Labournet Services,3.9,(374),Non-Profit | Bengaluru +58 other locations,893,1
2899,VTP Realty,3.5,(374),Real Estate | Pune +3 other locations,1.8k,24
2900,Foundit,3.2,(374),Hyderabad +15 other locations,1.9k,10
2901,MCM Telecom Equipment,3.8,(373),Electronics Manufacturing | Noida +6 other locations,875,1
2902,Expedia Group,3.7,(373),Internet | Gurugram +14 other locations,3.4k,14
2903,Adani Infra,3.8,(373),Engineering & Construction | Ahmedabad +49 other locations,1.5k,--
2904,Kores,3.7,(373),FMCG | Mumbai +40 other locations,1.7k,4
2905,Paragon Footwear,4.0,(373),Fashion & Textile | Bengaluru +63 other locations,1.3k,4
2906,Hike Education Private Limited,4.2,(374),EdTech | Gurugram +6 other locations,686,3
2907,Helloverify,2.9,(374),Law Enforcement & Security | Noida +9 other locations,1.5k,--
2908,Watertec India,3.8,(373),Building Material | Coimbatore +72 other locations,1.3k,11
2909,Everest Spices,3.8,(373),FMCG | Mumbai +73 other locations,1.1k,1
2910,TrueBlue,3.6,(373),Recruitment | Gurugram +6 other locations,2.3k,6
2911,Enterprise Growth Accelerator,3.5,(372),Faridabad +9 other locations,636,--
2912,JUSTO Realfintech,4.5,(372),Real Estate | Pune +11 other locations,641,42
2913,ANTOLIN,3.7,(372),Auto Components | Pune +19 other locations,1.7k,1
2914,Krishna Group,4.0,(372),Auto Components | Gurugram +32 other locations,1.4k,6
2915,Intelliswift - An LTTS Company,3.3,(373),IT Services & Consulting | Bengaluru +8 other locations,2.3k,2
2916,Fosroc India,4.4,(372),Chemicals | Bengaluru +45 other locations,1.3k,2
2917,Polybond India,3.8,(372),Auto Components | Pune +14 other locations,1.4k,1
2918,Descon Engineering,4.0,(371),Engineering & Construction | Mumbai +28 other locations,657,--
2919,Nobel Hygiene,3.7,(371),Healthcare | Mumbai +86 other locations,1.2k,12
2920,Europa Locks,3.6,(371),Other | Pune +43 other locations,1.7k,64
2921,Nobel Hygiene,3.7,(371),Healthcare | Mumbai +86 other locations,1.2k,12
2922,Richa Global Export,4.0,(371),Fashion & Textile | Gurugram +11 other locations,1.4k,--
2923,Elecon Engineering,4.2,(371),Electrical Equipment | Anand +23 other locations,1.4k,12
2924,Hathi Cement,4.0,(368),Building Material | Porbandar +41 other locations,1.2k,3
2925,IPE Global,3.8,(371),Management Consulting | New Delhi +94 other locations,1.1k,88
2926,Mahendra’s Institute,3.1,(370),Education & Training | Lucknow +94 other locations,674,--
2927,OodlesTechnologies,3.3,(370),IT Services & Consulting | Gurugram +11 other locations,1.5k,11
2928,Shakti Pumps,3.7,(370),Industrial Machinery | Indore +42 other locations,1.4k,76
2929,The Hershey Company,4.0,(370),Food Processing | Mumbai +63 other locations,1.2k,22
2930,SMS India Private Limited,4.1,(370),Engineering & Construction | Gurugram +22 other locations,1.7k,--
2931,Arcesium,3.4,(370),IT Services & Consulting | Hyderabad +8 other locations,3.6k,23
2932,Toshiba JSW Power Systems,4.2,(370),Industrial Machinery | Chennai +14 other locations,1.6k,15
2933,Agarwal Packers and Movers Limited,3.4,(369),Logistics | New Delhi +46 other locations,1.6k,23
2934,Smartworks,3.4,(369),Real Estate | Bengaluru +18 other locations,2.1k,55
2935,Milkbasket,3.8,(369),Internet | Gurugram +22 other locations,1.6k,--
2936,Sandvik Mining and Rock Technology,4.1,(369),Industrial Machinery | Udaipur +31 other locations,1.6k,--
2937,Siemens Healthcare,4.1,(369),Healthcare | Bengaluru +26 other locations,2.2k,--
2938,Andromeda Sales ans Distribution PVT LTD,3.2,(369),Internet | Mumbai +69 other locations,1.5k,11
2939,Maxxis Rubber,3.4,(369),Auto Components | Ahmedabad +18 other locations,1.8k,1
2940,Andromeda Sales ans Distribution PVT LTD,3.2,(369),Internet | Mumbai +69 other locations,1.5k,11
2941,Maxxis Rubber,3.4,(369),Auto Components | Ahmedabad +18 other locations,1.8k,1
2942,Department of Agriculture,4.3,(368),Agriculture | Bengaluru +141 other locations,1.2k,--
2943,HBL Global,4.3,(368),NBFC | New Delhi +76 other locations,372,--
2944,Trident Hotels,4.0,(368),Hospitality | Mumbai +18 other locations,971,--
2945,Zara,3.4,(368),Fashion & Textile | New Delhi +22 other locations,827,--
2946,Jade Global,3.4,(368),IT Services & Consulting | Pune +7 other locations,3k,288
2947,Synokem Pharmaceuticals,3.9,(367),Pharma | Haridwar +18 other locations,1.5k,6
2948,Hilex,3.8,(367),Automobile | Chennai +16 other locations,1.1k,--
2949,Satyam Venture Engineering Services,3.3,(367),Auto Components | Hyderabad +12 other locations,2.4k,87
2950,Tata Toyo Radiator,3.7,(367),Auto Components | Pune +11 other locations,1.5k,--
2951,Técnicas Reunidas,3.9,(367),Engineering & Construction | Bengaluru +21 other locations,1.5k,--
2952,Huron,3.7,(367),Management Consulting | Bengaluru +13 other locations,2.6k,122
2953,Grihum Housing Finance,3.7,(631),NBFC | Pune +124 other locations,2k,10
2954,Aquasub Engineering,3.8,(367),Industrial Machinery | Coimbatore +17 other locations,1.3k,1
2955,Epsilon Carbon,3.8,(367),Chemicals | Ballari +19 other locations,1.7k,3
2956,Pharmarack Technologies,3.5,(366),Pharma | Pune +70 other locations,1.7k,--
2957,MSCI,3.7,(366),Financial Services | Mumbai +11 other locations,3.4k,216
2958,Hyundai Engineering and Construction,4.3,(367),Engineering & Construction | Chennai +31 other locations,535,--
2959,Caparo Maruti,4.2,(366),Auto Components | Gurugram +20 other locations,1.2k,--
2960,Pharmarack Technologies,3.5,(366),Pharma | Pune +70 other locations,1.7k,--
2961,TCG Lifesciences,4.0,(366),Pharma | Kolkata +8 other locations,1.2k,1
2962,Sedemac Mechatronics,3.9,(366),Emerging Technologies | Pune +7 other locations,1.5k,3
2963,Johnson Controls Hitachi Air Conditioning,3.7,(366),Consumer Electronics & Appliances | Ahmedabad +37 other locations,1.6k,--
2964,Euler Motors,3.7,(366),Automobile | New Delhi +29 other locations,1.5k,12
2965,Bss Microfinance,3.7,(366),Financial Services | Bengaluru +134 other locations,800,1
2966,Sri Aurobindo Society,4.1,(365),Non-Profit | New Delhi +23 other locations,731,--
2967,Royal Orchid Hotels,4.0,(366),Hospitality | Bengaluru +50 other locations,947,8
2968,Gps Renewables,4.1,(365),Oil & Gas | Bengaluru +40 other locations,780,1
2969,SMFG India Home Finance Co,3.7,(396),NBFC | Mumbai +109 other locations,965,--
2970,Cedcoss Technologies,3.0,(365),IT Services & Consulting | Lucknow +3 other locations,1.9k,19
2971,Veeda Clinical Research,3.4,(365),Clinical Research | Ahmedabad +7 other locations,1.5k,16
2972,EXEDY,3.8,(365),Auto Components | Bengaluru +19 other locations,1.5k,--
2973,Ambuja Neotia,3.9,(365),Real Estate | Kolkata +15 other locations,1.2k,1
2974,Yellow Diamond,4.1,(365),FMCG | Indore +88 other locations,1k,--
2975,SYSTRA,4.0,(365),Engineering & Construction | New Delhi +40 other locations,1.4k,--
2976,Lido Learning,2.1,(364),EdTech | Mumbai +18 other locations,1.5k,--
2977,Udaan India - The Original Visa Company,4.3,(364),Bengaluru +78 other locations,1.5k,--
2978,Civica India,3.1,(364),IT Services & Consulting | Vadodara +12 other locations,2.1k,18
2979,Imarque Solutions,3.2,(364),BPO | Chennai +16 other locations,1.3k,46
2980,Imarque Solutions,3.2,(364),BPO | Chennai +16 other locations,1.3k,46
2981,ITSource Technologies,2.8,(364),IT Services & Consulting | Mumbai +28 other locations,1.8k,--
2982,Associated Road Carriers,4.1,(364),Logistics | Hyderabad +70 other locations,1.2k,3
2983,Birla Cement,4.1,(363),Building Material | Satna +73 other locations,1.1k,--
2984,Sunflag Iron and Steel,3.8,(363),Iron & Steel | Bhandara +16 other locations,1.2k,--
2985,RedBus,4.0,(363),Internet | Bengaluru +21 other locations,2k,8
2986,NTT Global Data Centers and Cloud Infrastructure,3.9,(363),IT Services & Consulting | Mumbai +17 other locations,2k,--
2987,Cashpor Micro Credit,3.5,(363),NBFC | Varanasi +60 other locations,819,--
2988,Servion Global Solutions,3.3,(363),IT Services & Consulting | Chennai +14 other locations,2.5k,11
2989,Marelli Motherson Automotive Lighting,3.6,(363),Auto Components | Pune +15 other locations,1.3k,--
2990,Priya Cement,4.1,(363),Building Material | Kurnool +52 other locations,1.1k,--
2991,K L University,3.8,(363),Education & Training | Vijayawada +19 other locations,1.1k,7
2992,Amoli Organics,3.8,(362),Pharma | Vadodara +15 other locations,1.9k,--
2993,Jawahar Navodaya Vidyalaya,4.4,(362),Education & Training | New Delhi +150 other locations,504,--
2994,Centre For Sight,3.8,(362),Healthcare | New Delhi +36 other locations,1.3k,22
2995,Watchyourhealth.com,4.6,(362),Emerging Technologies | Thane +3 other locations,358,1
2996,Capital Small Finance Bank,3.7,(362),Banking | Jalandhar +69 other locations,1.3k,11
2997,Planetcast,3.7,(362),Media & Entertainment | Noida +14 other locations,1.5k,--
2998,SRMB SRIJAN,3.6,(362),Iron & Steel | Kolkata +48 other locations,1.1k,40
2999,Medline Industries India Private Limited,3.8,(362),Medical Equipment | Pune +8 other locations,2.5k,1
3000,People Group,3.4,(361),Internet | Mumbai +30 other locations,1.5k,48
3001,GGS Information Services,3.8,(361),IT Services & Consulting | Chennai +10 other locations,2k,3
3002,T&M Services consulting,3.7,(361),Recruitment | Mumbai +92 other locations,1.1k,--
3003,Tega Industries,3.7,(360),Industrial Machinery | Kolkata +19 other locations,1.4k,12
3004,Evolent Health International,3.9,(362),Software Product | Pune +4 other locations,1.7k,14
3005,Concord Biotech,3.7,(361),Pharma | Ahmedabad +22 other locations,1.9k,--
3006,Bliss Gvs Pharma,4.0,(361),Pharma | Mumbai +14 other locations,1.6k,1
3007,Subway,4.2,(360),Hospitality | New Delhi +67 other locations,831,--
3008,Time Technoplast,3.8,(360),Petrochemicals | Mumbai +35 other locations,1.7k,8
3009,Pranav Vikas India Private Limited,3.8,(360),Automobile | Faridabad +16 other locations,1.2k,--
3010,CapeStart,4.5,(360),IT Services & Consulting | Nagercoil +4 other locations,603,27
3011,Sj Contracts,4.2,(360),Engineering & Construction | Pune +9 other locations,1.2k,7
3012,Rahee Group,4.1,(360),Railways | Kolkata +48 other locations,1.1k,9
3013,Tata Digital,2.4,(360),IT Services & Consulting | Mumbai +10 other locations,1.9k,12
3014,Offshoot Agency,3.4,(360),IT Services & Consulting | New Delhi +22 other locations,1.2k,1
3015,Hollister Medical,4.0,(360),Medical Equipment | Rewari +11 other locations,1.1k,16
3016,Transguard Group,3.8,(359),Law Enforcement & Security | Dubai +25 other locations,484,--
3017,SiliconIndia,2.7,(359),Printing & Publishing | Bengaluru +9 other locations,1.7k,2
3018,Toshiba Transmission & Distribution Systems,4.0,(360),Electrical Equipment | Hyderabad +23 other locations,1.7k,22
3019,NCCCL,3.4,(359),Engineering & Construction | Bengaluru +25 other locations,1.1k,2
3020,Vedant Fashions,4.2,(359),Fashion & Textile | Kolkata +49 other locations,1.2k,22
3021,Indifi Technologies,3.6,(359),FinTech | Gurugram +14 other locations,1.8k,24
3022,Rainbow Hospital,3.7,(359),Healthcare | Hyderabad +19 other locations,1.5k,--
3023,Kokuyo Camlin,3.8,(359),FMCG | Mumbai +66 other locations,1.1k,--
3024,Adarsh Credit Co-Operative Society,4.4,(358),Investment Banking / Venture Capital / Private Equity | Ahmedabad +139 other locations,533,--
3025,Bellsonica Auto Component,3.9,(358),Auto Components | Gurugram +14 other locations,1.3k,2
3026,Slice,3.2,(359),Banking | Bengaluru +37 other locations,2.1k,15
3027,Schaeffer & Sam,3.3,(358),Accounting & Auditing | Mumbai +24 other locations,762,--
3028,Berar Finance,3.5,(359),NBFC | Nagpur +96 other locations,949,--
3029,The Belgian Waffle co,4.5,(358),Hospitality | Mumbai +27 other locations,676,3
3030,Endava,3.5,(359),IT Services & Consulting | Bengaluru +13 other locations,2.3k,--
3031,Tribhovandas Bhimji Zaveri,4.0,(358),Metals & Mining | Mumbai +34 other locations,1k,4
3032,Rubicon Research,3.5,(358),Pharma | Mumbai +13 other locations,1.8k,11
3033,Audi,3.7,(357),Automobile | New Delhi +55 other locations,1.2k,--
3034,Avineon India,4.0,(357),IT Services & Consulting | Hyderabad +9 other locations,1.4k,4
3035,Ssipl Lifestyle,4.1,(358),Retail | New Delhi +49 other locations,951,7
3036,Expert Global Solutions,3.5,(357),BPO | Pune +13 other locations,2k,--
3037,Apcer Life Sciences,3.5,(357),Pharma | Ahmedabad +8 other locations,1.3k,--
3038,Treebo Hotels,3.2,(358),Internet | Bengaluru +39 other locations,1.4k,99
3039,Holcim,3.5,(357),Building Material | Mumbai +36 other locations,2k,4
3040,Avineon India,4.0,(357),IT Services & Consulting | Hyderabad +9 other locations,1.4k,4
3041,Expert Global Solutions,3.5,(357),BPO | Pune +13 other locations,2k,--
3042,Apcer Life Sciences,3.5,(357),Pharma | Ahmedabad +8 other locations,1.3k,--
3043,Treebo Hotels,3.2,(358),Internet | Bengaluru +39 other locations,1.4k,99
3044,Wagh Bakri Tea Group,4.2,(357),Beverage | Ahmedabad +57 other locations,1.2k,5
3045,SATTVA,4.2,(356),Real Estate | Bengaluru +15 other locations,1.6k,1
3046,Aarti Drugs,3.5,(356),Pharma | Mumbai +12 other locations,1.5k,--
3047,Navi Technologies,3.0,(357),FinTech | Bengaluru +17 other locations,2.2k,19
3048,Hitachi Hi-Rel Power Electronics,3.7,(356),Electronics Manufacturing | Ahmedabad +31 other locations,1.6k,14
3049,Actalent Services,3.7,(356),IT Services & Consulting | Bengaluru +9 other locations,1.7k,--
3050,Hitachi Vantara,3.5,(356),IT Services & Consulting | Hyderabad +14 other locations,5.3k,78
3051,Zoomcar,3.6,(356),Internet | Bengaluru +29 other locations,1.6k,--
3052,Apmosys Technologies,3.2,(356),IT Services & Consulting | Mumbai +10 other locations,2.7k,14
3053,SEIL Energy India,4.0,(355),Power | Nellore +33 other locations,1.5k,--
3054,Vini Cosmetics,3.9,(355),Beauty & Personal Care | Mumbai +96 other locations,804,--
3055,Data-Core Systems,3.0,(355),IT Services & Consulting | Kolkata +7 other locations,1.2k,395
3056,Emami Paper Mills,4.2,(355),Pulp & Paper | Balasore +8 other locations,818,2
3057,TRL Krosaki Refractories,3.8,(355),Metals & Mining | Jharsuguda +23 other locations,1.5k,--
3058,DotPe,3.1,(355),IT Services & Consulting | Gurugram +23 other locations,1.5k,--
3059,Pegasystems,3.6,(356),Software Product | Hyderabad +5 other locations,3.2k,71
3060,Vini Cosmetics,3.9,(355),Beauty & Personal Care | Mumbai +96 other locations,804,--
3061,DotPe,3.1,(355),IT Services & Consulting | Gurugram +23 other locations,1.5k,--
3062,SEIL Energy India,4.0,(355),Power | Nellore +33 other locations,1.5k,--
3063,Medall Healthcare,3.6,(354),Healthcare | Chennai +52 other locations,1.1k,--
3064,Ventura Securities,4.0,(354),Financial Services | Mumbai +42 other locations,1.3k,2
3065,Ryan International School,3.2,(354),Education & Training | Mumbai +44 other locations,985,--
3066,Lumino Industries,3.8,(354),Electrical Equipment | Kolkata +47 other locations,1k,2
3067,Ben Franklin Opticians,3.9,(354),Retail | Hyderabad +109 other locations,773,--
3068,Lalitha Jewellery,4.0,(354),Jewellery | Chennai +44 other locations,1k,8
3069,N Ranga Rao And Sons,3.9,(354),FMCG | Mysuru +76 other locations,935,2
3070,Eclat Health Solutions,3.8,(354),BPO | Hyderabad +11 other locations,1.2k,5
3071,Health India Tpa Services,3.2,(354),Insurance | Mumbai +33 other locations,1.4k,10
3072,Debtcare Enterprises,4.3,(353),Investment Banking / Venture Capital / Private Equity | Hyderabad +17 other locations,317,1
3073,Dorset Industries,4.4,(353),Building Material | Gurugram +48 other locations,899,10
3074,Mobiloitte Technologies,3.0,(353),IT Services & Consulting | New Delhi +9 other locations,994,10
3075,MAHLE Behr India,3.6,(353),Auto Components | Pune +11 other locations,876,8
3076,New Opportunity Consultancy,4.1,(353),Recruitment | Coimbatore +138 other locations,963,80
3077,Mitra SK,3.9,(353),Other | Kolkata +48 other locations,1k,--
3078,Capri Global Housing Finance,3.4,(354),NBFC | Mumbai +94 other locations,1.1k,--
3079,Yamaha Motor India Sales,4.1,(353),Automobile | Chennai +61 other locations,983,4
3080,Gujarat Alkalies & Chemicals,4.6,(353),Chemicals | Bharuch +15 other locations,1.5k,--
3081,Jumio,3.8,(352),Emerging Technologies | Jaipur +12 other locations,994,7
3082,DEN Networks,3.8,(352),Broadcasting | New Delhi +46 other locations,1.4k,--
3083,Carraro,4.0,(352),Industrial Machinery | Pune +5 other locations,1.4k,--
3084,The Park Hotels,3.9,(352),Hospitality | Kolkata +25 other locations,1.2k,--
3085,Vaibhav Global,3.1,(352),Jewellery | Jaipur +11 other locations,1.5k,30
3086,Harjai Computers,3.2,(352),Recruitment | Mumbai +14 other locations,1.7k,1
3087,Syncfusion,3.4,(352),Software Product | Chennai +5 other locations,2.1k,7
3088,Qentelli,3.7,(352),IT Services & Consulting | Hyderabad +4 other locations,1.7k,63
3089,VST Industries,3.7,(351),FMCG | Hyderabad +89 other locations,886,--
3090,OneSource Specialty Pharma Limited,3.7,(351),Pharma | Bengaluru +7 other locations,1.6k,--
3091,Seth M R Jaipuria School,3.6,(351),Education & Training | Lucknow +50 other locations,894,5
3092,Brick&Bolt,3.5,(351),Engineering & Construction | Bengaluru +9 other locations,1.3k,16
3093,Lauritz Knudsen Electrical & Automation,4.2,(361),Mumbai +71 other locations,1.4k,--
3094,INOX Air Products,4.0,(350),Oil & Gas | Pune +57 other locations,1.7k,--
3095,Deenanath Mangeshkar Hospital,3.8,(350),Healthcare | Pune +11 other locations,973,20
3096,Vijay Nirman Company,3.6,(350),Engineering & Construction | Hyderabad +33 other locations,878,--
3097,Gupta Power Infrastructure,3.0,(350),Power | Bhubaneswar +42 other locations,1.3k,--
3098,RSM US in India,3.5,(350),Management Consulting | Bengaluru +14 other locations,3.2k,738
3099,Vatika Group,4.1,(349),Hospitality | Gurugram +18 other locations,1.3k,--
3100,Akumentis Healthcare,3.3,(349),Healthcare | Mumbai +52 other locations,851,--
3101,B S R & Co Llp,3.1,(349),Accounting & Auditing | Mumbai +21 other locations,3.7k,46
3102,Windlas Biotech,3.9,(349),Pharma | Dehradun +14 other locations,1.4k,--
3103,Al Tasnim Enterprises,3.5,(349),Engineering & Construction | Muscat +18 other locations,1.3k,--
3104,Godrej Infotech,3.7,(349),IT Services & Consulting | Mumbai +18 other locations,2k,59
3105,Technocon Services,3.3,(349),Engineering & Construction | Kolkata +38 other locations,850,1
3106,Nabard Financial Services,4.1,(348),NBFC | Bengaluru +128 other locations,861,--
3107,McNROE,3.8,(348),FMCG | Kolkata +66 other locations,1.1k,7
3108,Mitsubishi Electric Automotive India,4.4,(348),Automobile | Gurugram +16 other locations,917,--
3109,Netcore Cloud Private Limited,4.2,(348),Marketing & Advertising | Mumbai +12 other locations,1.6k,46
3110,RNFI Services,3.2,(348),FinTech | New Delhi +99 other locations,1k,--
3111,RWS Group,3.6,(347),IT Services & Consulting | Indore +22 other locations,2.2k,16
3112,NU Vista,4.2,(347),Building Material | Kolkata +66 other locations,1.2k,--
3113,Jaypee Cement,4.0,(347),Building Material | Rewa +70 other locations,879,--
3114,Protiviti India Member,2.7,(347),Management Consulting | Mumbai +28 other locations,1.7k,133
3115,Yalamanchili Software Exports,3.2,(348),Software Product | Chennai +12 other locations,1.3k,9
3116,Duroflex,4.0,(347),Furniture & Furnishing | Bengaluru +47 other locations,1.6k,12
3117,Borosil Glass Works,3.7,(347),Packaging | Jaipur +37 other locations,1.7k,1
3118,Hical Technologies,3.6,(347),Auto Components | Bengaluru +5 other locations,1.6k,9
3119,Control Print,4.2,(346),Industrial Machinery | Mumbai +44 other locations,1.2k,20
3120,Adient,4.0,(346),Auto Components | Pune +13 other locations,1.9k,--
3121,RV Solutions,3.7,(346),IT Services & Consulting | Noida +36 other locations,1.2k,2
3122,Control Print,4.2,(346),Industrial Machinery | Mumbai +44 other locations,1.2k,20
3123,Lam Research,3.8,(346),Semiconductors | Bengaluru +3 other locations,2.5k,13
3124,TMF Group,3.7,(346),Financial Services | Pune +11 other locations,1.8k,79
3125,National Highways Authority of India,3.9,(346),Engineering & Construction | New Delhi +154 other locations,1.2k,--
3126,EPIQ Systems,3.4,(346),Legal | Hyderabad +9 other locations,1.9k,10
3127,Sekisui Dljm Molding,3.9,(346),Auto Components | Chennai +20 other locations,1.3k,--
3128,TCI Supply Chain Solutions,4.0,(345),Logistics | Gurugram +55 other locations,855,--
3129,Asti Electronics India,4.1,(345),Auto Components | Gurugram +11 other locations,1.3k,--
3130,Jay Chemical Industries,4.1,(345),Chemicals | Ahmedabad +28 other locations,1.5k,2
3131,Eaton India Innovation Center,3.7,(345),Engineering & Construction | Pune +2 other locations,2.2k,--
3132,ShopKirana,3.9,(345),Software Product | Indore +25 other locations,1.1k,--
3133,Teleysia Networks,3.4,(345),Telecom | Ahmedabad +35 other locations,704,2
3134,Woodenstreet.com,3.4,(345),Furniture & Furnishing | Udaipur +28 other locations,1.5k,10
3135,METRO Global Solutions Center,3.4,(345),IT Services & Consulting | Pune +9 other locations,1.3k,--
3136,e-Zest,3.9,(345),IT Services & Consulting | Pune +6 other locations,3.4k,26
3137,Ultra Corpotech,4.0,(345),Industrial Machinery | Pune +5 other locations,1.7k,11
3138,Yara Fertilisers,3.8,(345),Agro Chemicals | Gurugram +62 other locations,1.1k,--
3139,Swiss Re,3.8,(345),Insurance | Bengaluru +6 other locations,2.7k,237
3140,e-Zest,3.9,(345),IT Services & Consulting | Pune +6 other locations,3.4k,26
3141,Shiash Info Solutions,3.0,(345),IT Services & Consulting | Chennai +9 other locations,259,--
3142,Synergies Castings,3.9,(344),Auto Components | Visakhapatnam +6 other locations,725,--
3143,Arabian Industries,3.8,(344),Oil & Gas | Muscat +22 other locations,890,--
3144,Country Holidays Inn & Suites,4.2,(344),Travel & Tourism | Noida +16 other locations,146,--
3145,Hygienic Research Institute,3.8,(344),Beauty & Personal Care | Mumbai +60 other locations,1.1k,2
3146,L&T Valves,3.7,(344),Industrial Machinery | Coimbatore +15 other locations,1.9k,--
3147,A-1 Fence Products,4.0,(344),Building Material | Mumbai +20 other locations,973,--
3148,Stellar Innovations,3.4,(344),IT Services & Consulting | Bengaluru +12 other locations,2k,12
3149,Orchid Pharma,3.7,(344),Pharma | Chennai +16 other locations,1.1k,--
3150,R.K.M Powergen,4.0,(343),Power | Raigarh +17 other locations,1.2k,--
3151,Lobo Staffing Solutions,4.1,(343),Recruitment | Mumbai +70 other locations,1.2k,--
3152,Cotmac Electronics,3.7,(343),Industrial Automation | Pune +23 other locations,1.5k,21
3153,Council of Scientific and Industrial Research,4.1,(343),Government | New Delhi +43 other locations,1.2k,--
3154,Zydex Industries,3.9,(343),Chemicals | Vadodara +71 other locations,1.1k,13
3155,Roquette Riddhi Siddhi,3.9,(343),Pharma | Rudrapur +20 other locations,1.2k,18
3156,Halonix Technologies,3.8,(343),Electrical Equipment | Noida +53 other locations,1.3k,4
3157,Computacenter,3.9,(343),IT Services & Consulting | Bengaluru +9 other locations,2.5k,4
3158,QUADRANT TECHNOLOGIES INDIA PRIVATE LIMITED,3.7,(343),Recruitment | Hyderabad +11 other locations,2k,30
3159,Gtpl Broadband,3.8,(343),Telecom | Ahmedabad +46 other locations,1.3k,--
3160,Gtpl Broadband,3.8,(343),Telecom | Ahmedabad +46 other locations,1.3k,--
3161,Sri Sri Tattva,3.5,(342),FMCG | Bengaluru +58 other locations,1.1k,--
3162,Hindustan Syringes & Medical Devices,4.0,(342),Medical Equipment | Faridabad +16 other locations,1.1k,6
3163,Kerala State Electricity Board,4.1,(342),Power | Palakkad +30 other locations,1.4k,--
3164,Recipharm Pharmaservices,3.8,(343),Pharma | Bengaluru +6 other locations,1.6k,--
3165,Choice Consultancy Services,3.6,(342),Management Consulting | Mumbai +68 other locations,1.1k,--
3166,Zuari Cement,4.3,(342),Building Material | Hyderabad +45 other locations,1.2k,--
3167,ACB (India),3.7,(341),Oil & Gas | Korba +30 other locations,1.5k,--
3168,Autocomp Corporation Panse,3.6,(341),Auto Components | Pune +12 other locations,1.4k,4
3169,Evelyn Learning Systems,3.9,(341),EdTech | New Delhi +10 other locations,791,--
3170,Mars,3.7,(341),Food Processing | Gurugram +65 other locations,1k,6
3171,Clariant Chemicals,4.2,(341),Chemicals | Mumbai +18 other locations,1.6k,3
3172,Shaadi.com,3.5,(341),Internet | Mumbai +26 other locations,1.2k,10
3173,MapmyIndia,3.5,(341),Software Product | New Delhi +11 other locations,1.8k,1
3174,Worldline,3.7,(341),FinTech | Mumbai +15 other locations,2.3k,12
3175,AIMLAY,4.6,(341),EdTech | New Delhi +3 other locations,396,24
3176,Groww,3.6,(341),FinTech | Bengaluru +15 other locations,2.3k,18
3177,MYCPE ONE,3.9,(341),Ahmedabad +23 other locations,1.1k,11
3178,R&R Limousine And Bus,4.0,(340),Chennai +11 other locations,123,--
3179,Mahindra Insurance Brokers,3.3,(340),Insurance | Mumbai +89 other locations,1k,4
3180,Savista Global Solutions,4.1,(340),Analytics & KPO | Chennai +8 other locations,1.3k,33
3181,63 Moons Technologies,3.7,(340),IT Services & Consulting | Mumbai +14 other locations,1.9k,17
3182,R&R Limousine And Bus,4.0,(340),Chennai +11 other locations,123,--
3183,DCM Shriram Industries,4.1,(340),Chemicals | Meerut +35 other locations,1.5k,--
3184,NXP Semiconductors,3.6,(340),Semiconductors | Bengaluru +12 other locations,2.6k,13
3185,ADNOC,4.3,(340),Oil & Gas | Abu Dhabi +16 other locations,839,--
3186,DISYS,3.1,(340),IT Services & Consulting | Chennai +11 other locations,2.1k,--
3187,International Game Technology,3.2,(340),Gaming | Gurugram +10 other locations,1.3k,--
3188,M K Agrotech Private Limited,4.5,(340),Food Processing | Mysuru +43 other locations,463,5
3189,Stefanini,2.7,(340),IT Services & Consulting | Noida +12 other locations,2k,17
3190,Kyndal India,3.7,(340),Beverage | Bengaluru +11 other locations,3.2k,--
3191,CESC,3.7,(340),Power | Kolkata +15 other locations,1.5k,--
3192,Adama,4.0,(340),Agro Chemicals | Hyderabad +69 other locations,1k,4
3193,Globtier Infotech Limited,3.3,(340),IT Services & Consulting | Noida +37 other locations,1.8k,5
3194,Lloyds Metals And Energy,3.8,(340),Metals & Mining | Chandrapur +14 other locations,1.2k,--
3195,Infocepts Technologies,3.5,(340),IT Services & Consulting | Nagpur +7 other locations,3.1k,43
3196,Delhi Metro Rail Corporation,4.2,(339),Logistics | New Delhi +23 other locations,1k,--
3197,Oceaneering International,4.0,(339),Engineering & Construction | Chandigarh +9 other locations,1.9k,2
3198,Sequel Logistics,4.0,(339),Logistics | Bengaluru +47 other locations,1.1k,2
3199,Phenom,3.4,(340),Software Product | Hyderabad +4 other locations,2.1k,51
3200,Sakthi Auto Components,3.1,(339),Auto Components | Erode +20 other locations,1k,--
3201,GTPL-KCBPL,4.0,(339),Telecom | Kolkata +35 other locations,445,--
3202,Sequel Logistics,4.0,(339),Logistics | Bengaluru +47 other locations,1.1k,2
3203,JSW One Platforms,2.9,(340),Internet | Mumbai +39 other locations,1.5k,7
3204,MNC Group,4.1,(339),Investment Banking / Venture Capital / Private Equity | Bengaluru +52 other locations,1.8k,2
3205,Urban Ladder,3.6,(339),Furniture & Furnishing | Bengaluru +31 other locations,1.5k,--
3206,Phenom,3.4,(340),Software Product | Hyderabad +4 other locations,2.1k,51
3207,Ircon International,3.9,(339),Engineering & Construction | New Delhi +54 other locations,946,--
3208,Padmini VNA Mechatronics,3.9,(338),Auto Components | Gurugram +6 other locations,1.4k,1
3209,Fluper,3.9,(338),IT Services & Consulting | Noida +4 other locations,546,10
3210,Somic ZF Components,4.2,(338),Auto Components | Gurugram +19 other locations,1.1k,3
3211,Network 18,3.5,(338),Media & Entertainment | Mumbai +29 other locations,2.4k,12
3212,TMEIC,3.8,(338),Bengaluru +10 other locations,1.6k,7
3213,Sata Vikas India,3.5,(338),Auto Components | Palwal +16 other locations,932,--
3214,Rithwik Projects,3.9,(339),Engineering & Construction | Hyderabad +56 other locations,1.1k,23
3215,Shah Technical Consultants,3.6,(338),Telecom | Mumbai +65 other locations,922,--
3216,Kushal's Fashion Jewellery,4.4,(338),Jewellery | Bengaluru +31 other locations,646,80
3217,HL Mando,4.0,(337),Auto Components | Chennai +21 other locations,1.2k,--
3218,Campus Activewear,4.1,(337),Fashion & Textile | New Delhi +46 other locations,1.4k,16
3219,Jaguar Security Services,4.5,(337),Law Enforcement & Security | Bengaluru +21 other locations,879,10
3220,HL Mando,4.0,(337),Auto Components | Chennai +21 other locations,1.2k,--
3221,SMC Corporation,3.8,(337),Medical Equipment | Noida +46 other locations,1.9k,16
3222,WPP,2.9,(338),Marketing & Advertising | Mumbai +10 other locations,2.2k,53
3223,eMudhra,3.4,(337),Software Product | Bengaluru +15 other locations,1.6k,--
3224,Campus Activewear,4.1,(337),Fashion & Textile | New Delhi +46 other locations,1.4k,16
3225,Khimji Ramdas,3.7,(337),Retail | Ahmedabad +33 other locations,863,3
3226,Theme Engineering Services,3.7,(337),Engineering & Construction | Jaipur +108 other locations,997,11
3227,Muthoot Capital Services,3.6,(337),Financial Services | Kochi +98 other locations,928,3
3228,Cygnet Infotech,3.3,(337),IT Services & Consulting | Ahmedabad +13 other locations,2.1k,2
3229,Technicolor,3.5,(337),Animation & VFX | Bengaluru +10 other locations,1.9k,2
3230,Bain & Company,3.8,(336),Management Consulting | Gurugram +7 other locations,5.5k,23
3231,Arzooo.com,2.6,(327),Internet | Bengaluru +44 other locations,1.2k,--
3232,InfodriveIndia,4.1,(336),Other | New Delhi +4 other locations,512,7
3233,Light Microfinance,3.8,(336),NBFC | Ahmedabad +115 other locations,891,4
3234,Valvoline Cummins,3.9,(336),Auto Components | Gurugram +58 other locations,1.4k,18
3235,Trane Technologies,3.9,(336),Industrial Machinery | Bengaluru +15 other locations,2.1k,--
3236,Vascon Engineers,3.7,(336),Real Estate | Pune +21 other locations,1.1k,3
3237,Escon Elevators,3.7,(336),Industrial Machinery | Mumbai +15 other locations,927,8
3238,Kraft Heinz Company,2.9,(336),FMCG | Ahmedabad +33 other locations,1.3k,50
3239,Zebronics,3.8,(336),Consumer Electronics & Appliances | Chennai +43 other locations,1.2k,27
3240,AceMicromatic Group,4.2,(336),Industrial Machinery | Bengaluru +35 other locations,1.2k,--
3241,Multiplier Brand Solutions,3.6,(342),Marketing & Advertising | New Delhi +74 other locations,903,4
3242,Omnicom Global Solutions,3.2,(335),Marketing & Advertising | Bengaluru +12 other locations,2.1k,24
3243,Zf Wind Power,4.1,(335),Coimbatore +8 other locations,1.5k,--
3244,Essilor,4.0,(335),Medical Equipment | Bengaluru +44 other locations,1.4k,9
3245,Satin Finserv,3.9,(335),NBFC | Gurugram +92 other locations,660,4
3246,Avantor,3.7,(336),Pharma | Coimbatore +26 other locations,2.4k,32
3247,Rao IIT Academy,3.5,(334),Education & Training | Mumbai +21 other locations,516,--
3248,Oil India,4.3,(334),Oil & Gas | Duliajan +46 other locations,877,--
3249,"Ministry Of Health, New Delhi",3.9,(334),Healthcare | New Delhi +47 other locations,894,11
3250,CKA Birla Group,4.1,(334),Building Material | Hyderabad +56 other locations,1.3k,--
3251,Bal Pharma,3.3,(334),Pharma | Bengaluru +21 other locations,1.2k,7
3252,Halliburton,3.6,(334),Engineering & Construction | Bengaluru +26 other locations,1.3k,38
3253,UNext,3.0,(334),EdTech | Bengaluru +13 other locations,1.6k,45
3254,Kimberly-Clark,4.0,(333),Beauty & Personal Care | Bengaluru +56 other locations,1.6k,32
3255,Sub-K IMPACT Solutions,4.1,(333),Financial Services | Hyderabad +112 other locations,855,--
3256,Coding Ninjas,3.7,(333),EdTech | Gurugram +11 other locations,1.4k,3
3257,Learning Routes,4.5,(333),EdTech | Gurugram +14 other locations,409,7
3258,Festo,3.8,(332),Industrial Automation | Bengaluru +22 other locations,1.7k,12
3259,Biz 2 Credit Info Services,3.4,(333),Financial Services | Noida +5 other locations,1.3k,30
3260,Dentsu Aegis Network,3.1,(333),Marketing & Advertising | Bengaluru +14 other locations,3k,--
3261,Red Health,3.5,(334),Healthcare | Hyderabad +29 other locations,772,7
3262,Gufic Biosciences,3.2,(333),Pharma | Mumbai +36 other locations,1.3k,43
3263,Zet Town,3.3,(333),Electronics Manufacturing | Noida +9 other locations,997,--
3264,People Prime Worldwide,4.1,(333),Recruitment | Hyderabad +8 other locations,1.4k,--
3265,Silverlink Technologies,3.9,(335),IT Services & Consulting | Mumbai +17 other locations,380,9
3266,SOPAN,4.0,(333),Industrial Machinery | Pune +42 other locations,1.1k,--
3267,Indchemie Health Specialities,3.8,(333),Pharma | Mumbai +62 other locations,918,--
3268,Jtekt Sona Automotive India,4.1,(333),Auto Components | Gurugram +16 other locations,850,--
3269,ESAF CO-OPERATIVE,3.5,(332),Financial Services | Thrissur +132 other locations,880,--
3270,Agility,4.0,(332),Logistics | Chennai +37 other locations,1.2k,4
3271,Aloha Technology,2.8,(332),IT Services & Consulting | Pune +10 other locations,1.8k,5
3272,6D Technologies,2.9,(333),Telecom | Bengaluru +13 other locations,2.6k,2
3273,Bluechip Corporate Investment Centre,3.6,(332),Accounting & Auditing | Mumbai +99 other locations,995,9
3274,MTR Foods,3.9,(332),FMCG | Bengaluru +46 other locations,1.1k,--
3275,Kalyani Motors,3.3,(332),Automobile | Bengaluru +11 other locations,1.2k,6
3276,IndusInd Securities,3.7,(332),Financial Services | Mumbai +53 other locations,1k,--
3277,Integrated Wireless Solutions,3.7,(332),Telecom | Bengaluru +41 other locations,1k,2
3278,Ceat Specialty Tyres,3.9,(331),Auto Components | Mumbai +37 other locations,1.2k,--
3279,Motilal Oswal Asset Management Company,4.4,(331),Financial Services | Mumbai +43 other locations,450,--
3280,Signode,3.8,(331),Industrial Machinery | Hyderabad +39 other locations,1.4k,--
3281,VXI Global Solutions,3.4,(332),BPO | Hyderabad +5 other locations,891,4
3282,Advanced Micro Devices,3.7,(331),Semiconductors | Hyderabad +15 other locations,3.1k,396
3283,Paperchase Accountancy,3.0,(331),Accounting & Auditing | Ahmedabad +9 other locations,1.6k,5
3284,Vem Technologies,3.6,(331),Defence & Aerospace | Hyderabad +4 other locations,1.3k,1
3285,Labcorp,4.0,(331),Clinical Research | Bengaluru +11 other locations,2.1k,--
3286,Minda Kosei Aluminum Wheel,4.1,(331),Auto Components | Ahmedabad +16 other locations,997,--
3287,Aeronautical Development Agency,4.2,(331),Defence & Aerospace | Bengaluru +9 other locations,1.9k,--
3288,Zopper,3.2,(330),FinTech | Noida +45 other locations,1.4k,6
3289,Cox & Kings,3.1,(330),Travel & Tourism | Mumbai +48 other locations,1k,--
3290,Furukawa Minda Electric,4.2,(330),Auto Components | Bawal +14 other locations,955,--
3291,Park Plus,2.8,(340),Internet | Gurugram +36 other locations,1.8k,11
3292,Unique Identification Authority of India,3.8,(330),IT Services & Consulting | New Delhi +92 other locations,1k,--
3293,Polyhose,3.7,(330),Industrial Machinery | Chennai +18 other locations,1.8k,44
3294,Pfizer Products India,3.9,(330),Pharma | Visakhapatnam +15 other locations,1.3k,--
3295,Vasan Eye Care Hospitals,3.8,(330),Healthcare | Bengaluru +73 other locations,701,--
3296,MJ Biopharm,3.5,(330),Pharma | Pune +9 other locations,1.4k,17
3297,Ven Consulting,3.3,(330),Recruitment | Bengaluru +56 other locations,834,--
3298,Pitaara,4.2,(336),Food Processing | Pune +66 other locations,437,--
3299,AVL,3.5,(331),Automobile | Gurugram +24 other locations,1.6k,--
3300,Global Aluminium,3.7,(331),Metals & Mining | Hyderabad +17 other locations,879,--
3301,You Broadband,3.7,(329),Telecom | Pune +31 other locations,1k,--
3302,BLS International Services,3.4,(329),Travel & Tourism | New Delhi +52 other locations,1.1k,44
3303,L&T–MHI Power Boilers,4.0,(329),Industrial Machinery | Surat +21 other locations,1.5k,--
3304,Maharashtra Hybrid Seed Company,4.1,(329),Agriculture | Chhatrapati Sambhajinagar +74 other locations,867,1
3305,Allegis Global Solutions,3.4,(329),Recruitment | Bengaluru +11 other locations,1.6k,1
3306,Hyundai Construction Equipment,4.4,(329),Industrial Machinery | Pune +39 other locations,1.4k,3
3307,Kpmg Resource Centre,3.5,(329),Accounting & Auditing | Gurugram +12 other locations,2.1k,--
3308,Lloyd Insulations,3.5,(329),Industrial Machinery | New Delhi +42 other locations,1.3k,1
3309,Hindustan Urvarak & Rasayan,3.3,(329),Agro Chemicals | Gorakhpur +22 other locations,1.5k,--
3310,MUFG Bank,3.5,(329),Banking | Bengaluru +13 other locations,2.3k,34
3311,Springer Nature in India,4.0,(329),Analytics & KPO | Pune +4 other locations,2.5k,12
3312,IIT Bombay,4.4,(328),Education & Training | Mumbai +13 other locations,1.7k,6
3313,Adani Electricity,3.5,(350),Power | Mumbai +37 other locations,1.6k,--
3314,Walplast Products,4.0,(328),Engineering & Construction | Mumbai +61 other locations,1.2k,42
3315,Ace Designers,4.1,(328),Industrial Machinery | Bengaluru +14 other locations,1.6k,1
3316,Taco Bell,4.1,(328),Hospitality | New Delhi +39 other locations,985,--
3317,Wonderla Holidays,4.2,(328),Media & Entertainment | Bengaluru +16 other locations,1.1k,45
3318,Clarus Rcm Infotech,2.8,(328),BPO | Hyderabad +15 other locations,1.1k,4
3319,ICRA Analytics,3.0,(328),Analytics & KPO | Kolkata +5 other locations,1.5k,4
3320,VIKRAN Engineering & Exim,4.1,(328),Engineering & Construction | Mumbai +66 other locations,1k,9
3321,Walplast Products,4.0,(328),Engineering & Construction | Mumbai +61 other locations,1.2k,42
3322,Gi Group,3.7,(327),Recruitment | Mumbai +57 other locations,1.2k,1
3323,DSV - Global Transport and Logistics,3.7,(327),Logistics | Mumbai +36 other locations,1.5k,1
3324,Dinshaws,3.9,(327),Food Processing | Nagpur +55 other locations,1k,--
3325,VGM Consultants,3.3,(327),BPO | Kolkata +50 other locations,1.1k,--
3326,Glorious Insight,3.6,(327),IT Services & Consulting | Noida +6 other locations,252,1
3327,Volvo Trucks,4.0,(327),Automobile | Bengaluru +34 other locations,1.5k,--
3328,Path Infotech,3.4,(327),IT Services & Consulting | Noida +9 other locations,1.7k,9
3329,Telecom Network Solutions,4.0,(327),Telecom | Noida +53 other locations,1.1k,11
3330,Telstra,3.9,(327),Telecom | Bengaluru +8 other locations,2.8k,3
3331,Machino Plastics,3.6,(328),Auto Components | Gurugram +16 other locations,1.5k,5
3332,Plasser India,4.0,(327),Industrial Machinery | Vadodara +12 other locations,1.6k,--
3333,CityMall,3.3,(327),Internet | Gurugram +23 other locations,1.4k,3
3334,SOTC Travel Limited,4.1,(327),Travel & Tourism | Mumbai +33 other locations,1.2k,18
3335,Adglobal360,3.3,(327),Gurugram +11 other locations,2.1k,4
3336,NIKE,4.0,(327),Retail | Bengaluru +44 other locations,2.3k,--
3337,Motherson Technology Services,3.3,(326),IT Services & Consulting | Noida +11 other locations,2k,1
3338,Rainbow Childrens Hospital,3.6,(326),Healthcare | Hyderabad +14 other locations,1k,8
3339,Patil Group,3.5,(326),Engineering & Construction | Hyderabad +45 other locations,1.4k,8
3340,Kalkine Solutions,4.2,(326),Financial Services | Noida +2 other locations,888,1
3341,Polyplastics Industries (I),3.8,(326),Auto Components | Pune +16 other locations,1.3k,--
3342,Motherson Technology Services,3.3,(326),IT Services & Consulting | Noida +11 other locations,2k,1
3343,AVASOFT,2.6,(326),Software Product | Chennai +7 other locations,1.5k,--
3344,Kuwait National Petroleum Company,4.3,(325),Oil & Gas | Kuwait City +19 other locations,1k,--
3345,TIBCO Software,3.7,(325),Software Product | Pune +7 other locations,3.3k,45
3346,Banco Products,3.4,(326),Auto Components | Vadodara +19 other locations,1.7k,1
3347,Victora Tool Engineers,3.7,(325),Auto Components | Faridabad +16 other locations,1.2k,--
3348,Selec Controls,3.6,(325),Electronics Manufacturing | Mumbai +21 other locations,2k,27
3349,Lucas Indian Service,4.0,(325),Auto Components | Chennai +51 other locations,997,--
3350,CareEdge Ratings,3.0,(325),Financial Services | Mumbai +20 other locations,1.8k,1
3351,Hitech Digital Solutions,3.7,(325),IT Services & Consulting | Ahmedabad +18 other locations,1.6k,32
3352,Rajsriya Automotive Industries,3.2,(325),Auto Components | Hosur +13 other locations,1.2k,1
3353,Harsha Engineers,3.8,(325),Auto Components | Ahmedabad +12 other locations,1.6k,4
3354,Sundaram Motors,3.9,(324),Automobile | Chennai +43 other locations,1.1k,--
3355,KLJ GROUP,3.3,(324),Petrochemicals | Bharuch +18 other locations,1.4k,5
3356,EqualizeRCM Services,3.8,(324),Analytics & KPO | Mysuru +9 other locations,1.1k,12
3357,Han Digital,2.6,(324),Recruitment | Bengaluru +21 other locations,720,1.5k
3358,Sureti Insurance Marketing,3.2,(329),Insurance | Coimbatore +8 other locations,150,--
3359,Rushil Decor,4.1,(324),Building Material | Ahmedabad +34 other locations,971,--
3360,Intelizign Lifecycle Services,3.4,(324),IT Services & Consulting | Pune +6 other locations,2.4k,28
3361,Louis Philippe,4.4,(324),Fashion & Textile | Bengaluru +76 other locations,734,--
3362,Sundaram Motors,3.9,(324),Automobile | Chennai +43 other locations,1.1k,--
3363,Han Digital,2.6,(324),Recruitment | Bengaluru +21 other locations,720,1.5k
3364,Sureti Insurance Marketing,3.2,(329),Insurance | Coimbatore +8 other locations,150,--
3365,ESAB,3.9,(324),Industrial Machinery | Chennai +27 other locations,1.5k,8
3366,EqualizeRCM Services,3.8,(324),Analytics & KPO | Mysuru +9 other locations,1.1k,12
3367,Rushil Decor,4.1,(324),Building Material | Ahmedabad +34 other locations,971,--
3368,Red Tape,3.3,(324),Fashion & Textile | New Delhi +70 other locations,1.1k,--
3369,Versuni India Home Solutions,3.4,(324),Consumer Electronics & Appliances | Chennai +42 other locations,1.2k,1
3370,Rio Tinto,3.5,(323),Metals & Mining | Gurugram +12 other locations,1.6k,--
3371,Aabasoft,4.0,(323),IT Services & Consulting | Kochi +12 other locations,795,33
3372,Senvion,4.1,(323),Power | Bengaluru +33 other locations,1.4k,2
3373,Robosoft Technologies,3.4,(323),IT Services & Consulting | Bengaluru +13 other locations,2.2k,42
3374,Nitco,4.0,(323),Building Material | Mumbai +59 other locations,1.2k,119
3375,Aptean,3.2,(323),Software Product | Bengaluru +6 other locations,2.3k,53
3376,Brawn Group,3.6,(323),Pharma | Faridabad +14 other locations,1.1k,18
3377,DCDC Kidney Care,4.1,(323),Healthcare | New Delhi +76 other locations,544,10
3378,Cadence Design Systems,3.8,(323),Semiconductors | Noida +16 other locations,2.9k,153
3379,Mahindra Truck and Bus,3.7,(322),Automobile | Pune +64 other locations,1k,--
3380,Nava Limited,3.8,(322),Metals & Mining | Hyderabad +28 other locations,1.1k,3
3381,Peel-works,3.6,(322),Software Product | Bengaluru +26 other locations,651,--
3382,Stellar Value Chain Solutions,3.6,(322),Logistics | Mumbai +39 other locations,1.4k,--
3383,ITM Group of Institutions,3.4,(322),Education & Training | Mumbai +34 other locations,1.2k,--
3384,Tudip Technologies,2.8,(322),IT Services & Consulting | Pune +7 other locations,1.5k,68
3385,Can Fin Homes,2.8,(322),NBFC | Bengaluru +83 other locations,1.1k,1
3386,Himadri Speciality Chemical Limited,3.6,(322),Chemicals | Kolkata +15 other locations,1.6k,--
3387,Peregrine Guarding,3.9,(322),Law Enforcement & Security | Gurugram +50 other locations,862,2
3388,Fluentgrid,3.5,(322),IT Services & Consulting | Visakhapatnam +41 other locations,1.7k,6
3389,Veolia Water Technologies,4.3,(323),Waste Management | Bengaluru +52 other locations,1.3k,32
3390,E-Solutions,3.4,(321),Recruitment | Noida +23 other locations,1.5k,--
3391,Kubota Agricultural Machinery India,4.3,(321),Agriculture | Chennai +46 other locations,1.3k,--
3392,Global Calcium,3.2,(321),Pharma | Hosur +7 other locations,1.7k,31
3393,TestingXperts,3.9,(321),IT Services & Consulting | Chandigarh +12 other locations,2.2k,3
3394,Gyproc,3.9,(332),Mumbai +40 other locations,1k,--
3395,Corizo,3.8,(321),Education & Training | Bengaluru +16 other locations,402,--
3396,Scaleneworks,3.4,(321),Recruitment | Bengaluru +31 other locations,1.3k,3
3397,Techno Electric & Engineering Company,4.0,(321),Engineering & Construction | Kolkata +54 other locations,1.2k,3
3398,Shree Renuka Sugars,4.0,(321),Food Processing | Belagavi +43 other locations,1.1k,1
3399,Boehringer-Ingelheim,3.8,(320),Pharma | Mumbai +55 other locations,1.1k,10
3400,convergys india services,3.5,(320),Gurugram +11 other locations,1k,--
3401,Sheraton Hotels and Resorts,3.8,(320),Hospitality | Bengaluru +23 other locations,658,--
3402,Boehringer-Ingelheim,3.8,(320),Pharma | Mumbai +55 other locations,1.1k,10
3403,Aujas Cybersecurity-NuSummit company,3.7,(320),IT Services & Consulting | Bengaluru +12 other locations,2.3k,28
3404,Greentech Industries,3.8,(320),Industrial Machinery | Nellore +17 other locations,1.1k,2
3405,MobileComm Technologies India,3.8,(320),Telecom | Gurugram +32 other locations,1k,--
3406,GE Aerospace,4.1,(354),Defence & Aerospace | Pune +9 other locations,1.6k,--
3407,Merit Data and Technology,3.5,(320),Analytics & KPO | Chennai +6 other locations,1.7k,9
3408,Sarvagram Fincare,3.9,(320),NBFC | Pune +110 other locations,941,--
3409,Mirza International,3.5,(320),Fashion & Textile | New Delhi +33 other locations,1.1k,11
3410,Columbia Petro Chem,4.0,(320),Oil & Gas | Mumbai +12 other locations,540,1
3411,Toyota Financial Services,3.6,(321),Financial Services | Bengaluru +60 other locations,1.1k,--
3412,Balrampur Chini Mills Limited,3.9,(320),Food Processing | Lucknow +24 other locations,940,--
3413,BIC Cello,3.9,(320),Other | Mumbai +54 other locations,965,--
3414,GITAM University,3.7,(319),Education & Training | Visakhapatnam +11 other locations,1.2k,5
3415,Savex Technologies,4.0,(319),Other | Mumbai +51 other locations,1.3k,--
3416,Universal Mep Projects & Engineering Services,3.7,(319),Engineering & Construction | Mumbai +65 other locations,828,--
3417,Lernx,3.8,(319),Jaipur +18 other locations,68,--
3418,NR Consulting,4.6,(319),Recruitment | Noida +15 other locations,287,48
3419,Luxor Writing Instruments,3.4,(319),Other | Noida +40 other locations,1.1k,--
3420,Universal Mep Projects & Engineering Services,3.7,(319),Engineering & Construction | Mumbai +65 other locations,828,--
3421,NR Consulting,4.6,(319),Recruitment | Noida +15 other locations,287,48
3422,Lernx,3.8,(319),Jaipur +18 other locations,68,--
3423,Yubi,4.2,(319),FinTech | Chennai +12 other locations,1.9k,2
3424,Technosoft Engineering Projects Limited,3.9,(319),Industrial Automation | Mumbai +6 other locations,1.3k,28
3425,Pps Motors,4.0,(318),Automobile | Hyderabad +56 other locations,1k,--
3426,Kent plc,4.1,(318),Oil & Gas | Mumbai +28 other locations,687,34
3427,Groz Engineering Tools,4.1,(318),Industrial Machinery | Gurugram +24 other locations,1.3k,18
3428,Swastika Investmart,3.7,(318),Investment Banking / Venture Capital / Private Equity | Indore +47 other locations,1.1k,9
3429,MIOT INTERNATIONAL,3.3,(318),Healthcare | Chennai +9 other locations,1.2k,15
3430,Honda India Power Products,4.1,(318),Industrial Machinery | Greater Noida +29 other locations,1.1k,--
3431,Novel Office,4.0,(318),Real Estate | Bengaluru +14 other locations,705,51
3432,Highway Industries,4.0,(318),Engineering & Construction | Ludhiana +18 other locations,1.3k,--
3433,Apisero,4.3,(318),IT Services & Consulting | Bengaluru +11 other locations,2.5k,--
3434,Jms Mining Services,4.0,(318),Metals & Mining | Kolkata +29 other locations,996,--
3435,Danske IT,3.6,(317),IT Services & Consulting | Bengaluru +2 other locations,1.7k,--
3436,Modern V.R. Security Force,3.9,(317),Law Enforcement & Security | Mumbai +72 other locations,719,--
3437,InsanelyGood,4.0,(317),Internet | Bengaluru +25 other locations,1.4k,--
3438,Lion Engineering Consultants,3.5,(317),Engineering & Construction | Bhopal +72 other locations,827,12
3439,Holisol Logistics,3.8,(317),Logistics | New Delhi +59 other locations,1.1k,--
3440,Pharmed,4.7,(317),Pharma | Bengaluru +47 other locations,396,--
3441,Inventia Healthcare,4.0,(317),Pharma | Mumbai +10 other locations,1.8k,4
3442,Lincoln Pharmaceuticals,3.4,(317),Pharma | Ahmedabad +27 other locations,1.3k,13
3443,MDC Group of Companies,4.8,(317),Pharma | Mumbai +5 other locations,88,3
3444,Dvara KGFS,3.7,(316),NBFC | Chennai +64 other locations,964,2
3445,ETA Engineering,3.3,(316),Engineering & Construction | New Delhi +24 other locations,821,2
3446,UCO Bank,3.7,(316),Banking | Kolkata +100 other locations,902,--
3447,Telesonic Networks,3.8,(316),Telecom | Chennai +46 other locations,797,--
3448,SNVA Group,3.3,(316),IT Services & Consulting | Noida +6 other locations,937,102
3449,Omax Autos,3.7,(316),Auto Components | Gurugram +18 other locations,974,--
3450,Alkyl Amines,4.0,(316),Chemicals | Pune +14 other locations,1.3k,5
3451,Vashi Integrated Solutions Limited,3.8,(316),Industrial Machinery | Mumbai +27 other locations,1.4k,106
3452,Laser Power & Infra,3.6,(316),Electrical Equipment | Kolkata +42 other locations,1.1k,1
3453,Fino Paytech,3.2,(315),FinTech | Mumbai +81 other locations,570,--
3454,CG Foods,3.5,(315),Food Processing | Guwahati +53 other locations,2.1k,5
3455,VSoft Technologies,3.2,(316),FinTech | Hyderabad +20 other locations,1.4k,--
3456,Resurgent India,3.8,(315),Investment Banking / Venture Capital / Private Equity | Gurugram +11 other locations,547,16
3457,"Nitor Infotech, an Ascendion company",4.1,(315),Software Product | Pune +7 other locations,2k,21
3458,Aksentt Tech Services,4.5,(315),IT Services & Consulting | Mumbai +19 other locations,387,3
3459,Iconic,4.1,(315),Retail | Gurugram +28 other locations,910,7
3460,Jorie Healthcare,4.0,(314),Healthcare | Sahibzada Ajit Singh Nagar +7 other locations,433,8
3461,Markelytics Solutions,4.5,(314),Analytics & KPO | Bengaluru +5 other locations,350,2
3462,Competent Software,3.3,(314),IT Services & Consulting | New Delhi +9 other locations,539,5
3463,Western Digital,3.4,(314),Consumer Electronics & Appliances | Bengaluru +10 other locations,2.9k,16
3464,Cactus Communications,3.4,(314),Software Product | Mumbai +13 other locations,1.7k,3
3465,IQ BackOffice,3.6,(314),Financial Services | Chennai +7 other locations,1.5k,2
3466,Aristocrat,3.6,(314),Gaming | Noida +10 other locations,2.5k,12
3467,Annexmed,3.2,(314),Chennai +6 other locations,1.3k,30
3468,Cohizon Life Sciences Limited,3.4,(314),Chemicals | Ankleshwar +12 other locations,1.6k,3
3469,Tenon Facility Management,3.6,(314),Facility Management Services | Gurugram +47 other locations,1.1k,--
3470,VML,3.4,(314),Marketing & Advertising | Noida +14 other locations,2k,24
3471,Abbott Nutrition International,3.9,(314),Pharma | Mumbai +62 other locations,909,--
3472,Stellantis Avtec Powertrain,3.6,(314),Hosur +11 other locations,1.4k,--
3473,ProConnect Integrated Logistics,3.6,(313),Logistics | Chennai +47 other locations,1.4k,--
3474,Genisys Group,3.6,(313),IT Services & Consulting | Bengaluru +13 other locations,1.3k,20
3475,Hindustan Wellness,3.2,(313),Healthcare | Gurugram +24 other locations,859,7
3476,Karvy Financial Services,3.9,(313),Financial Services | Hyderabad +43 other locations,1.3k,--
3477,Kusum Healthcare,4.0,(313),Pharma | Bhiwadi +8 other locations,1.3k,6
3478,Radiant Cash Management Services,3.4,(313),Financial Services | Chennai +61 other locations,973,--
3479,Listenlights,3.8,(312),Engineering & Construction | Mumbai +11 other locations,1.3k,15
3480,Zydus Hospital,4.2,(313),Healthcare | Ahmedabad +12 other locations,1k,2
3481,Kusum Healthcare,4.0,(313),Pharma | Bhiwadi +8 other locations,1.3k,6
3482,Radiant Cash Management Services,3.4,(313),Financial Services | Chennai +61 other locations,973,--
3483,Moody's Analytics,4.1,(313),Analytics & KPO | Gurugram +5 other locations,2.3k,37
3484,Listenlights,3.8,(312),Engineering & Construction | Mumbai +11 other locations,1.3k,15
3485,Coditas Technologies,3.7,(313),IT Services & Consulting | Pune +7 other locations,2.1k,18
3486,Airtel DTH Services,4.1,(312),Telecom | Gurugram +110 other locations,874,--
3487,Paragon Digital Services,3.2,(312),Marketing & Advertising | Chennai +7 other locations,2k,--
3488,Renom Energy Services,4.2,(312),Engineering & Construction | Pune +48 other locations,989,--
3489,Adani Gas,3.1,(312),Oil & Gas | Ahmedabad +53 other locations,1.4k,--
3490,SPML Infra,4.0,(312),Engineering & Construction | Kolkata +51 other locations,824,23
3491,NACL Industries,4.0,(312),Agro Chemicals | Hyderabad +52 other locations,1.1k,7
3492,o9 Solutions,3.5,(312),Software Product | Bengaluru +6 other locations,3.3k,12
3493,MSM Unify,3.9,(312),EdTech | Ahmedabad +24 other locations,456,--
3494,Olectra Greentech,3.3,(312),Automobile | Hyderabad +28 other locations,1.3k,20
3495,Irclass Systems And Solutions,4.2,(312),Ports & Shipping | Mumbai +39 other locations,944,5
3496,Ratnamani Metals and Tubes,4.2,(312),Iron & Steel | Ahmedabad +17 other locations,1.2k,6
3497,Frigorifico Allana,3.9,(311),Food Processing | Chhatrapati Sambhajinagar +33 other locations,1.1k,--
3498,EXO Edge,3.6,(311),BPO | Sahibzada Ajit Singh Nagar +6 other locations,1.1k,7
3499,ClaySys,3.8,(311),IT Services & Consulting | Kochi +9 other locations,916,10
3500,Ubisoft Entertainment,3.6,(311),Gaming | Pune +7 other locations,1.9k,--
3501,Frigorifico Allana,3.9,(311),Food Processing | Chhatrapati Sambhajinagar +33 other locations,1.1k,--
3502,ClaySys,3.8,(311),IT Services & Consulting | Kochi +9 other locations,916,10
3503,Signutra (Health & Nutrition Division of Win - Medicare Pvt Ltd),4.4,(311),Pharma | New Delhi +58 other locations,433,--
3504,Gammon Engineers And Contractors,4.0,(311),Engineering & Construction | Mumbai +40 other locations,1.1k,--
3505,Darwinbox,3.7,(311),Software Product | Hyderabad +11 other locations,2.3k,4
3506,Smaaash Entertainment,4.1,(310),Sports & Recreation | Mumbai +28 other locations,728,--
3507,Zeta,3.2,(310),Emerging Technologies | Bengaluru +12 other locations,3k,51
3508,Walsons Facility Solutions,3.9,(310),Recruitment | Gurugram +42 other locations,1.2k,1
3509,BYJU'S Exam Prep,3.7,(310),EdTech | Noida +26 other locations,1.1k,--
3510,Hinduja Finance,3.9,(310),NBFC | Chennai +137 other locations,965,--
3511,Mit World Peace University,3.9,(311),Education & Training | Pune +5 other locations,1k,9
3512,Laxmi Civil Engineering Services,4.0,(310),Engineering & Construction | Kolhapur +57 other locations,883,--
3513,AI Variant,4.2,(310),IT Services & Consulting | Bengaluru +12 other locations,1.5k,--
3514,Arya Omnitalk,3.8,(310),Electronics Manufacturing | Pune +70 other locations,973,7
3515,MARK EXHAUST SYSTEMS,4.2,(309),Auto Components | Gurugram +11 other locations,1.1k,--
3516,Princess Cruises,3.9,(309),Travel & Tourism | Mumbai +20 other locations,357,--
3517,Alicon Castalloy,3.3,(309),Auto Components | Pune +12 other locations,1.2k,--
3518,Manipal Technologies,4.0,(309),Printing & Publishing | Bengaluru +32 other locations,1.8k,12
3519,KEPCO Plant Service & Engineering,3.7,(309),Engineering & Construction | Bhavnagar +23 other locations,1k,4
3520,KnowledgeHut,4.4,(309),EdTech | Bengaluru +19 other locations,789,--
3521,Creative Hands HR Consultancy,4.2,(309),Recruitment | Chennai +39 other locations,210,--
3522,Indo Farm Equipment,3.1,(309),Industrial Machinery | Baddi +44 other locations,918,--
3523,LetsTransport,3.6,(309),Logistics | Bengaluru +32 other locations,1.1k,2
3524,Deepak Phenolics,4.4,(309),Chemicals | Bharuch +12 other locations,1.6k,--
3525,Essar Projects India,3.7,(309),Engineering & Construction | Surat +41 other locations,746,--
3526,DEC Infra,3.7,(309),Real Estate | Hyderabad +22 other locations,1.3k,--
3527,Sphinx Worldbiz,3.4,(309),Engineering & Construction | Pune +18 other locations,1.4k,--
3528,Bharat IT Services,3.3,(309),IT Services & Consulting | New Delhi +48 other locations,1.1k,--
3529,Angelique International,4.5,(309),Engineering & Construction | Noida +21 other locations,1k,1
3530,ESIC HOSPITAL,4.1,(309),Healthcare | New Delhi +59 other locations,925,--
3531,Infiniti Software Solutions,4.5,(308),Software Product | Chennai +6 other locations,555,6
3532,ISMT,3.8,(308),Iron & Steel | Pune +6 other locations,1.1k,--
3533,ILJIN ELECTRONICS,3.8,(308),Semiconductors | Noida +16 other locations,887,--
3534,Bnp Paribas Securities,3.8,(308),Financial Services | Chennai +8 other locations,1.9k,--
3535,CR3 Group,3.9,(308),Facility Management Services | Jamnagar +27 other locations,981,11
3536,UNITILE,4.6,(308),Building Material | Mumbai +15 other locations,363,20
3537,ATMECS Global,3.2,(308),IT Services & Consulting | Hyderabad +7 other locations,2.4k,16
3538,Jaiprakash Power Ventures,4.0,(308),Power | Singrauli +21 other locations,1.1k,--
3539,BOLD Technology Systems,3.1,(308),Software Product | Noida +8 other locations,1.6k,19
3540,SVC Co-Operative Bank,3.9,(308),Banking | Mumbai +40 other locations,1.3k,6
3541,Newt Global,4.3,(308),IT Services & Consulting | Chennai +9 other locations,803,25
3542,Jodas Expoim,3.2,(308),Pharma | Hyderabad +6 other locations,1.3k,13
3543,Softcell Technologies,3.9,(308),IT Services & Consulting | Mumbai +15 other locations,1.9k,15
3544,Katerra,3.5,(307),Engineering & Construction | Bengaluru +18 other locations,1.8k,--
3545,Military Engineer Services,4.6,(307),Engineering & Construction | New Delhi +77 other locations,638,--
3546,Ozone Pharmaceuticals,3.8,(307),Pharma | New Delhi +45 other locations,941,6
3547,KHY ELECTRONIC,3.9,(307),Noida +12 other locations,993,--
3548,Fidelis Technology Services,3.2,(307),IT Services & Consulting | Bengaluru +34 other locations,1.7k,--
3549,Elico Healthcare Services,3.3,(307),Analytics & KPO | Hyderabad +4 other locations,902,8
3550,Narula Infrastructure,3.7,(307),Engineering & Construction | Kolkata +60 other locations,628,1
3551,Quintessence Business Solutions & Services,3.8,(307),Analytics & KPO | Coimbatore +2 other locations,1k,--
3552,Dainik Jagran,3.5,(306),Printing & Publishing | New Delhi +58 other locations,1.2k,--
3553,ZIM Laboratories,3.0,(306),Pharma | Nagpur +10 other locations,1.4k,5
3554,Smart Value Products And Services,4.2,(306),FMCG | Gurugram +75 other locations,609,--
3555,Doha Petroleum Construction Company,3.7,(306),Oil & Gas | Doha +14 other locations,647,--
3556,JSW Steel Coated Products,3.9,(306),Mumbai +30 other locations,1.1k,--
3557,Micro Plastics Private Limited,3.6,(306),Bengaluru +12 other locations,1.3k,4
3558,Ms Agarwal Foundries,4.2,(306),Iron & Steel | Hyderabad +13 other locations,877,--
3559,Azure Power,3.9,(306),Power | New Delhi +25 other locations,1.2k,6
3560,Avanse Financial Services,3.9,(307),Financial Services | Mumbai +26 other locations,1.5k,28
3561,GIVA Jewellery,3.1,(306),Jewellery | Bengaluru +27 other locations,981,19
3562,MSD Pharmaceuticals,3.8,(306),Pharma | Mumbai +50 other locations,1.5k,45
3563,Silverskills,3.4,(306),BPO | Gurugram +11 other locations,1.1k,7
3564,Jasper Colin,3.9,(306),Analytics & KPO | Noida +10 other locations,740,9
3565,Hindustan Times,3.3,(305),Media & Entertainment | New Delhi +38 other locations,2k,--
3566,H&R Block,4.2,(305),Accounting & Auditing | Thiruvananthapuram +13 other locations,1.8k,10
3567,Cavisson Systems,2.3,(305),IT Services & Consulting | Noida +5 other locations,1.8k,5
3568,Automotive Robotics (India),3.6,(305),Industrial Automation | Chennai +7 other locations,2.4k,14
3569,Miles Education,3.3,(305),Education & Training | Bengaluru +12 other locations,680,14
3570,Tata Marcopolo Motors,3.7,(305),Auto Components | Dharwad +13 other locations,1.1k,--
3571,Nissin Brake,4.2,(305),Auto Components | Neemrana +12 other locations,802,--
3572,Praxis Services,3.1,(305),Management Consulting | Gurugram +8 other locations,954,6
3573,Electrical Research & Development Association,3.8,(305),Electrical Equipment | Vadodara +27 other locations,876,1
3574,TAJSATS AIR CATERING,4.1,(305),Hospitality | Mumbai +18 other locations,949,13
3575,1K Networks,3.2,(305),Retail | Gurugram +21 other locations,1.2k,--
3576,ARDEM Incorporated,3.9,(305),BPO | Lucknow +7 other locations,572,25
3577,Pulse Pharmaceuticals,3.3,(304),Pharma | Hyderabad +37 other locations,906,6
3578,Equinox Labs,3.9,(304),Clinical Research | Mumbai +17 other locations,894,4
3579,Himedia Laboratories,4.1,(304),Biotechnology | Mumbai +20 other locations,1.2k,--
3580,ITC ABD,3.7,(304),Guntur +74 other locations,1.1k,--
3581,Themis Medicare,3.7,(304),Pharma | Mumbai +52 other locations,1.1k,1
3582,Sakon,3.0,(304),Software Product | Pune +2 other locations,1.9k,8
3583,Jaguar Land Rover,3.9,(304),Automobile | Pune +32 other locations,1.7k,20
3584,The Indian Hume Pipe Co.,4.0,(304),Building Material | Mumbai +51 other locations,1k,9
3585,Cyber Infrastructure,3.5,(304),IT Services & Consulting | Indore +12 other locations,1.5k,13
3586,IM Gears,3.5,(304),Auto Components | Chennai +7 other locations,1k,4
3587,Van Heusen,4.0,(304),Fashion & Textile | New Delhi +79 other locations,682,--
3588,Meitra Hospital,4.5,(304),Healthcare | Kozhikode +4 other locations,359,2
3589,JUNIPER GREEN ENERGY,4.6,(304),Power | Gurugram +36 other locations,727,--
3590,Yum!,4.1,(304),Hospitality | Gurugram +28 other locations,1.2k,36
3591,Embee Software,3.7,(305),Software Product | Kolkata +23 other locations,1.3k,3
3592,Diya Systems,3.2,(304),BPO | Mangaluru +8 other locations,1.2k,--
3593,Aarti Steels,3.7,(313),Iron & Steel | Cuttack +11 other locations,1.3k,3
3594,Ordnance Factory,4.4,(304),Government | Hyderabad +37 other locations,597,--
3595,Asort Company,3.9,(304),Internet | Gurugram +58 other locations,387,--
3596,RHI Magnesita,3.8,(304),Building Material | Gurugram +42 other locations,1.2k,7
3597,SGT University,3.6,(304),Education & Training | Gurugram +8 other locations,1k,17
3598,Domino Printech India LLP,4.3,(304),Industrial Automation | Gurugram +31 other locations,833,8
3599,Ninestars Information Technologies,3.2,(303),IT Services & Consulting | Chennai +14 other locations,1.5k,1
3600,Molecular Connections,3.1,(304),IT Services & Consulting | Bengaluru +11 other locations,1.4k,2
3601,Cameo Corporate Services,3.3,(304),BPO | Chennai +17 other locations,1.2k,14
3602,Amcor Flexibles India,3.7,(303),Packaging | Bharuch +19 other locations,1.3k,--
3603,Sabre,3.9,(303),Software Product | Bengaluru +10 other locations,2.2k,17
3604,Madina Group,4.5,(303),Oil & Gas | Doha +20 other locations,518,--
3605,GSH Group,4.2,(303),Facility Management Services | Chennai +36 other locations,964,54
3606,Inlead Electronics,4.0,(302),Consumer Electronics & Appliances | Mumbai +45 other locations,938,--
3607,TATWA Technologies,3.2,(302),IT Services & Consulting | Bhubaneswar +14 other locations,842,5
3608,Internshala,3.7,(302),EdTech | Gurugram +26 other locations,938,1
3609,Guiltfree Industries,3.5,(302),FMCG | Kolkata +63 other locations,1k,2
3610,LANXESS India Private Limited,4.2,(302),Chemicals | Mumbai +17 other locations,1.1k,7
3611,Ang India,3.7,(302),Consumer Electronics & Appliances | Noida +40 other locations,952,2
3612,Orix Auto Infrastructure Services,4.1,(302),Logistics | Mumbai +20 other locations,956,--
3613,Xpheno,3.6,(302),Recruitment | Bengaluru +39 other locations,1.5k,176
3614,AGI Glaspac,3.8,(302),Packaging | Hyderabad +9 other locations,943,--
3615,Ck Birla Hospitals,3.9,(302),Healthcare | Kolkata +7 other locations,1.1k,--
3616,Danone Foods Beverages,3.4,(302),Food Processing | Mumbai +59 other locations,1.2k,1
3617,TCPL Packaging,4.0,(302),Packaging | Dadra & Nagar Haveli +50 other locations,1.4k,--
3618,Lanco Infratech,4.5,(301),Engineering & Construction | Gurugram +31 other locations,655,--
3619,Pitney Bowes,3.7,(301),IT Services & Consulting | Pune +15 other locations,1.9k,10
3620,Teamlease Digital,3.3,(672),Recruitment | Bengaluru +34 other locations,3.2k,--
3621,HungerBox,3.7,(301),Internet | Bengaluru +15 other locations,1k,9
3622,Murugappa Group,4.0,(301),Agro Chemicals | Chennai +84 other locations,1.3k,63
3623,TIDC India,3.8,(301),Industrial Machinery | Chennai +30 other locations,1.3k,--
3624,Nimbus Harbor Facilities Management,4.0,(301),Facility Management Services | Gurugram +17 other locations,924,--
3625,Cliantha Research,4.0,(301),Clinical Research | Ahmedabad +12 other locations,1.3k,12
3626,Busibud,3.7,(301),Emerging Technologies | Chandigarh +21 other locations,127,--
3627,Fexprime Finance,4.5,(301),Financial Services | New Delhi +47 other locations,723,--
3628,Bombay Intelligence Security,3.9,(301),Law Enforcement & Security | Mumbai +56 other locations,693,13
3629,Taal Tech India,3.9,(301),IT Services & Consulting | Bengaluru +10 other locations,1.4k,25
3630,Mindteck,3.0,(300),IT Services & Consulting | Bengaluru +9 other locations,2.2k,13
3631,Suburban Diagnostics,3.9,(300),Healthcare | Mumbai +14 other locations,1k,--
3632,Hudson's Bay Company,3.8,(300),Retail | Bengaluru +8 other locations,1.8k,4
3633,Soma Enterprises,4.5,(300),Engineering & Construction | Hyderabad +48 other locations,749,--
3634,Metric Stream Infotech,3.2,(300),Internet | Bengaluru +5 other locations,2.2k,--
3635,Munjal Kiriu Industries,3.8,(300),Auto Components | Gurugram +9 other locations,849,--
3636,Thomson Digital,3.9,(300),Printing & Publishing | Noida +8 other locations,744,1
3637,SBS,2.7,(300),IT Services & Consulting | Noida +8 other locations,2.2k,8
3638,Rucha Engineers,3.8,(300),Industrial Machinery | Chhatrapati Sambhajinagar +13 other locations,1.3k,2
3639,MN Dastur & Company,4.0,(300),Metals & Mining | Kolkata +13 other locations,734,1
3640,Aurigene Pharmaceutical Services,4.2,(316),Pharma | Hyderabad +3 other locations,1.1k,19
3641,Unibic Foods,3.7,(300),Food Processing | Bengaluru +48 other locations,999,--
3642,Amrutanjan Health Care,4.0,(300),Pharma | Chennai +52 other locations,680,2
3643,Business Integrity Services,4.3,(299),BPO | Chennai +2 other locations,525,3
3644,Bird Worldwide Flight Services,3.3,(299),Aviation | New Delhi +12 other locations,777,1
3645,HostBooks,3.1,(299),Software Product | Gurugram +8 other locations,647,2
3646,Futwork,3.8,(299),Internet | Mumbai +21 other locations,271,--
3647,SS Supply Chain Solutions,3.6,(299),IT Services & Consulting | Gurugram +35 other locations,1.1k,9
3648,Gaja Engineering,4.2,(299),Engineering & Construction | Hyderabad +34 other locations,1.1k,5
3649,NVH India Auto Parts,3.3,(299),Auto Components | Chennai +14 other locations,1.2k,2
3650,First Flight Couriers,4.4,(298),Logistics | Mumbai +72 other locations,488,32
3651,Indus Valley Partners,2.9,(298),IT Services & Consulting | Noida +9 other locations,2.5k,38
3652,ArcGate,3.0,(298),IT Services & Consulting | Udaipur +3 other locations,1.1k,24
3653,Manba Finance Limited,3.8,(298),NBFC | Mumbai +35 other locations,907,1
3654,Allanasons,3.9,(298),Food Processing | Mumbai +32 other locations,1.1k,17
3655,Dahua Technology India Pvt.Ltd.,3.5,(298),IT Services & Consulting | New Delhi +49 other locations,1.1k,3
3656,T R Chadha & Co Llp,3.3,(298),Accounting & Auditing | Mumbai +14 other locations,1.2k,22
3657,Myk Schomburg,3.9,(298),Chemicals | Hyderabad +49 other locations,905,--
3658,Checkmate Services,3.9,(298),Facility Management Services | Vadodara +68 other locations,848,2
3659,Bharat Wire Ropes,3.6,(299),Iron & Steel | Mumbai +12 other locations,1.3k,16
3660,Altruist Customer Management India,4.1,(297),BPO | Chennai +14 other locations,1k,--
3661,Woodland,3.4,(297),Fashion & Textile | New Delhi +66 other locations,911,--
3662,Citrix,3.2,(297),Software Product | Bengaluru +6 other locations,2.4k,--
3663,Gawar Construction,4.1,(298),Engineering & Construction | New Delhi +38 other locations,846,--
3664,VVF,3.9,(297),Chemicals | Mumbai +19 other locations,1.3k,1
3665,BMW,4.1,(297),Automobile | Chennai +35 other locations,1.7k,--
3666,Netsmartz Infotech,3.9,(297),IT Services & Consulting | Chandigarh +8 other locations,1.3k,3
3667,Koenig Solutions,3.6,(297),Education & Training | New Delhi +16 other locations,1.1k,40
3668,ICRA,3.2,(297),Financial Services | Mumbai +17 other locations,1.7k,3
3669,Hamleys,3.8,(297),Retail | Mumbai +44 other locations,656,--
3670,Tata Green Batteries,3.9,(297),Auto Components | Pune +39 other locations,779,--
3671,Ahresty India,3.8,(297),Auto Components | Rewari +11 other locations,1.1k,--
3672,Hardcastle Restaurants,3.7,(297),Hospitality | Mumbai +33 other locations,815,11
3673,Vinati Organics,3.9,(297),Chemicals | Chiplun +12 other locations,1.5k,2
3674,LatentView Analytics,3.5,(297),IT Services & Consulting | Chennai +11 other locations,2.9k,38
3675,Arabian Construction Company,3.2,(297),Engineering & Construction | Kolkata +29 other locations,767,--
3676,Peter England,4.1,(297),Fashion & Textile | Bengaluru +121 other locations,738,--
3677,Money View,4.1,(298),FinTech | Bengaluru +24 other locations,1.5k,21
3678,Adani Energy Solutions,3.6,(297),Power | Ahmedabad +77 other locations,1.2k,569
3679,Aspiro Pharma,3.8,(296),Pharma | Hyderabad +5 other locations,1k,3
3680,Tata ClassEdge,3.5,(296),EdTech | Mumbai +48 other locations,925,12
3681,Saregama India,4.0,(296),Media & Entertainment | Mumbai +40 other locations,901,--
3682,Mirafra Technologies,3.8,(296),Semiconductors | Bengaluru +9 other locations,2.8k,100
3683,Tamilnad Mercantile Bank,2.5,(296),Banking | Chennai +74 other locations,958,--
3684,AIS Glass Solutions,3.6,(296),Building Material | Chennai +31 other locations,1.4k,--
3685,INDIABULLS PHARMACEUTICALS,2.7,(296),Pharma | Mumbai +56 other locations,571,--
3686,ANZ Operations & Technology,3.8,(296),Financial Services | Bengaluru +4 other locations,2.6k,--
3687,Rheinmetall Automotive,4.0,(296),Auto Components | Pune +12 other locations,1.2k,2
3688,Navneet Education,3.9,(296),Printing & Publishing | Mumbai +46 other locations,1.3k,--
3689,British Biologicals,3.0,(296),Fitness & Wellness | Bengaluru +55 other locations,745,3
3690,Bhandari Automobiles,3.7,(296),Automobile | Kolkata +28 other locations,869,--
3691,Presto Infosolutions,2.8,(296),Hardware & Networking | New Delhi +44 other locations,1.2k,--
3692,NatWest Markets,3.9,(296),Banking | Gurugram +10 other locations,2.8k,7
3693,CQRA,4.3,(296),Engineering & Construction | Hyderabad +29 other locations,850,10
3694,Ruby Hall Clinic,4.0,(296),Healthcare | Pune +8 other locations,968,--
3695,Blenheim Chalcot,2.7,(296),IT Services & Consulting | Mumbai +9 other locations,1.6k,1
3696,DataTrained,3.5,(296),EdTech | Noida +3 other locations,488,--
3697,SSF PLASTICS,3.6,(296),Petrochemicals | Hosur +15 other locations,1.2k,3
3698,Titan Laboratories,3.4,(297),Pharma | Mumbai +12 other locations,1k,18
3699,Rooman Technologies,3.7,(295),Education & Training | Bengaluru +41 other locations,780,2
3700,Doubtnut,3.4,(295),EdTech | Gurugram +16 other locations,1.1k,--
3701,FUJIFILM,4.1,(295),Animation & VFX | Gurugram +32 other locations,1.1k,--
3702,ScoreMe Solutions,3.4,(295),Software Product | Gurugram +5 other locations,470,--
3703,DynPro,3.7,(295),IT Services & Consulting | Bengaluru +15 other locations,1.4k,2
3704,THE GUARDIANS Real Estate Advisory,3.6,(295),Real Estate | Mumbai +10 other locations,1.2k,11
3705,GlobalStep,2.3,(295),IT Services & Consulting | Pune +6 other locations,1.8k,13
3706,Airbnb,3.5,(295),Internet | Gurugram +11 other locations,1.6k,2
3707,IndianOil Adani Ventures,4.0,(294),Oil & Gas | Paradip +28 other locations,981,--
3708,Can-Pack,4.4,(294),Packaging | Chhatrapati Sambhajinagar +11 other locations,1.2k,4
3709,Onida,3.6,(294),Consumer Electronics & Appliances | Mumbai +67 other locations,856,--
3710,Integra Global Solutions,3.5,(294),Financial Services | Coimbatore +3 other locations,1.4k,23
3711,Alf Engineering,4.0,(294),Auto Components | Nashik +14 other locations,1.3k,--
3712,Slr Metaliks,4.1,(294),Iron & Steel | Hosapete +10 other locations,1k,--
3713,Diamondpick,3.9,(294),Recruitment | Chennai +6 other locations,1.5k,3
3714,ecare India,3.9,(295),Analytics & KPO | Chennai +4 other locations,1.2k,24
3715,Futurense Technologies,4.0,(294),EdTech | Bengaluru +8 other locations,763,--
3716,Bajaj Energy,4.3,(294),Power | Lalitpur +16 other locations,886,--
3717,Xylem Water Solutions,3.7,(294),Waste Management | Vadodara +19 other locations,1.9k,73
3718,ARCADIS,4.1,(294),IT Services & Consulting | Bengaluru +26 other locations,1.8k,164
3719,Spm Autocomp,3.6,(294),Auto Components | Pune +16 other locations,1.1k,--
3720,Kelly Services,4.2,(294),Recruitment | Bengaluru +36 other locations,1.2k,--
3721,Pepe Jeans,4.1,(294),Fashion & Textile | Mumbai +60 other locations,894,--
3722,TJSB Sahakari Bank,3.6,(294),Banking | Mumbai +28 other locations,1.2k,--
3723,NAFFCO,3.2,(294),Law Enforcement & Security | Chennai +22 other locations,775,--
3724,MSPL,4.1,(294),Metals & Mining | Hosapete +31 other locations,1.2k,6
3725,Junglee Games,4.1,(294),Gaming | Gurugram +7 other locations,1.7k,5
3726,HyScaler,4.3,(293),IT Services & Consulting | Bhubaneswar +3 other locations,257,24
3727,Gionee,4.5,(293),Consumer Electronics & Appliances | New Delhi +95 other locations,301,--
3728,Bhash Software Labs,4.6,(293),Software Product | Bengaluru +4 other locations,147,--
3729,Merino Laminates,3.9,(293),Consumer Electronics & Appliances | New Delhi +54 other locations,959,--
3730,Danfoss Power Solutions,3.9,(293),Power | Pune +8 other locations,1.1k,--
3731,McAfee,3.8,(293),Software Product | Bengaluru +10 other locations,2.9k,5
3732,Karuna Management Services,3.7,(293),Retail | Kolkata +28 other locations,440,2
3733,Aurigene Oncology Limited,4.2,(293),Biotechnology | Bengaluru +5 other locations,1.1k,6
3734,Hema Engineering Industries,4.0,(293),Auto Components | Gurugram +23 other locations,1.1k,--
3735,POSCO MAHARASHTRA STEEL,4.1,(293),Iron & Steel | Pune +12 other locations,1.3k,--
3736,CPM India Sales & Marketing,4.1,(294),Marketing & Advertising | New Delhi +50 other locations,990,11
3737,Tablets (India),3.8,(293),Pharma | Chennai +48 other locations,837,--
3738,Innoviti Technologies Private Limited,2.9,(293),FinTech | Bengaluru +46 other locations,1.5k,5
3739,Roki Minda Co,4.5,(293),Auto Components | Chennai +19 other locations,825,--
3740,Aurangabad Electricals,4.0,(293),Auto Components | Chhatrapati Sambhajinagar +9 other locations,1k,--
3741,GMR Energy,4.1,(293),Power | New Delhi +38 other locations,986,--
3742,R L Fine Chem,3.6,(293),Pharma | Bengaluru +7 other locations,1.5k,4
3743,AltezzaSys,3.8,(293),IT Services & Consulting | Noida +14 other locations,758,5
3744,Wartsila,4.1,(293),Ports & Shipping | Mumbai +46 other locations,833,113
3745,Atul Auto,3.8,(293),Automobile | Ahmedabad +36 other locations,1.2k,14
3746,Nexval Infotech,2.7,(292),IT Services & Consulting | Kolkata +8 other locations,962,--
3747,Segula Technologies,3.5,(292),Engineering & Construction | Chennai +7 other locations,1.8k,4
3748,ERA Group,4.1,(292),Power | New Delhi +40 other locations,547,3
3749,Keihin Fie,4.3,(292),Auto Components | Bangalore / Bengaluru +13 other locations,2.6k,--
3750,Garware Technical Fibres,3.7,(292),Fashion & Textile | Pune +27 other locations,1.3k,4
3751,ABP Group,3.3,(292),Printing & Publishing | Kolkata +20 other locations,1.3k,--
3752,Ratnadeep Retail,4.2,(292),Retail | Hyderabad +13 other locations,1k,10
3753,Mukand Limited,3.6,(293),Iron & Steel | Mumbai +19 other locations,1.1k,14
3754,IT By Design,3.2,(292),IT Services & Consulting | Chandigarh +12 other locations,1.6k,9
3755,Piramal Foundation,4.1,(292),Non-Profit | New Delhi +83 other locations,836,--
3756,Tradebulls,3.0,(292),Financial Services | Ahmedabad +18 other locations,1.3k,19
3757,TP Central Odisha Distribution,3.6,(320),Power | Bhubaneswar +26 other locations,904,--
3758,Consolidated Construction Consortium,4.2,(291),Engineering & Construction | Chennai +29 other locations,773,--
3759,Cure foods,3.4,(291),Fitness & Wellness | Bengaluru +23 other locations,846,--
3760,Shreya Life Sciences,4.1,(291),Pharma | Chhatrapati Sambhajinagar +64 other locations,611,--
3761,Perkins,4.3,(291),Engineering & Construction | Chhatrapati Sambhajinagar +8 other locations,1.1k,--
3762,Arena Animation,3.6,(291),Education & Training | New Delhi +61 other locations,1k,20
3763,Personiv,3.7,(291),BPO | Coimbatore +9 other locations,1.7k,1
3764,Impelsys,3.1,(291),IT Services & Consulting | Bengaluru +9 other locations,2.4k,9
3765,Efftronics Systems,3.2,(291),Electronics Manufacturing | Vijayawada +34 other locations,898,18
3766,Trelleborg,3.9,(291),Industrial Machinery | Bengaluru +8 other locations,1.6k,2
3767,Baoiam Innovations,4.6,(291),EdTech | New Delhi +11 other locations,41,--
3768,Knowledge Splice Services pvt ltd.,3.0,(291),BPO | Bengaluru +14 other locations,1.3k,7
3769,Aditya Birla Memorial Hospital,4.4,(290),Healthcare | Pune +10 other locations,802,26
3770,Sakata Inx,3.9,(290),Chemicals | Bhiwadi +21 other locations,1.2k,1
3771,ONPASSIVE,2.5,(290),IT Services & Consulting | Hyderabad +7 other locations,1.4k,--
3772,BCT Consulting Private Limited,3.9,(290),IT Services & Consulting | Chennai +10 other locations,1.2k,3
3773,Calsonic Kansei Motherson Auto Products,4.1,(290),Auto Components | Bawal +12 other locations,1.1k,--
3774,Solartis Technology Services,3.5,(290),IT Services & Consulting | Madurai +3 other locations,1.9k,--
3775,Spectranet,3.6,(290),Telecom | Gurugram +10 other locations,1.2k,2
3776,SquadStack,3.5,(290),IT Services & Consulting | Noida +25 other locations,842,32
3777,Infrastructure Leasing & Financial Services,4.3,(290),Engineering & Construction | Mumbai +67 other locations,979,--
3778,Nature's Basket,3.9,(290),Internet | Mumbai +12 other locations,970,--
3779,JMR Infotech,4.2,(290),IT Services & Consulting | Bengaluru +11 other locations,1.1k,7
3780,Hughes Systique Corporation,3.8,(290),Emerging Technologies | Gurugram +6 other locations,2.3k,4
3781,Softtek,3.8,(290),IT Services & Consulting | Bengaluru +9 other locations,1.9k,32
3782,Nuclear Power Corporation of India,4.1,(289),Power | Mumbai +32 other locations,965,--
3783,RNF Technologies,3.0,(289),IT Services & Consulting | Noida +6 other locations,1.3k,2
3784,Wirtgen India,4.2,(289),Industrial Machinery | Pune +28 other locations,1.1k,9
3785,Girmiti Software,4.1,(289),IT Services & Consulting | Bengaluru +4 other locations,1.5k,--
3786,Gemini Solutions,3.4,(289),IT Services & Consulting | Gurugram +12 other locations,2.6k,--
3787,Chubb,3.4,(290),Insurance | Hyderabad +7 other locations,3.1k,7
3788,Incture Technologies,2.7,(289),IT Services & Consulting | Bengaluru +10 other locations,2.6k,18
3789,Nestaway,3.3,(289),Internet | Bengaluru +14 other locations,1.4k,--
3790,Levelshift,3.2,(289),IT Services & Consulting | Chennai +4 other locations,1.5k,6
3791,Think Future Technologies,4.5,(289),IT Services & Consulting | Gurugram +4 other locations,1.1k,14
3792,EnFuse Solutions,4.1,(289),IT Services & Consulting | Mumbai +40 other locations,683,34
3793,Vilas Javdekar Developers,3.9,(290),Real Estate | Pune +4 other locations,1.2k,20
3794,The Fern Residency,4.0,(289),Hospitality | Mumbai +61 other locations,953,3
3795,Shriram Chits,3.8,(289),Financial Services | Chennai +89 other locations,700,--
3796,Goldmedal Electricals,3.7,(289),Electrical Equipment | Mumbai +71 other locations,1.2k,3
3797,OnProcess Technology,3.8,(288),Software Product | Kolkata +3 other locations,876,--
3798,Bharat Dynamics,4.5,(289),Defence & Aerospace | Hyderabad +7 other locations,686,--
3799,Eye-Q Super Speciality Eye Hospitals,3.4,(288),Healthcare | Gurugram +35 other locations,628,10
3800,V2Solutions,2.8,(288),IT Services & Consulting | Mumbai +10 other locations,1.3k,3
3801,Renewsys India,4.0,(288),Power | Hyderabad +20 other locations,1.3k,7
3802,Apollo Diagnostics,4.1,(288),Healthcare | Kolkata +61 other locations,833,--
3803,Namdev Finvest,3.8,(288),Financial Services | Jaipur +61 other locations,544,2
3804,Autodesk,3.9,(288),Software Product | Bengaluru +22 other locations,2.9k,2
3805,SEABIRD LOGISOLUTIONS,3.9,(288),Logistics | Pune +31 other locations,1.1k,11
3806,Wallace Pharmaceuticals,3.8,(288),Pharma | Mumbai +46 other locations,843,5
3807,Meinhardt Group,3.4,(288),Engineering & Construction | Bengaluru +34 other locations,1.1k,23
3808,Origo Commodities,3.5,(287),Agriculture | Gurugram +57 other locations,837,1
3809,Thirumalai Chemicals,3.8,(287),Chemicals | Bharuch +12 other locations,1.3k,8
3810,AirAsia,3.5,(287),Aviation | Bengaluru +24 other locations,1.4k,9
3811,Imperative Business Ventures,3.7,(287),IT Services & Consulting | Pune +8 other locations,669,--
3812,SHV Energy,3.8,(287),Power | Hyderabad +30 other locations,1.1k,1
3813,Delhi Duty Free Services,3.8,(287),Retail | New Delhi +9 other locations,1.1k,1
3814,Essae Teraoka,3.6,(287),Electronics Manufacturing | Bengaluru +54 other locations,881,--
3815,Nilons Enterprises,3.9,(287),Food Processing | Jalgaon +42 other locations,917,--
3816,QDegrees,3.3,(287),Management Consulting | Jaipur +31 other locations,978,16
3817,Bony Polymers,3.6,(287),Auto Components | Faridabad +14 other locations,1.2k,1
3818,Lee Pharma,3.4,(287),Pharma | Hyderabad +9 other locations,1.3k,--
3819,Wika Instruments India,3.9,(287),Industrial Machinery | Pune +15 other locations,1.2k,15
3820,Crescent Foundry,3.8,(287),Industrial Machinery | Kolkata +13 other locations,1k,8
3821,Essae Teraoka,3.6,(287),Electronics Manufacturing | Bengaluru +54 other locations,881,--
3822,Ador Welding,3.9,(287),Industrial Machinery | Pune +28 other locations,1.1k,15
3823,Indira Gandhi International Airport,4.0,(287),Urban Transport | New Delhi +9 other locations,795,4
3824,Stelmec,3.1,(287),Electronics Manufacturing | Mumbai +30 other locations,1.4k,2
3825,FCI CCM,4.3,(287),Software Product | Noida +8 other locations,537,9
3826,Pfizer Healthcare india pvt lit,3.9,(286),Pharma | Visakhapatnam +16 other locations,1.3k,--
3827,SAVIC Technologies,2.4,(286),IT Services & Consulting | Mumbai +18 other locations,1.1k,22
3828,Rupa,3.7,(286),Fashion & Textile | Kolkata +40 other locations,916,2
3829,Clifford Chance,3.7,(286),Legal | Gurugram +7 other locations,1.9k,6
3830,Moder Solutions,3.3,(286),IT Services & Consulting | Bengaluru +9 other locations,1.6k,25
3831,Prepca Eduserv,4.0,(286),EdTech | Pune +2 other locations,188,--
3832,HyFun Foods,4.3,(286),Food Processing | Ahmedabad +20 other locations,1.2k,7
3833,Banswara Syntex,3.8,(286),Fashion & Textile | Banswara +13 other locations,1k,2
3834,Konica Minolta Business Solutions India Pvt. Ltd.,4.0,(286),Printing & Publishing | Gurugram +32 other locations,1.2k,4
3835,Samarth LifeSciences,3.6,(286),Pharma | Mumbai +46 other locations,911,3
3836,Zee Laboratories,2.9,(286),Pharma | Karnal +34 other locations,860,12
3837,Mantra Technologies,3.6,(286),IT Services & Consulting | Hyderabad +11 other locations,792,--
3838,Toyota Tsusho,3.9,(286),Metals & Mining | Bengaluru +26 other locations,1.5k,4
3839,Mahindra Teqo,4.1,(314),Software Product | Mumbai +74 other locations,1.1k,--
3840,HyFun Foods,4.3,(286),Food Processing | Ahmedabad +20 other locations,1.2k,7
3841,Toyota Tsusho,3.9,(286),Metals & Mining | Bengaluru +26 other locations,1.5k,4
3842,TowerVision India,4.2,(285),Telecom | Gurugram +32 other locations,990,--
3843,Turing,3.0,(285),Analytics & KPO | Bengaluru +6 other locations,1.5k,11
3844,Verse Innovation,3.5,(285),Internet | Bengaluru +16 other locations,1.5k,--
3845,ICICI Direct,3.8,(285),Financial Services | Mumbai +65 other locations,1.3k,--
3846,SMR Automotive Systems India,3.8,(285),Auto Components | Chennai +18 other locations,1.2k,4
3847,Property Solutions,3.8,(285),Facility Management Services | Mumbai +35 other locations,1.3k,--
3848,Bacancy Technology,4.3,(285),IT Services & Consulting | Ahmedabad +4 other locations,1.3k,3
3849,Bristol-Myers Squibb,3.6,(285),Pharma | Hyderabad +16 other locations,1.7k,141
3850,Easy Home Finance,4.4,(285),FinTech | Mumbai +55 other locations,474,11
3851,Automotive Axles,3.9,(285),Auto Components | Mysuru +13 other locations,956,--
3852,Orient Paper Mill,4.4,(285),Pulp & Paper | Shahdol +18 other locations,625,1
3853,National Institute for Smart Government,3.6,(285),Management Consulting | New Delhi +37 other locations,1.6k,122
3854,Servotech Power Systems,3.9,(285),Electrical Equipment | New Delhi +20 other locations,706,16
3855,Ajio Business,3.7,(284),Bengaluru +109 other locations,564,--
3856,Popular Vehicles and Services,3.7,(284),Automobile | Chennai +26 other locations,1.3k,1
3857,Jetking Infotrain,3.6,(284),Education & Training | Mumbai +53 other locations,854,6
3858,Any Brand,4.2,(284),Fashion & Textile | New Delhi +65 other locations,2.1k,--
3859,Amnex Infotechnologies,3.9,(284),IT Services & Consulting | Ahmedabad +23 other locations,1.2k,9
3860,Shyam Indus Power Solutions,3.7,(284),Power | New Delhi +36 other locations,963,5
3861,Southern Petrochemical Industries Corporation,3.6,(284),Agro Chemicals | Thoothukudi +19 other locations,1.5k,--
3862,Propel Industries,3.6,(284),Industrial Machinery | Coimbatore +26 other locations,1.6k,33
3863,MosChip Technologies,3.8,(284),Semiconductors | Hyderabad +5 other locations,1.1k,71
3864,AXIS MY INDIA,2.6,(284),Analytics & KPO | Mumbai +22 other locations,483,9
3865,Ketto,4.3,(284),Internet | Mumbai +6 other locations,747,8
3866,DRA Homes,4.5,(284),Real Estate | Chennai +4 other locations,342,1
3867,Amrita Institute of Medical Sciences and Research,3.8,(283),Healthcare | Kochi +15 other locations,1k,--
3868,Sonata Finance,3.9,(283),Financial Services | Lucknow +76 other locations,719,1
3869,kipi.ai,3.8,(285),IT Services & Consulting | Bengaluru +10 other locations,1.3k,--
3870,Tata Memorial Centre,3.9,(284),Healthcare | Mumbai +25 other locations,1k,--
3871,Tommy Hilfiger,3.9,(283),Fashion & Textile | Bengaluru +45 other locations,811,--
3872,J.M Baxi & Co,3.8,(283),Ports & Shipping | Mumbai +24 other locations,1.2k,10
3873,Home Centre,4.0,(284),Furniture & Furnishing | Bengaluru +36 other locations,1.1k,--
3874,Pitambari Products,4.2,(283),FMCG | Mumbai +53 other locations,996,--
3875,Trackon Courier,3.6,(282),Logistics | New Delhi +67 other locations,1k,8
3876,Fleetx.io,3.4,(283),Logistics | Gurugram +30 other locations,1.2k,23
3877,Borgwarner Emission System,3.7,(283),Auto Components | Bengaluru +13 other locations,1.5k,--
3878,Adani Solar,3.6,(283),Power | Mundra +19 other locations,1.1k,--
3879,Quantzig,4.6,(283),Analytics & KPO | Bengaluru +4 other locations,357,1
3880,Home Centre,4.0,(284),Furniture & Furnishing | Bengaluru +36 other locations,1.1k,--
3881,Trackon Courier,3.6,(282),Logistics | New Delhi +67 other locations,1k,8
3882,Adani Solar,3.6,(283),Power | Mundra +19 other locations,1.1k,--
3883,J.M Baxi & Co,3.8,(283),Ports & Shipping | Mumbai +24 other locations,1.2k,10
3884,Worldline Global Services,3.7,(283),IT Services & Consulting | Pune +15 other locations,1.8k,15
3885,Mas Callnet,2.8,(283),BPO | Noida +15 other locations,855,33
3886,HM Group,4.5,(282),Real Estate | Bengaluru +3 other locations,399,--
3887,CloudFoundation,4.8,(282),Hyderabad +10 other locations,156,3
3888,Elcamino Software,3.1,(282),BPO | Bengaluru +7 other locations,934,--
3889,SolarSquare Energy,3.2,(283),Power | Pune +27 other locations,1.1k,154
3890,LM Wind Power,4.0,(282),Power | Bengaluru +11 other locations,1.3k,--
3891,Emmvee Photovoltaic Power,3.5,(282),Power | Bengaluru +14 other locations,1.1k,12
3892,Highbar Technocrat,3.9,(282),IT Services & Consulting | Mumbai +16 other locations,1.2k,7
3893,Ciron Drugs & Pharmaceuticals,3.2,(282),Healthcare | Mumbai +12 other locations,1.4k,3
3894,Locuz Enterprise Solutions,3.7,(282),IT Services & Consulting | Hyderabad +20 other locations,1.4k,36
3895,Mindfire Solutions,4.0,(281),IT Services & Consulting | Bhubaneswar +7 other locations,1.6k,6
3896,Virtusa Software Services,3.6,(281),IT Services & Consulting | Hyderabad +10 other locations,2.6k,--
3897,Dyninno India,4.0,(281),IT Services & Consulting | Gurugram +5 other locations,634,12
3898,Siegwerk,3.9,(281),Chemicals | Bhiwadi +27 other locations,1k,4
3899,Sanmarg Projects,3.9,(281),Oil & Gas | Noida +56 other locations,927,1
3900,FOX Solutions,3.9,(281),Industrial Machinery | Nashik +19 other locations,1.2k,18
3901,Drydocks World Dubai,3.9,(281),Ports & Shipping | Dubai +17 other locations,544,--
3902,Sanmarg Projects,3.9,(281),Oil & Gas | Noida +56 other locations,927,1
3903,Dyninno India,4.0,(281),IT Services & Consulting | Gurugram +5 other locations,634,12
3904,OSB India,3.6,(281),Financial Services | Bengaluru +4 other locations,1.1k,19
3905,Siegwerk,3.9,(281),Chemicals | Bhiwadi +27 other locations,1k,4
3906,AvenData GmbH,4.0,(281),IT Services & Consulting | Mumbai +3 other locations,603,--
3907,Ribbon Communication,3.7,(281),Hardware & Networking | Bengaluru +18 other locations,1.6k,8
3908,Naaptol Online Shopping,3.3,(281),Internet | Mumbai +21 other locations,941,3
3909,OneAssist Consumer Solutions,3.9,(280),Financial Services | Mumbai +32 other locations,1.2k,--
3910,PurpleTalk,3.7,(280),IT Services & Consulting | Hyderabad +6 other locations,1.6k,7
3911,InnovationM,3.8,(280),IT Services & Consulting | Noida +8 other locations,826,7
3912,Toyota Material Handling,3.7,(280),Industrial Machinery | Gurugram +35 other locations,1k,1
3913,Sigmoid,4.0,(281),Analytics & KPO | Bengaluru +7 other locations,2.2k,63
3914,Girlscript Foundation,4.9,(280),Bengaluru +21 other locations,13,--
3915,ANI INTEGRATED SERVICES,3.6,(280),Engineering & Construction | Mumbai +62 other locations,1k,--
3916,Kangaro Industries,3.5,(280),Retail | Ludhiana +23 other locations,1k,4
3917,Nippon Audiotronix,3.4,(280),Automobile | Gurugram +17 other locations,1.1k,--
3918,Cremica Food Industries,3.8,(280),Food Processing | New Delhi +50 other locations,1k,--
3919,Vserv Infosystems,3.5,(280),IT Services & Consulting | New Delhi +49 other locations,1.2k,4
3920,Iscon Balaji Foods,3.9,(280),Food Processing | Ahmedabad +34 other locations,969,6
3921,INDIAN PUBLIC SCHOOL,3.9,(280),Education & Training | Chennai +43 other locations,1k,13
3922,Rimjhim Ispat,3.4,(280),Iron & Steel | Angul +22 other locations,754,--
3923,Vitesco Technologies,4.4,(280),Auto Components | Bengaluru +5 other locations,1.7k,--
3924,Royal Research,2.0,(279),Analytics & KPO | Kolkata +5 other locations,482,--
3925,Kirloskar Electric Company,3.7,(279),Electrical Equipment | Bengaluru +22 other locations,1.1k,5
3926,Fourrts,4.1,(279),Pharma | Chennai +46 other locations,800,4
3927,Tata nexarc,3.0,(279),Software Product | Mumbai +16 other locations,1k,7
3928,Radium Creation,3.9,(279),Jewellery | Mumbai +8 other locations,662,2
3929,STYLAM Industries,3.5,(279),Engineering & Construction | Chandigarh +34 other locations,1.2k,4
3930,Microsense,3.6,(279),IT Services & Consulting | Chennai +31 other locations,1k,--
3931,Dotsquares,2.8,(279),IT Services & Consulting | Jaipur +8 other locations,2.2k,23
3932,Hitachi Astemo Rajasthan Brake Systems,4.3,(279),Auto Components | Neemrana +22 other locations,858,--
3933,AAJ Supply Chain Management,3.6,(279),Logistics | New Delhi +20 other locations,765,3
3934,Malladi Drugs & Pharmaceuticals,3.6,(279),Pharma | Chennai +13 other locations,1.3k,1
3935,360 Degree Cloud Technologies,3.9,(279),IT Services & Consulting | Noida +12 other locations,1.4k,31
3936,Ahana Systems & Solutions,3.7,(279),IT Services & Consulting | Bengaluru +19 other locations,1.4k,1
3937,Bandhan KOnnagar,3.5,(278),Non-Profit | Kolkata +66 other locations,653,5
3938,Trigyn Technologies,3.8,(278),IT Services & Consulting | Mumbai +15 other locations,1.8k,52
3939,Kaleesuwari Refinery,3.8,(278),Food Processing | Chennai +43 other locations,1k,7
3940,Walchandnagar Industries,3.2,(278),Industrial Machinery | Pune +11 other locations,1.1k,7
3941,Bhavani Industries,3.6,(278),Industrial Machinery | Bengaluru +17 other locations,1.2k,--
3942,Manappuram Home Finance,4.0,(278),Financial Services | Mumbai +92 other locations,878,--
3943,Escalon Business Services,3.8,(278),Accounting & Auditing | Sahibzada Ajit Singh Nagar +8 other locations,1.1k,3
3944,Trigyn Technologies,3.8,(278),IT Services & Consulting | Mumbai +15 other locations,1.8k,52
3945,Msi Services,4.0,(278),IT Services & Consulting | Bengaluru +7 other locations,953,52
3946,Ummeed Housing Finance,3.9,(278),Financial Services | Gurugram +71 other locations,1.1k,--
3947,Hyperpure,3.7,(310),Internet | Gurugram +37 other locations,1.2k,--
3948,Trivium Education Services,3.7,(278),EdTech | New Delhi +17 other locations,903,3
3949,Gupshup,2.8,(278),IT Services & Consulting | Mumbai +12 other locations,2k,--
3950,I P Integrated Services,3.7,(278),Telecom | Gurugram +54 other locations,824,--
3951,The Louis Berger Group,4.3,(277),Engineering & Construction | Mumbai +36 other locations,695,--
3952,Jayashree Polymers,3.8,(277),Auto Components | Pune +9 other locations,1.3k,--
3953,Gautam Solar,3.9,(277),Power | New Delhi +18 other locations,684,1
3954,Dee Vee Projects,3.8,(277),Engineering & Construction | Raipur +39 other locations,922,--
3955,Four Points By Sheraton,4.3,(277),Hospitality | Pune +33 other locations,685,--
3956,Sun TV Network,3.5,(277),Media & Entertainment | Chennai +16 other locations,1.4k,--
3957,Total Environment Building Systems,4.0,(277),Real Estate | Bengaluru +5 other locations,1.5k,13
3958,Anand Rathi Share and Stock Brokers Ltd,3.4,(277),Financial Services | Mumbai +46 other locations,1.9k,134
3959,Olyv,4.4,(277),FinTech | Bengaluru +3 other locations,618,30
3960,Emerald Jewel Industry India,3.7,(277),Jewellery | Coimbatore +14 other locations,1.5k,4
3961,Total Environment Building Systems,4.0,(277),Real Estate | Bengaluru +5 other locations,1.5k,13
3962,Sun TV Network,3.5,(277),Media & Entertainment | Chennai +16 other locations,1.4k,--
3963,The Louis Berger Group,4.3,(277),Engineering & Construction | Mumbai +36 other locations,695,--
3964,Jayashree Polymers,3.8,(277),Auto Components | Pune +9 other locations,1.3k,--
3965,Anand Rathi Share and Stock Brokers Ltd,3.4,(277),Financial Services | Mumbai +46 other locations,1.9k,134
3966,Olyv,4.4,(277),FinTech | Bengaluru +3 other locations,618,30
3967,Cognizant Solutions Corp,3.8,(277),IT Services & Consulting | Hyderabad +15 other locations,2k,--
3968,Befree Business Resourceing,3.2,(277),Accounting & Auditing | Bengaluru +14 other locations,1.4k,35
3969,Star Wire India,4.0,(277),Industrial Machinery | Faridabad +7 other locations,1.2k,6
3970,Suntory Global Spirits India,4.0,(277),Beverage | Gurugram +63 other locations,964,--
3971,ISS SDB Security Services,4.1,(277),Facility Management Services | Chennai +49 other locations,583,6
3972,Balajee Group,3.5,(278),Engineering & Construction | Mumbai +43 other locations,867,4
3973,Bihar Rural Livelihoods Promotion Society,3.7,(276),Non-Profit | Patna +56 other locations,659,--
3974,Varmora Granito,4.0,(276),Building Material | Ahmedabad +65 other locations,830,6
3975,Gracure Pharmaceuticals,3.4,(276),Pharma | Bhiwadi +15 other locations,1.1k,4
3976,Spectraforce Technologies,3.1,(276),Recruitment | Hyderabad +13 other locations,1.3k,41
3977,Edureka,3.0,(276),EdTech | Bengaluru +20 other locations,1.4k,4
3978,Polyplex,4.1,(276),Packaging | Noida +14 other locations,1k,--
3979,Gap,3.5,(276),Retail | Hyderabad +25 other locations,2k,36
3980,Videocon Industries Ltd.,3.9,(276),Consumer Electronics & Appliances | Chhatrapati Sambhajinagar +62 other locations,852,--
3981,Awfis,4.1,(276),Real Estate | New Delhi +17 other locations,1.1k,45
3982,Unicorn Infosolutions,3.2,(276),Retail | Mumbai +25 other locations,1k,10
3983,Anupam Rasayan India,3.6,(276),Chemicals | Surat +10 other locations,1.3k,--
3984,ATLBattery Technology (India) Private Limited,3.7,(276),Electrical Equipment | Bawal +13 other locations,734,3
3985,Kd Logistics,3.8,(275),Logistics | Mumbai +36 other locations,916,--
3986,Big C,3.8,(275),Hyderabad +55 other locations,672,9
3987,Veer-O-- Metals,4.2,(275),Industrial Machinery | Bengaluru +8 other locations,1.2k,--
3988,HDFC Credila Financial Services,3.6,(275),Financial Services | Mumbai +32 other locations,1.4k,4
3989,SMS Limited,4.1,(275),Engineering & Construction | Nagpur +44 other locations,2.4k,5
3990,Hero Vired,4.5,(275),Education & Training | New Delhi +7 other locations,521,--
3991,Transworld Systems,3.1,(282),Financial Services | Bengaluru +6 other locations,1.3k,5
3992,Kunal Structure,3.8,(275),Real Estate | Ahmedabad +26 other locations,816,--
3993,Powerica,3.7,(275),Industrial Machinery | Mumbai +30 other locations,1.1k,3
3994,Zeetech Management And Marketing,3.8,(275),Ranchi +36 other locations,46,--
3995,Indo Amines,3.1,(275),Chemicals | Mumbai +15 other locations,1.4k,1
3996,Utthunga Technologies,2.9,(275),Industrial Automation | Bengaluru +6 other locations,2.1k,118
3997,Embitel Technologies,4.1,(276),IT Services & Consulting | Bengaluru +4 other locations,2.1k,56
3998,Vision Rx Lab,3.9,(275),Medical Equipment | Gurugram +33 other locations,933,--
3999,TourTravelWorld.Com,4.9,(276),Internet | New Delhi,2,7
4000,Zee Media Corporation,3.4,(274),Broadcasting | Noida +21 other locations,1.4k,35
4001,Vayam Info Solutions,4.0,(275),Recruitment | New Delhi +44 other locations,862,--
4002,Roche Diagnostics,3.8,(274),Pharma | Mumbai +32 other locations,1.4k,--
4003,Policyboss.com,3.3,(274),Insurance | Mumbai +38 other locations,997,8
4004,Phoenix Contact,4.0,(274),Electronics Manufacturing | Faridabad +17 other locations,1.3k,11
4005,HiyaMee Private Limited,2.9,(274),Recruitment | Bengaluru +10 other locations,1.8k,--
4006,Muthoot Pappachan Group,4.0,(274),Financial Services | Thiruvananthapuram +80 other locations,902,--
4007,Joyson Safety Systems,4.0,(274),Auto Components | Chennai +12 other locations,1.2k,1
4008,RM Education Solutions,3.3,(274),IT Services & Consulting | Thiruvananthapuram +13 other locations,1.8k,16
4009,MM Forgings,3.4,(274),Iron & Steel | Chennai +23 other locations,1.4k,2
4010,Fujitec,3.9,(274),Industrial Machinery | Chennai +27 other locations,1.2k,2
4011,Publicis Resources,3.5,(275),Marketing & Advertising | Gurugram +10 other locations,1.6k,10
4012,American Express Global Business Travel,4.2,(274),Travel & Tourism | Gurugram +13 other locations,1.8k,54
4013,Sir Ganga Ram Hospital,4.1,(274),Healthcare | New Delhi +13 other locations,838,--
4014,Classplus,3.8,(274),Software Product | Noida +19 other locations,1.6k,2
4015,Netafim Irrigation India,4.1,(273),Industrial Machinery | Vadodara +54 other locations,907,--
4016,Jbm Auto Components,4.0,(273),Auto Components | Chennai +36 other locations,1.2k,--
4017,Superhouse,3.3,(273),Leather | Kanpur +9 other locations,1.1k,--
4018,PaySquare Consultancy,3.8,(273),Recruitment | Pune +8 other locations,1.7k,8
4019,BARC,4.4,(273),Defence & Aerospace | Mumbai +23 other locations,973,--
4020,Superhouse,3.3,(273),Leather | Kanpur +9 other locations,1.1k,--
4021,PaySquare Consultancy,3.8,(273),Recruitment | Pune +8 other locations,1.7k,8
4022,Ambey Mining,3.4,(273),Metals & Mining | Durgapur +25 other locations,906,14
4023,Rochem Separation Systems,3.6,(273),Industrial Machinery | Mumbai +29 other locations,1.2k,10
4024,Indian Institute of Science,4.1,(273),Education & Training | Bengaluru +10 other locations,1.3k,3
4025,Government of Maharashtra,3.8,(273),Government | Mumbai +60 other locations,1.6k,--
4026,Liugong India,3.4,(273),Engineering & Construction | Indore +21 other locations,1.3k,2
4027,Venkateshwar Hospital,3.4,(273),Healthcare | New Delhi +11 other locations,1k,17
4028,Mitsuba Sical,3.9,(272),Auto Components | Gurugram +16 other locations,897,--
4029,EVRY India,4.5,(272),IT Services & Consulting | Bengaluru +3 other locations,1.4k,1
4030,Bajaj Hindusthan,4.2,(272),Food Processing | Lucknow +20 other locations,854,--
4031,Shaily Engineering Plastics Ltd,4.0,(272),Industrial Machinery | Vadodara +10 other locations,1.2k,5
4032,Noida Power Company,4.3,(272),Power | Greater Noida +12 other locations,1.2k,--
4033,Puzzolana Machinery Fabricators,4.0,(272),Industrial Machinery | Hyderabad +18 other locations,889,--
4034,Dover India,4.0,(272),Industrial Machinery | Bengaluru +6 other locations,2.1k,12
4035,Nalco water,3.7,(272),Waste Management | Pune +46 other locations,1k,25
4036,Reliable Autotech,4.1,(272),Auto Components | Pune +5 other locations,1.1k,--
4037,Calpion Software Technologies,3.5,(272),IT Services & Consulting | Bengaluru +7 other locations,1.6k,95
4038,HYUNDAI TRANSYS INDIA,3.8,(272),Auto Components | Anantapur +15 other locations,1.4k,--
4039,Massmutual Global Business Services,3.9,(272),IT Services & Consulting | Hyderabad +2 other locations,1.6k,30
4040,Petrocon Engineers & Consultants,3.7,(272),Engineering & Construction | Hyderabad +9 other locations,912,5
4041,Chain-Sys,3.1,(272),IT Services & Consulting | Chennai +9 other locations,2.3k,3
4042,Shriram Group,4.0,(271),Financial Services | Chennai +115 other locations,1.4k,--
4043,Adonmo,4.4,(271),Marketing & Advertising | Hyderabad +21 other locations,553,1
4044,Urbanrise,3.8,(272),Real Estate | Hyderabad +5 other locations,804,--
4045,Niine,3.6,(271),Beauty & Personal Care | Gorakhpur +68 other locations,785,4
4046,Velnik India,3.2,(271),Beauty & Personal Care | Indore +53 other locations,1k,--
4047,EGIS,4.0,(271),Power | Bengaluru +59 other locations,961,--
4048,Meenakshi Polymers,3.6,(271),Auto Components | Gurugram +21 other locations,997,--
4049,Vanderlande Industries,4.0,(271),Industrial Automation | Pune +10 other locations,1.7k,39
4050,Advance India Projects,4.2,(271),Real Estate | Gurugram +10 other locations,957,--
4051,Qualys,3.7,(271),IT Services & Consulting | Pune +4 other locations,2.4k,2
4052,ARCIS e Services,3.7,(271),BPO | Gurugram +12 other locations,702,4
4053,K R Mangalam University,4.4,(270),Education & Training | Gurugram +5 other locations,441,10
4054,Hindustan Latex Family Planning Promotion Trust,3.5,(270),Healthcare | Noida +65 other locations,617,27
4055,Weblink In,3.9,(270),IT Services & Consulting | New Delhi +10 other locations,967,13
4056,Confederation of Indian Industry,3.4,(270),Law Enforcement & Security | New Delhi +42 other locations,1.4k,1
4057,Sundaram Business Services,3.7,(270),BPO | Chennai +8 other locations,1.1k,--
4058,P&O Cruises,3.7,(270),Travel & Tourism | Mumbai +18 other locations,352,--
4059,East India Udyog,3.9,(270),Electrical Equipment | Noida +38 other locations,855,7
4060,Technique Control Facility Management,3.7,(270),Facility Management Services | Bengaluru +21 other locations,988,4
4061,Forbes & Company,3.7,(270),Engineering & Construction | Chhatrapati Sambhajinagar +18 other locations,1.2k,13
4062,Confederation of Indian Industry,3.4,(270),Law Enforcement & Security | New Delhi +42 other locations,1.4k,1
4063,Sundaram Business Services,3.7,(270),BPO | Chennai +8 other locations,1.1k,--
4064,Healthium Medtech,3.4,(270),Medical Equipment | Bengaluru +43 other locations,1.2k,22
4065,Interface Microsystems,3.7,(270),Auto Components | Gurugram +11 other locations,1.3k,2
4066,InKnowTech,3.1,(269),IT Services & Consulting | Bengaluru +25 other locations,1.4k,--
4067,S G Encon,3.6,(269),Engineering & Construction | New Delhi +41 other locations,627,--
4068,Vcs Quality Services,3.9,(269),Oil & Gas | New Delhi +54 other locations,964,--
4069,Yakult Danone India,3.7,(269),Food Processing | New Delhi +24 other locations,766,12
4070,Cargo Service Center India,3.7,(269),Logistics | New Delhi +12 other locations,792,2
4071,Al-Yamama Group,3.5,(269),Engineering & Construction | Dammam +25 other locations,472,--
4072,Smart Chip,3.9,(269),Electronics Manufacturing | Noida +69 other locations,722,--
4073,ICFAI Business School,3.5,(269),Education & Training | Hyderabad +55 other locations,967,4
4074,StudyIn,4.0,(269),EdTech | New Delhi +23 other locations,685,13
4075,Fashion TV,3.1,(269),Retail | Mumbai +13 other locations,458,22
4076,Infineon Technologies,3.6,(269),Semiconductors | Bengaluru +8 other locations,2.6k,148
4077,Freelancer.com,4.1,(269),Bengaluru +36 other locations,41k,11
4078,Bhilai Engineering Corporation,3.6,(269),Industrial Machinery | Bhilai Nagar +22 other locations,1.1k,5
4079,Suresh Surana & Associates,3.2,(269),Accounting & Auditing | Mumbai +16 other locations,1k,10
4080,Seven Hills Hospital,3.7,(269),Healthcare | Mumbai +13 other locations,815,8
4081,Suresh Surana & Associates,3.2,(269),Accounting & Auditing | Mumbai +16 other locations,1k,10
4082,IDP IELTS,3.4,(269),Education & Training | Chennai +42 other locations,1.5k,--
4083,Don Bosco School,3.6,(268),Education & Training | Mumbai +63 other locations,582,1
4084,Hero Electric,4.0,(268),Automobile | Ludhiana +38 other locations,1.1k,--
4085,Nalco,4.2,(268),Metals & Mining | Bhubaneswar +16 other locations,782,--
4086,SHL,3.4,(268),Software Product | Gurugram +15 other locations,2k,5
4087,International Flavors & Fragrances,3.7,(268),Chemicals | Hyderabad +17 other locations,1.7k,49
4088,Eastern Software Solutions Pvt. Ltd,3.8,(268),IT Services & Consulting | Noida +8 other locations,1k,--
4089,Ocrolus East,3.4,(268),FinTech | Gurugram +10 other locations,872,7
4090,Sgs Tekniks Manufacturing,3.9,(268),Electronics Manufacturing | Gurugram +11 other locations,1k,3
4091,Grauer & Weil (i),3.3,(268),Chemicals | Mumbai +29 other locations,1.2k,--
4092,Sonalika Group of Companies,3.7,(268),Automobile | Hoshiarpur +43 other locations,1.3k,9
4093,RACL Geartech,4.2,(269),Auto Components | Noida +12 other locations,833,--
4094,Arrow,4.5,(267),Fashion & Textile | Bengaluru +20 other locations,213,1
4095,TimesPro,3.3,(267),Education & Training | Mumbai +21 other locations,1.4k,6
4096,Bombardier Transportation,4.4,(267),Urban Transport | Vadodara +11 other locations,1k,--
4097,Apex CoVantage,3.0,(267),IT Services & Consulting | Hyderabad +11 other locations,1.2k,10
4098,Faber India,4.3,(267),Consumer Electronics & Appliances | Pune +57 other locations,946,--
4099,ICICI Foundation for Inclusive Growth,3.7,(267),Non-Profit | Mumbai +64 other locations,681,--
4100,Aqualite India,3.7,(267),Fashion & Textile | New Delhi +37 other locations,892,--
4101,Schneider Electric Infrastructure,4.2,(267),Electrical Equipment | Vadodara +24 other locations,1.3k,--
4102,Wishfin,3.4,(267),Financial Services | Noida +14 other locations,1.1k,7
4103,Tatva Chintan Pharma Chem,3.7,(268),Pharma | Ankleshwar +7 other locations,1.1k,8
4104,Cholamandalam Securities,3.5,(267),Financial Services | Chennai +96 other locations,720,--
4105,Bajaj Finserv Health,3.5,(267),Internet | Pune +35 other locations,1.6k,6
4106,Bonn Group,3.9,(267),Food Processing | Ludhiana +26 other locations,979,--
4107,Eastern Condiments,3.8,(266),FMCG | Kochi +54 other locations,766,--
4108,MITA,3.8,(266),Industrial Machinery | Ghaziabad +11 other locations,898,--
4109,Walking Tree,3.3,(266),IT Services & Consulting | Hyderabad +12 other locations,1.4k,29
4110,Terex,3.9,(266),Industrial Machinery | Bengaluru +19 other locations,1.5k,2
4111,Century Pulp & Paper,3.9,(266),Pulp & Paper | Lalkuan +17 other locations,1.1k,--
4112,Boston Scientific,3.9,(266),Healthcare | Gurugram +16 other locations,1.8k,3
4113,Star Hospitals,4.0,(267),Healthcare | Hyderabad +15 other locations,857,--
4114,Kosamattam Finance,3.8,(273),NBFC | Kottayam +82 other locations,800,3
4115,Creamy foods,3.8,(266),Food Processing | Bulandshahr +45 other locations,893,9
4116,Central Institute of Mining and Fuel Research,3.9,(266),Education & Training | Dhanbad +19 other locations,664,--
4117,Sunteck Realty,3.3,(266),Real Estate | Mumbai +9 other locations,1.5k,9
4118,Alchem International,3.9,(266),Pharma | Faridabad +24 other locations,975,--
4119,Adani Realty,3.6,(266),Real Estate | Mumbai +10 other locations,1.5k,--
4120,Rakon,3.7,(265),Electronics Manufacturing | Bengaluru +4 other locations,1.1k,--
4121,FICO,3.4,(265),Software Product | Bengaluru +5 other locations,2.2k,31
4122,Indo Count Industries,3.6,(266),Fashion & Textile | Mumbai +22 other locations,1.3k,6
4123,Dbs Mintek,3.4,(265),Financial Services | Pune +19 other locations,1.4k,8
4124,Bacardi,3.8,(265),Beverage | Gurugram +56 other locations,974,--
4125,Alivira Animal Health,4.1,(265),Pharma | Visakhapatnam +18 other locations,991,1
4126,MindCraft Software,3.6,(265),IT Services & Consulting | Mumbai +7 other locations,1.8k,1
4127,Siddha Group,3.8,(265),Real Estate | Kolkata +9 other locations,907,32
4128,Sv Creditline,3.8,(265),NBFC | Gurugram +88 other locations,568,--
4129,Sumadhura Infracon,4.0,(265),Real Estate | Bengaluru +7 other locations,1.2k,26
4130,Hetero Biopharma,3.8,(265),Pharma | Hyderabad +8 other locations,1k,--
4131,SasMos HET Technologies,3.7,(265),Electrical Equipment | Bengaluru +6 other locations,1.4k,4
4132,Shriram Value Services,3.9,(264),IT Services & Consulting | Chennai +28 other locations,543,--
4133,National Institute of Technology,4.3,(264),Education & Training | Mangaluru +41 other locations,1.3k,--
4134,MAN Truck & Bus,2.6,(264),Automobile | Pune +19 other locations,975,5
4135,Lafarge,4.5,(264),Building Material | Mumbai +74 other locations,519,--
4136,Shriram Properties,4.0,(264),Real Estate | Bengaluru +10 other locations,1.3k,3
4137,Reliance Fresh,4.4,(264),Retail | New Delhi +60 other locations,553,--
4138,BuildAHome,4.4,(264),Engineering & Construction | Bengaluru +5 other locations,342,2
4139,Butterfly Gandhimathi Appliances,4.0,(264),Consumer Electronics & Appliances | Chennai +38 other locations,1k,--
4140,Normet,3.8,(264),Industrial Machinery | Jaipur +21 other locations,1k,3
4141,DigiTech Call System,2.7,(285),BPO | Noida +16 other locations,783,--
4142,Ginesys,3.7,(264),Software Product | Kolkata +8 other locations,691,36
4143,Centific,3.4,(264),IT Services & Consulting | Hyderabad +8 other locations,1.5k,22
4144,Himalaya Opticals,4.4,(264),Retail | Kolkata +53 other locations,540,5
4145,Goldstone Cements,3.3,(265),Building Material | Guwahati +23 other locations,1.1k,1
4146,Everest Fleet,3.1,(264),Urban Transport | Mumbai +17 other locations,988,49
4147,Outpace Consulting Services,4.6,(264),Lucknow +16 other locations,127,--
4148,Dnata,3.1,(264),Aviation | Bengaluru +20 other locations,926,17
4149,Hartek Group,3.9,(263),Engineering & Construction | Sahibzada Ajit Singh Nagar +30 other locations,726,44
4150,KiwiTech,3.6,(263),IT Services & Consulting | Noida +4 other locations,1.5k,3
4151,Supermax Personal Care,3.6,(263),Beauty & Personal Care | Mumbai +47 other locations,954,--
4152,Naandi Foundation,3.9,(263),Non-Profit | Hyderabad +52 other locations,589,2
4153,Kalinga Commercial Corporation,3.8,(263),Metals & Mining | Bhubaneswar +23 other locations,772,1
4154,Etisalat,3.2,(263),Telecom | Dubai +15 other locations,1.2k,--
4155,Flipspaces,4.0,(263),Architecture & Interior Design | Mumbai +12 other locations,906,29
4156,The Professional Couriers,3.4,(263),Logistics | New Delhi +65 other locations,1.1k,6
4157,Strada,3.5,(263),Financial Services | Hyderabad +26 other locations,3.2k,21
4158,Intech Organics,3.1,(263),Agro Chemicals | Gurugram +18 other locations,1.1k,7
4159,Cholamandalam MS Risk Services,3.7,(263),Management Consulting | Chennai +60 other locations,804,--
4160,Sentiss Pharma,3.5,(263),Pharma | Gurugram +27 other locations,1.1k,8
4161,Synergy Maritime,3.9,(263),Ports & Shipping | Chennai +13 other locations,1.3k,43
4162,Isc Projects,3.9,(263),Engineering & Construction | Pune +37 other locations,776,--
4163,Reliance resQ,4.0,(263),Other | Mumbai +81 other locations,586,--
4164,Century Enka,4.0,(262),Fashion & Textile | Pune +13 other locations,923,4
4165,99acres,3.6,(262),Internet | Noida +31 other locations,1.2k,--
4166,Expertise Contracting Company,3.5,(262),Industrial Machinery | Al Jubail +15 other locations,880,--
4167,NTF Group,4.0,(262),Auto Components | Gurugram +16 other locations,1.1k,1
4168,RentoMojo,3.8,(262),Internet | Bengaluru +19 other locations,1k,65
4169,Electronic Arts,4.0,(263),Gaming | Hyderabad +7 other locations,2.2k,36
4170,Belstar Investment and Finance,4.1,(262),Investment Banking / Venture Capital / Private Equity | Chennai +105 other locations,741,1
4171,Brink's,4.0,(262),Logistics | Mumbai +47 other locations,663,--
4172,Unitech,3.6,(262),Real Estate | Gurugram +29 other locations,1.1k,17
4173,Profectus Capital,4.1,(262),NBFC | Mumbai +34 other locations,988,--
4174,Shivalaya Construction,4.2,(262),Engineering & Construction | New Delhi +35 other locations,907,6
4175,JGC Corporation,4.4,(262),Oil & Gas | Chennai +17 other locations,565,4
4176,Trimble,3.8,(262),IT Services & Consulting | Chennai +15 other locations,2.2k,50
4177,OmniActive Health Technologies,3.4,(262),Fitness & Wellness | Pune +13 other locations,1.2k,6
4178,IPROCESS BUSINESS SOLUTIONS,3.7,(261),EdTech | Hyderabad +104 other locations,652,--
4179,ReachLocal Services,3.5,(261),Marketing & Advertising | Mumbai +5 other locations,1.1k,--
4180,Valmet,4.1,(261),Oil & Gas | Pune +14 other locations,1.3k,21
4181,IPROCESS BUSINESS SOLUTIONS,3.7,(261),EdTech | Hyderabad +104 other locations,652,--
4182,Enpro Industries,4.3,(261),Industrial Machinery | Pune +2 other locations,1k,12
4183,Fingent,3.9,(261),Software Product | Kochi +4 other locations,959,32
4184,ReachLocal Services,3.5,(261),Marketing & Advertising | Mumbai +5 other locations,1.1k,--
4185,GfK MODE,3.4,(261),Analytics & KPO | Gurugram +20 other locations,1.7k,--
4186,Tata Boeing Aerospace,3.7,(261),Defence & Aerospace | Hyderabad +9 other locations,1.4k,19
4187,Rosenberger Electronic,3.9,(261),Electronics Manufacturing | Gurugram +33 other locations,1.2k,2
4188,MEDOPHARM,3.9,(261),Pharma | Chennai +19 other locations,1.1k,7
4189,Wilo Mather and Platt Pumps,3.9,(261),Industrial Machinery | Pune +22 other locations,1.1k,1
4190,L&T Realty,3.7,(266),Real Estate | Mumbai +10 other locations,1.1k,--
4191,Milky Mist Dairy Food,4.0,(261),Food Processing | Erode +56 other locations,1.1k,--
4192,Vee Healthtek,3.8,(261),BPO | Chennai +12 other locations,1.2k,77
4193,Keka Technologies,3.1,(261),Software Product | Hyderabad +6 other locations,1.7k,94
4194,Omega Healthcare Solutions,3.7,(260),Healthcare | Chennai +8 other locations,1.8k,--
4195,The KCP,4.1,(260),Building Material | Chennai +16 other locations,964,1
4196,Liberty Shoes,3.8,(260),Fashion & Textile | Karnal +46 other locations,913,3
4197,Manipal University,4.1,(260),Education & Training | Jaipur +19 other locations,1.2k,12
4198,Cochin Shipyard,4.3,(260),Ports & Shipping | Kochi +16 other locations,1.1k,--
4199,Hidden Brains InfoTech,3.6,(260),IT Services & Consulting | Ahmedabad +7 other locations,834,10
4200,Gujarat Gas,3.8,(260),Oil & Gas | Ahmedabad +45 other locations,914,--
4201,Enzene Biosciences,4.0,(260),Biotechnology | Pune +8 other locations,1.3k,16
4202,greytHR,3.8,(260),Software Product | Bengaluru +15 other locations,1.2k,--
4203,Jspiders,3.6,(260),Education & Training | Bengaluru +17 other locations,595,--
4204,UNICEF,4.0,(260),Non-Profit | New Delhi +58 other locations,715,--
4205,Olam Group,3.8,(260),FMCG | Chennai +37 other locations,2.8k,29
4206,Nesma & Partners,4.2,(260),Engineering & Construction | Mumbai +23 other locations,492,--
4207,Roha Dyechem,3.4,(259),Food Processing | Mumbai +10 other locations,1.1k,--
4208,Allengers Medical Systems,3.6,(259),Medical Equipment | Chandigarh +40 other locations,1.1k,7
4209,Apna,3.3,(259),Recruitment | Bengaluru +21 other locations,1.2k,4
4210,Stellar Information Technology,3.7,(259),Software Product | Gurugram +13 other locations,1.1k,21
4211,Operational Energy Group India,3.9,(259),Power | Chennai +57 other locations,882,26
4212,Fresenius Medical Care,3.8,(259),Healthcare | Gurugram +32 other locations,896,--
4213,Rostfrei Steels,3.8,(259),Industrial Machinery | New Delhi +12 other locations,840,6
4214,Applus IDIADA,4.1,(259),Auto Components | Pune +5 other locations,680,--
4215,Insecticides India,4.0,(259),Agro Chemicals | Bharuch +42 other locations,1.2k,--
4216,Annora Pharma,3.6,(259),Pharma | Hyderabad +5 other locations,1.1k,--
4217,Karnataka Bank,3.8,(259),Banking | Bengaluru +64 other locations,1.1k,--
4218,L&T Heavy Civil Infrastructure,4.1,(259),Engineering & Construction | Chennai +37 other locations,980,--
4219,Piramal Realty,4.1,(259),Real Estate | Mumbai +9 other locations,1.2k,--
4220,Mitsubishi Elevators,4.0,(258),Industrial Machinery | Bengaluru +24 other locations,912,2
4221,GrapplTech,4.8,(258),IT Services & Consulting | Bengaluru +12 other locations,15,--
4222,Gujarat State Fertilizers & Chemicals,4.3,(258),Agro Chemicals | Vadodara +26 other locations,989,--
4223,Diffusion Engineers,4.1,(258),Industrial Machinery | Nagpur +32 other locations,643,1
4224,Accurex Biomedical,4.4,(258),Medical Equipment | Mumbai +49 other locations,266,--
4225,Shivani Locks,3.7,(258),Industrial Machinery | Faridabad +12 other locations,1k,--
4226,Winjit Technologies,3.6,(258),IT Services & Consulting | Nashik +12 other locations,2k,39
4227,Shakambhari Ispat & Power,3.6,(258),Power | Kolkata +16 other locations,1k,1
4228,Brinton Pharmaceuticals,4.2,(258),Pharma | Pune +39 other locations,557,--
4229,Sahajanand Medical Technologies,3.4,(258),Medical Equipment | Surat +35 other locations,1.3k,17
4230,Immacule Life Sciences,3.3,(258),Pharma | Nalagarh +12 other locations,1k,--
4231,Tata Autocomp Gotion Green Energy Solutions,3.7,(259),Auto Components | Pune +9 other locations,753,--
4232,AISECT,3.8,(258),Education & Training | Bhopal +57 other locations,792,--
4233,Toshiba Software India,3.5,(257),IT Services & Consulting | Bengaluru +5 other locations,1.7k,15
4234,Algonomy,3.9,(257),Software Product | Bengaluru +8 other locations,1.3k,13
4235,Dhruv Research,3.0,(257),Management Consulting | Gurugram +16 other locations,276,--
4236,Avanze Technologies,3.1,(257),IT Services & Consulting | Bengaluru +4 other locations,1.3k,1
4237,Government of Andhra Pradesh,3.8,(257),Government | Hyderabad +64 other locations,1k,--
4238,Birla Tyres,3.6,(257),Auto Components | Kolkata +57 other locations,641,--
4239,Essel Mining & Industries,4.3,(257),Metals & Mining | Kolkata +22 other locations,699,--
4240,Mamaearth,3.8,(257),Beauty & Personal Care | Gurugram +45 other locations,1.3k,20
4241,Augmont Goldtech,4.7,(257),Financial Services | Mumbai +56 other locations,302,4
4242,Costa Cruise Lines,4.2,(257),Travel & Tourism | Mumbai +15 other locations,362,--
4243,Birla Tyres,3.6,(257),Auto Components | Kolkata +57 other locations,641,--
4244,Avanze Technologies,3.1,(257),IT Services & Consulting | Bengaluru +4 other locations,1.3k,1
4245,Essel Mining & Industries,4.3,(257),Metals & Mining | Kolkata +22 other locations,699,--
4246,Binary Semantics,3.4,(257),IT Services & Consulting | Gurugram +11 other locations,1.4k,23
4247,SCM Garments,3.7,(257),Fashion & Textile | Tiruppur +11 other locations,1.1k,--
4248,Government of Andhra Pradesh,3.8,(257),Government | Hyderabad +64 other locations,1k,--
4249,JRG Automotive india,3.3,(257),Auto Components | Bawal +15 other locations,937,--
4250,Kutch Chemical Industries,3.9,(257),Chemicals | Gandhidham +15 other locations,1.1k,--
4251,Sakra World Hospital,4.2,(257),Healthcare | Bengaluru +10 other locations,870,26
4252,Anthology,3.4,(257),EdTech | Bengaluru +7 other locations,2.1k,1
4253,Vacmet India,4.1,(257),Packaging | Indore +13 other locations,1.2k,3
4254,Pinkerton,3.8,(257),Law Enforcement & Security | Gurugram +15 other locations,920,22
4255,Mouser Electronics,3.5,(257),Semiconductors | Bengaluru +3 other locations,1.7k,9
4256,Hewlett Packard Globalsoft,3.5,(256),Bengaluru +7 other locations,950,--
4257,Wavin,4.1,(256),Noida +50 other locations,750,1
4258,Danieli,3.5,(256),Industrial Machinery | Chennai +15 other locations,1.2k,--
4259,Amity Software Limited,4.0,(256),Insurance | Noida +8 other locations,764,18
4260,Hewlett Packard Globalsoft,3.5,(256),Bengaluru +7 other locations,950,--
4261,Wavin,4.1,(256),Noida +50 other locations,750,1
4262,Sparsh Hospital,3.6,(256),Healthcare | Bengaluru +28 other locations,1.1k,63
4263,Centillion Networks,3.8,(257),Telecom | Hyderabad +5 other locations,1.5k,5
4264,MRO,3.0,(256),Clinical Research | Pune,1.5k,10
4265,Foundation To Educate Girls Globally,4.0,(256),Education & Training | Mumbai +54 other locations,543,15
4266,Uniqlo,2.8,(256),Fashion & Textile | New Delhi +12 other locations,712,2
4267,Oswaal Books and Learning Private Limited,4.1,(256),Printing & Publishing | Agra +11 other locations,367,39
4268,El Seif Engineering Contracting,4.3,(256),Engineering & Construction | Riyadh +18 other locations,317,--
4269,Dosti Realty,3.7,(256),Real Estate | Mumbai +5 other locations,1.1k,3
4270,Terralogic Software Solutions,3.0,(256),IT Services & Consulting | Bengaluru +10 other locations,1.9k,81
4271,LCC Projects,4.2,(278),Engineering & Construction | Ahmedabad +39 other locations,757,8
4272,Tata Strive Skill Development Centre,3.9,(256),Education & Training | Mumbai +48 other locations,598,--
4273,Saurav Chemicals,3.6,(256),Agro Chemicals | Chandigarh +12 other locations,981,16
4274,Maharishi Vidya Mandir,4.1,(255),Education & Training | Chennai +82 other locations,681,--
4275,STT Global Data Centres India,3.9,(255),IT Services & Consulting | Mumbai +18 other locations,1.1k,--
4276,Indian Railway Catering and Tourism,3.8,(255),Urban Transport | New Delhi +53 other locations,900,--
4277,Paul Merchants,3.8,(255),NBFC | Chandigarh +77 other locations,580,10
4278,Online Legal India,4.3,(255),Other | Kolkata +7 other locations,57,--
4279,Reliance Cement Company,4.1,(255),Building Material | Maihar +28 other locations,742,--
4280,Sona Koyo Steering Systems,4.3,(255),Auto Components | Gurugram +16 other locations,364,7
4281,Yatharth Hospital,3.8,(255),Healthcare | Noida +9 other locations,935,10
4282,GS Engineering & Construction,3.6,(255),Engineering & Construction | Mumbai +19 other locations,687,1
4283,Corsearch,4.0,(255),IT Services & Consulting | Mumbai +5 other locations,361,1
4284,Mobius Knowledge Services,3.4,(255),Printing & Publishing | Chennai +4 other locations,1.6k,7
4285,PG Electroplast,4.1,(255),Consumer Electronics & Appliances | Noida +23 other locations,1.1k,--
4286,Xtancia Technosoft,4.0,(255),Software Product | Chennai +2 other locations,45,--
4287,Rajiv Gandhi Cancer Institute & Research Centre,4.0,(255),Healthcare | New Delhi +4 other locations,899,37
4288,Super Auto Forge,3.9,(255),Industrial Machinery | Chennai +9 other locations,1.3k,--
4289,Vesuvius,3.8,(255),Industrial Machinery | Kolkata +24 other locations,1.1k,--
4290,Birla Open Minds Education Private Limited,3.2,(255),Education & Training | Hyderabad +33 other locations,752,3
4291,Hindware Home Innovation,3.7,(255),Consumer Electronics & Appliances | Gurugram +49 other locations,694,--
4292,Modi Mundi Pharma,3.8,(255),Pharma | New Delhi +41 other locations,539,6
4293,Shyam Steel Manufacturing,3.4,(254),Kolkata +41 other locations,862,--
4294,Weddingz.in,3.0,(254),Internet | Mumbai +32 other locations,908,--
4295,Captain Fresh,3.9,(254),Food Processing | Bengaluru +27 other locations,1.2k,4
4296,British Airways,2.9,(254),Aviation | New Delhi +13 other locations,1.2k,--
4297,Credit Saison India,3.7,(254),NBFC | Bengaluru +41 other locations,1.3k,45
4298,PMT Machines,3.1,(254),Industrial Machinery | Pune +14 other locations,1k,2
4299,Techolution,3.4,(254),IT Services & Consulting | Hyderabad +4 other locations,1k,7
4300,Health Total,3.4,(253),Fitness & Wellness | Mumbai +12 other locations,572,15
4301,Rays Power Infra,4.1,(253),Power | Jaipur +32 other locations,677,18
4302,LIXIL,3.9,(253),Building Material | Gurugram +41 other locations,1k,469
4303,Sequential Technology International,4.1,(253),BPO | Gurugram +4 other locations,903,--
4304,Ujala Cygnus,3.7,(253),Healthcare | New Delhi +28 other locations,549,--
4305,Welspun Global Brands,3.8,(253),Fashion & Textile | Mumbai +37 other locations,844,--
4306,Metacube Software,3.8,(253),IT Services & Consulting | Jaipur +5 other locations,2k,7
4307,Caplin Point Laboratories,3.5,(253),Pharma | Chennai +7 other locations,1.3k,13
4308,Mahagun India,3.1,(253),Real Estate | Noida +5 other locations,995,16
4309,JM Financial Home Loans,4.0,(254),NBFC | Mumbai +76 other locations,635,1
4310,Rehau Polymers,3.4,(253),Engineering & Construction | Pune +23 other locations,1.1k,--
4311,Zee Learn,3.7,(253),Education & Training | Mumbai +34 other locations,937,9
4312,Indian Oil- Adani Gas,3.8,(253),Oil & Gas | Noida +32 other locations,1.2k,11
4313,Nandan Petrochem,3.7,(261),Petrochemicals | Mumbai +33 other locations,1k,24
4314,Rossell Techsys,4.1,(253),Defence & Aerospace | Bengaluru +4 other locations,1.3k,1
4315,ATC Telecom Infrastructure,4.3,(253),Telecom | Gurugram +48 other locations,758,--
4316,Novonesis,3.9,(253),Biotechnology | Bengaluru +11 other locations,1.3k,--
4317,J. C. Penney,3.9,(253),Retail | Bengaluru +8 other locations,1.5k,10
4318,Madras Radiators and Pressings Limited,3.6,(252),Auto Components | Chennai +11 other locations,380,--
4319,Medgenome Labs,3.8,(252),Biotechnology | Bengaluru +20 other locations,979,2
4320,New Allenberry Works,3.4,(252),Power | Faridabad +11 other locations,910,--
4321,indiagold,4.5,(252),FinTech | Gurugram +20 other locations,539,16
4322,Singareni Collieries Company,4.5,(252),Metals & Mining | Hyderabad +18 other locations,576,--
4323,Oncquest Laboratories,3.3,(252),Healthcare | New Delhi +29 other locations,886,--
4324,Dyson,3.7,(252),Consumer Electronics & Appliances | Gurugram +33 other locations,1.1k,6
4325,Appasamy Associates,3.6,(252),Medical Equipment | Chennai +41 other locations,1.1k,--
4326,Protean eGov Technologies,3.5,(259),Mumbai +12 other locations,1.7k,16
4327,Malabar Group Of Companies,3.7,(252),Jewellery | Kozhikode +55 other locations,1.2k,2
4328,Cargo Motors,4.1,(252),Automobile | Ahmedabad +22 other locations,867,4
4329,GE Aviation,4.0,(252),Aviation | Pune +7 other locations,1.3k,--
4330,Integra Micro Systems,3.9,(252),Software Product | Bengaluru +41 other locations,1.2k,--
4331,Globus Infocom,4.3,(252),EdTech | Noida +30 other locations,615,4
4332,British Paints,3.7,(252),Chemicals | New Delhi +76 other locations,626,--
4333,JSG Group,3.7,(252),Auto Components | New Delhi +13 other locations,1.1k,17
4334,Oriental Aromatics,3.4,(252),Chemicals | Vadodara +12 other locations,1.4k,1
4335,ZIGRAM,3.4,(252),Software Product | Gurugram +8 other locations,1.1k,14
4336,HyperCITY,4.7,(251),Retail | Mumbai +21 other locations,388,--
4337,Cordova Publication,3.6,(251),Printing & Publishing | Noida +54 other locations,538,1
4338,Richfeel Health & Beauty,2.8,(251),Beauty & Personal Care | Mumbai +39 other locations,594,2
4339,Mogli labs,3.4,(251),Internet | Noida +27 other locations,1.4k,2
4340,Catch Foods,4.1,(251),Food Processing | Noida +70 other locations,418,--
4341,JP Infra,3.8,(251),Real Estate | Mumbai +11 other locations,1.4k,7
4342,Dynamatic Technologies,3.8,(251),Auto Components | Bengaluru +11 other locations,1.3k,--
4343,KGK Group,3.4,(251),Jewellery | Mumbai +15 other locations,1.2k,29
4344,ACN Health care,3.3,(251),BPO | Bengaluru +6 other locations,988,12
4345,Aegis Logistics,3.6,(251),Oil & Gas | Mumbai +29 other locations,1.2k,--
4346,Leeford Healthcare,4.0,(251),Pharma | Ludhiana +69 other locations,583,8
4347,Sundaram Home Finance,4.2,(251),NBFC | Chennai +74 other locations,719,--
4348,Royal Infraconstru,3.3,(251),Engineering & Construction | Kolkata +37 other locations,769,2
4349,Kovai Medical Center and Hospital,4.2,(252),Healthcare | Coimbatore +12 other locations,938,1
4350,Shalina Healthcare,3.4,(251),Pharma | Pune +14 other locations,719,12
4351,Leayan Global,4.0,(251),Fashion & Textile | Kanpur +46 other locations,645,--
4352,NEC Software Solutions,3.9,(263),IT Services & Consulting | Mumbai +5 other locations,1.9k,36
4353,Unison Pharmaceuticals,3.9,(251),Pharma | Ahmedabad +11 other locations,1.3k,3
4354,General Energy Management Systems,3.7,(251),Industrial Machinery | Noida +39 other locations,993,36
4355,WizKlub,2.8,(251),EdTech | Bengaluru +14 other locations,796,--
4356,GTL Limited,4.3,(250),Hardware & Networking | Pune +38 other locations,586,--
4357,Easyday Club,4.6,(250),Retail | New Delhi +74 other locations,449,--
4358,Shivaami Cloud Services,4.2,(250),IT Services & Consulting | Mumbai +5 other locations,519,1
4359,FoodPanda,3.9,(250),Internet | Gurugram +21 other locations,787,--
4360,Teleindia Networks,3.8,(250),Telecom | Bengaluru +27 other locations,1.2k,--
4361,Easyday Club,4.6,(250),Retail | New Delhi +74 other locations,449,--
4362,GTL Limited,4.3,(250),Hardware & Networking | Pune +38 other locations,586,--
4363,Shivaami Cloud Services,4.2,(250),IT Services & Consulting | Mumbai +5 other locations,519,1
4364,Amazon Distributors,3.8,(250),New Delhi +36 other locations,514,--
4365,Vamani Overseas,3.5,(250),Furniture & Furnishing | Faridabad +15 other locations,1.3k,5
4366,Zyoin,3.7,(250),Recruitment | Bengaluru +6 other locations,865,10
4367,Kinetic Engineering,3.5,(251),Auto Components | Ahilyanagar +17 other locations,924,3
4368,Vistra Corporate Services,3.5,(250),Power | Mumbai +11 other locations,1.4k,2
4369,Azad Engineering,3.8,(250),Engineering & Construction | Hyderabad +13 other locations,1.2k,--
4370,Sigachi Industries,3.7,(250),Pharma | Bharuch +16 other locations,1.2k,2
4371,Apothecon Pharmaceuticals,4.4,(250),Pharma | Vadodara +9 other locations,977,1
4372,Galgotias University,3.3,(250),Education & Training | Greater Noida +11 other locations,882,3
4373,Sudhir Power,3.6,(250),Power | Gurugram +36 other locations,1.1k,5
4374,Archirodon,4.1,(249),Engineering & Construction | Mumbai +23 other locations,382,--
4375,Tata Sikorsky Aerospace,3.7,(249),Defence & Aerospace | Hyderabad +3 other locations,1.1k,--
4376,O P Jindal Global University,3.7,(249),Education & Training | Sonipat +10 other locations,865,14
4377,Mahindra Susten,4.4,(249),Engineering & Construction | Mumbai +28 other locations,960,8
4378,Grassroots BPO,3.4,(249),BPO | Bengaluru +7 other locations,783,1
4379,Durian Industries,3.8,(249),Retail | Mumbai +37 other locations,1k,9
4380,Ambica Steels,3.7,(249),Metals & Mining | New Delhi +16 other locations,862,4
4381,Tangoe,3.8,(249),IT Services & Consulting | Bengaluru +4 other locations,1.2k,--
4382,Media.net Software Services (India),3.3,(249),Marketing & Advertising | Mumbai +9 other locations,2.1k,7
4383,Gallantt Ispat,3.7,(249),Iron & Steel | Gorakhpur +22 other locations,733,4
4384,Madhucon Projects,3.4,(249),Engineering & Construction | Hyderabad +35 other locations,789,10
4385,Venus Industrial Corporation,4.0,(249),Industrial Machinery | Faridabad +17 other locations,993,--
4386,Durian Industries,3.8,(249),Retail | Mumbai +37 other locations,1k,9
4387,Ricoh,3.9,(249),IT Services & Consulting | New Delhi +44 other locations,719,--
4388,Quality Council of India,3.3,(250),New Delhi +22 other locations,1.5k,--
4389,CohnReznick,3.9,(249),Accounting & Auditing | Chennai +4 other locations,1.7k,28
4390,PhyCARE Solutions,3.7,(249),Healthcare | Hyderabad +7 other locations,954,--
4391,Jain University,3.6,(249),Education & Training | Bengaluru +8 other locations,931,--
4392,Anaptyss,3.9,(249),IT Services & Consulting | Noida +6 other locations,657,1
4393,Avance Consulting Services,3.8,(249),Recruitment | Hyderabad +6 other locations,1.3k,1
4394,Pahal Financial Services,4.0,(248),NBFC | Ahmedabad +94 other locations,748,2
4395,Trantor,3.8,(248),IT Services & Consulting | Chandigarh +10 other locations,1.8k,33
4396,Real Time Data Services,4.1,(248),IT Services & Consulting | Gurugram +5 other locations,1.3k,20
4397,Bright Life Care,4.0,(248),Fitness & Wellness | Gurugram +47 other locations,796,1
4398,Epigral,4.1,(248),Chemicals | Bharuch +5 other locations,1.4k,2
4399,Canam Consultants,3.3,(248),Education & Training | Chandigarh +22 other locations,819,--
4400,Eaton Power Quality,4.1,(248),Electronics Manufacturing | Puducherry +19 other locations,1.2k,--
4401,Ivy Mobility Solutions,2.7,(247),Software Product | Chennai +12 other locations,1.8k,--
4402,Oriental Carbon & Chemicals,4.3,(247),Chemicals | Mundra +16 other locations,963,--
4403,Xeam Ventures,3.5,(247),Recruitment | New Delhi +68 other locations,846,--
4404,Calderys India Refractories,4.1,(247),Metals & Mining | Nagpur +20 other locations,1k,109
4405,InvestoXpert,4.4,(247),Real Estate | Noida +12 other locations,419,5
4406,Motorola,4.2,(247),Consumer Electronics & Appliances | Bengaluru +63 other locations,1.1k,--
4407,Wheels Emi,3.8,(247),Auto Components | Pune +56 other locations,843,--
4408,Betsol,3.5,(247),IT Services & Consulting | Bengaluru +3 other locations,1.5k,9
4409,Stanley Lifestyles,4.0,(247),Furniture & Furnishing | Bengaluru +10 other locations,857,15
4410,Millennium Engineers & Contractors,4.2,(247),Engineering & Construction | Pune +8 other locations,1.1k,--
4411,Burckhardt Compression,3.9,(247),Industrial Machinery | Pune +8 other locations,1.1k,15
4412,Kotak Mahindra General Insurance,3.7,(247),Insurance | Mumbai +49 other locations,1.4k,--
4413,DM Consultants,1.5,(246),Abu Dhabi +16 other locations,62,--
4414,IIT Madras,3.9,(246),Education & Training | Chennai +9 other locations,1.1k,14
4415,NextGen Healthcare,3.7,(246),Software Product | Bengaluru +11 other locations,1.6k,10
4416,Meneta Automotive Components,3.8,(246),Auto Components | Sonipat +7 other locations,916,--
4417,L&T Water & Effluent Treatment,4.1,(246),Engineering & Construction | Chennai +59 other locations,308,--
4418,Bajaj Healthcare,3.3,(246),Pharma | Vadodara +12 other locations,1.3k,12
4419,UBI Services,3.6,(246),Banking | Hyderabad +84 other locations,661,6
4420,GGS Engineering Services,3.3,(246),Engineering & Construction | Chennai +8 other locations,1.5k,--
4421,ITCONS e-Solutions,3.4,(246),IT Services & Consulting | Noida +68 other locations,586,5
4422,Hill International,4.3,(246),Engineering & Construction | Mumbai +26 other locations,712,38
4423,MARG ERP,3.4,(246),Accounting & Auditing | New Delhi +36 other locations,1.2k,--
4424,The Sleep Company,4.2,(270),Furniture & Furnishing | Mumbai +25 other locations,866,52
4425,Electropneumatics & Hydraulics (I),4.1,(246),Industrial Machinery | Pune +6 other locations,1k,12
4426,ASUS,4.2,(246),Consumer Electronics & Appliances | Mumbai +53 other locations,923,1
4427,RG Stone Urology & Laparoscopy Hospital,4.0,(246),Healthcare | New Delhi +14 other locations,718,78
4428,Intersoft Data Labs,3.6,(246),IT Services & Consulting | Gurugram +8 other locations,1.4k,10
4429,Kisna Diamonds - HK Jewels,3.4,(246),Jewellery | Mumbai +49 other locations,543,27
4430,Sony India Software Centre,3.9,(246),Consumer Electronics & Appliances | Bengaluru +8 other locations,2k,31
4431,LOTS Wholesale Solutions,3.9,(246),Food Processing | New Delhi +5 other locations,968,8
4432,Som Autotech,4.0,(246),Auto Components | Chhatrapati Sambhajinagar +25 other locations,923,--
4433,Objectways Technologies,3.1,(246),IT Services & Consulting | Karur +8 other locations,1.5k,2
4434,Naga Limited,3.6,(246),Food Processing | Dindigul +22 other locations,1.3k,3
4435,Steel Infra Solutions,3.6,(246),Bhilai Nagar +17 other locations,892,12
4436,Edward Food Research and Analysis Centre,3.7,(246),Analytics & KPO | Kolkata +4 other locations,627,1
4437,Sai Service,3.6,(245),Automobile | Mumbai +30 other locations,1.1k,--
4438,Coolberg Beverages,3.3,(245),Beverage | Mumbai +40 other locations,507,--
4439,Exusia,3.4,(245),IT Services & Consulting | Pune +12 other locations,781,--
4440,Newgen Knowledge Works,3.4,(245),Printing & Publishing | Chennai +10 other locations,1.3k,2
4441,Della Adventure Resort,3.8,(245),Hospitality | Pune +17 other locations,752,16
4442,KTL Automobile,3.9,(245),Automobile | Lucknow +69 other locations,1k,--
4443,Essar Power,4.1,(245),Power | Jamnagar +18 other locations,1k,--
4444,Sraco,3.7,(245),Engineering & Construction | Dammam +25 other locations,567,--
4445,Honasa Consumer,3.6,(245),Beauty & Personal Care | Gurugram +43 other locations,870,8
4446,Latinem,3.8,(245),Real Estate | Hyderabad +3 other locations,463,33
4447,Leap Finance,3.2,(245),FinTech | Bengaluru +14 other locations,989,10
4448,Securens System,3.9,(245),Law Enforcement & Security | Mumbai +36 other locations,745,181
4449,KANINI Software Solutions,3.8,(245),IT Services & Consulting | Chennai +8 other locations,1.3k,8
4450,Health Insurance TPA of India,3.9,(245),Insurance | Noida +24 other locations,872,1
4451,C. L. GUPTA EXPORTS,4.3,(245),Import & Export | Moradabad +8 other locations,823,--
4452,Turtle,3.2,(245),Fashion & Textile | Kolkata +36 other locations,686,--
4453,Laborate Pharmaceuticals,3.7,(245),Pharma | Panipat +34 other locations,854,--
4454,Huntsman International,4.2,(245),Chemicals | Mumbai +25 other locations,1k,7
4455,Inland World Logistics,3.5,(245),Logistics | Mumbai +48 other locations,852,1
4456,Aditya Infotech,4.3,(245),IT Services & Consulting | Noida +42 other locations,1k,5
4457,Enviri,3.9,(245),Waste Management | Hyderabad +19 other locations,1.3k,52
4458,Infocus Technologies,3.9,(244),IT Services & Consulting | Kolkata +15 other locations,627,--
4459,National Contracting Company,4.0,(244),Engineering & Construction | Chennai +19 other locations,636,--
4460,Global Edge Software,3.4,(244),Software Product | Bengaluru +9 other locations,1.6k,--
4461,The Smart Cube,3.5,(244),Management Consulting | Noida +7 other locations,1.9k,--
4462,Credera,3.3,(244),IT Services & Consulting | Hyderabad +10 other locations,1.8k,32
4463,United Alliance Technology,4.9,(244),IT Services & Consulting | Pune +6 other locations,27,--
4464,Anand Rathi Global Finance,3.2,(244),NBFC | Mumbai +39 other locations,988,--
4465,L. V. Prasad Eye Institute,4.2,(244),Healthcare | Hyderabad +19 other locations,623,4
4466,Adfactors PR,3.4,(244),Marketing & Advertising | Mumbai +12 other locations,1.8k,18
4467,Diamond Beverages,3.0,(243),Beverage | Kolkata +5 other locations,760,2
4468,Housejoy,4.2,(243),Facility Management Services | Bengaluru +16 other locations,503,--
4469,House of Hiranandani,4.6,(243),Real Estate | Mumbai +11 other locations,545,17
4470,VSynergize Outsourcing,3.1,(243),Marketing & Advertising | Pune +1 other locations,901,17
4471,Ruloans,3.7,(244),Financial Services | Mumbai +49 other locations,1.1k,5
4472,Organic India,4.3,(243),FMCG | Lucknow +51 other locations,939,--
4473,Saint Gobain Sekurit India,3.7,(243),Auto Components | Chennai +16 other locations,897,--
4474,Toyotetsu India Auto Parts,3.9,(243),Auto Components | Bengaluru +9 other locations,799,--
4475,Meghmani Industries,3.5,(243),Agro Chemicals | Bharuch +21 other locations,1.2k,--
4476,GyanSys Inc,2.7,(243),IT Services & Consulting | Bengaluru +11 other locations,2.2k,22
4477,Raj Petro Specialities,3.9,(243),Oil & Gas | Chennai +25 other locations,1k,--
4478,Cryoviva Biotech,3.4,(243),Biotechnology | Gurugram +46 other locations,613,1
4479,Varite,3.4,(243),IT Services & Consulting | Bengaluru +11 other locations,1.2k,20
4480,Allianz,4.4,(243),Insurance | Thiruvananthapuram +15 other locations,1.7k,20
4481,Net Solutions,3.8,(243),IT Services & Consulting | Chandigarh +4 other locations,802,6
4482,Toshiba,4.1,(243),Industrial Machinery | Bengaluru +32 other locations,1.2k,--
4483,Chandigarh Group of Colleges,3.8,(243),Education & Training | Chandigarh +20 other locations,839,5
4484,Sales India,4.1,(242),Retail | Ahmedabad +75 other locations,1.6k,--
4485,Rittal,3.7,(242),Industrial Machinery | Bengaluru +19 other locations,1k,--
4486,Franco-Indian Pharmaceuticals,3.2,(242),Pharma | Mumbai +46 other locations,690,--
4487,Microchip Technology,3.8,(242),Semiconductors | Bengaluru +6 other locations,1.9k,87
4488,Asian Heart Institute,4.0,(242),Healthcare | Mumbai +6 other locations,433,33
4489,Simpson,3.4,(242),Auto Components | Chennai +9 other locations,1.2k,13
4490,Everllence,3.7,(242),Industrial Machinery | Chhatrapati Sambhajinagar +10 other locations,1.2k,7
4491,IIFL Securities,3.8,(242),Financial Services | Mumbai +40 other locations,1.6k,--
4492,Puranik Builders,4.2,(242),Real Estate | Mumbai +8 other locations,1.1k,6
4493,Clearpack,4.1,(242),Industrial Machinery | Greater Noida +17 other locations,1.1k,1
4494,Madras Engineering Industries,3.8,(242),Auto Components | Chennai +13 other locations,1.1k,7
4495,VERITY GLOBAL SOLUTIONS,3.5,(242),Investment Banking / Venture Capital / Private Equity | Bengaluru +11 other locations,1.3k,--
4496,Plada Infotech Services,3.6,(242),IT Services & Consulting | Mumbai +44 other locations,746,4
4497,SK E&C,4.4,(242),Engineering & Construction | Mumbai +36 other locations,489,--
4498,Cardinal Health,3.9,(242),Pharma | Bengaluru +9 other locations,1.2k,13
4499,Amara Raja Power Systems,4.3,(241),Auto Components | Tirupati +36 other locations,934,26
4500,Zamil Steel Buildings India,4.1,(241),Engineering & Construction | Pune +22 other locations,1.1k,8
4501,Amara Raja Power Systems,4.3,(241),Auto Components | Tirupati +36 other locations,934,26
4502,Kharafi National,4.3,(241),Engineering & Construction | Chennai +18 other locations,320,--
4503,Hofincons Infotech & Industrial Services,4.1,(241),Industrial Machinery | Chennai +39 other locations,608,--
4504,Vasta Global,3.7,(241),Clinical Research | Mumbai +8 other locations,1.1k,--
4505,VGN Projects Estates,3.9,(241),Real Estate | Chennai +8 other locations,690,6
4506,Bizcrum Infotech,3.5,(241),Internet | New Delhi +59 other locations,781,--
4507,Amber,4.0,(242),Internet | Pune +8 other locations,658,16
4508,Student Life,3.9,(241),Non-Profit | Kolkata +45 other locations,567,--
4509,Lucy Electric,3.9,(241),Electrical Equipment | Nashik +15 other locations,1.1k,36
4510,Business for Social Responsibility,3.1,(241),Accounting & Auditing | Mumbai +20 other locations,520,--
4511,Shri Bajrang Power & Ispat,3.9,(241),Power | Raipur +14 other locations,980,11
4512,Smith+Nephew,4.0,(241),Medical Equipment | Pune +18 other locations,1.4k,54
4513,Sophos Technologies,3.8,(242),Software Product | Ahmedabad +7 other locations,1.8k,10
4514,Onkar Infotech,3.9,(241),BPO | Gurugram +3 other locations,700,4
4515,Skylark Infra Engineering Private Limited,3.8,(241),Engineering & Construction | Gurugram +43 other locations,611,--
4516,Lloyds Technology Centre,3.6,(241),IT Services & Consulting | Hyderabad +8 other locations,2.7k,3
4517,Mangalam Cement,4.0,(241),Building Material | Kota +29 other locations,903,5
4518,Prabhat Dairy,3.7,(241),FMCG | Mumbai +27 other locations,855,--
4519,Health & Glow,3.7,(241),Beauty & Personal Care | Bengaluru +15 other locations,1.2k,--
4520,Jindal India Thermal Power,3.7,(241),Power | Angul +17 other locations,971,--
4521,Dev Information Technology,3.5,(241),IT Services & Consulting | Ahmedabad +33 other locations,1.1k,10
4522,Madhu Jayanti International,3.3,(241),FMCG | Kolkata +43 other locations,704,26
4523,Keller Ground Engineering,4.0,(240),Engineering & Construction | Chennai +28 other locations,741,--
4524,Kuwait Oil Company,4.3,(240),Oil & Gas | Chennai +18 other locations,745,--
4525,Alembic,4.0,(240),Pharma | Vadodara +29 other locations,801,157
4526,Kapture CX,3.4,(240),Software Product | Bengaluru +8 other locations,816,40
4527,Goodluck,3.7,(240),Iron & Steel | Ghaziabad +24 other locations,868,--
4528,Tokai Rubber Auto Parts India,3.3,(240),Industrial Machinery | Neemrana +11 other locations,929,--
4529,Navata Road Transport,3.7,(240),Logistics | Vijayawada +34 other locations,738,58
4530,Data Marshall,3.3,(249),Analytics & KPO | Hyderabad +5 other locations,1.2k,5
4531,Agilysys Technologies India,3.3,(240),Software Product | Chennai +3 other locations,2.6k,14
4532,RGBSI,3.3,(240),Software Product | Bengaluru +9 other locations,1.5k,--
4533,Bravura Solutions,3.6,(240),Software Product | Gurugram +3 other locations,1.2k,9
4534,Bombay Stock Exchange,3.6,(240),Financial Services | Mumbai +14 other locations,1.6k,3
4535,Sika,3.8,(240),Chemicals | Mumbai +36 other locations,929,17
4536,Mahindra Defence Systems,4.0,(240),Defence & Aerospace | Pune +25 other locations,1.2k,--
4537,The Sparks Foundation,4.2,(240),Education & Training | Mumbai +20 other locations,325,--
4538,Arun Excello,3.9,(240),Engineering & Construction | Chennai +16 other locations,947,2
4539,Terrier Security Services,4.2,(240),Law Enforcement & Security | Bengaluru +40 other locations,639,--
4540,Suminter India Organics,3.8,(240),FMCG | Mumbai +25 other locations,826,5
4541,Battery Smart,3.3,(240),Auto Components | Gurugram +30 other locations,832,26
4542,IndustryBuying.com,3.0,(239),Internet | New Delhi +17 other locations,1.2k,20
4543,Botree Software International,3.5,(239),Software Product | Chennai +15 other locations,1.6k,11
4544,Klaus IT Solutions,3.6,(239),IT Services & Consulting | Bengaluru +6 other locations,1.3k,5
4545,e-Procurement Technologies,3.2,(239),IT Services & Consulting | Ahmedabad +18 other locations,858,--
4546,National Petroleum Construction Company,4.4,(239),Oil & Gas | Abu Dhabi +22 other locations,532,--
4547,Global Opportunities,3.9,(239),EdTech | New Delhi +17 other locations,534,--
4548,iVenus,4.2,(239),Retail | Surat +25 other locations,380,11
4549,Sterling Hospitals,3.9,(239),Healthcare | Ahmedabad +15 other locations,780,--
4550,Pacific Cyber Technology,3.5,(239),Electronics Manufacturing | Daman & Diu +9 other locations,871,13
4551,YES SECURITIES,3.5,(239),Investment Banking / Venture Capital / Private Equity | Mumbai +41 other locations,1.3k,65
4552,Fresher Than Fresh,4.0,(239),Retail | Hyderabad +44 other locations,386,--
4553,Muthoot Money,3.9,(239),NBFC | Hyderabad +81 other locations,681,--
4554,Rishabh Software,3.7,(239),IT Services & Consulting | Vadodara +12 other locations,1.7k,46
4555,Billabong High International School,3.6,(239),Education & Training | Mumbai +20 other locations,744,3
4556,GMM Pfaudler,3.9,(239),Industrial Machinery | Anand +11 other locations,1.3k,--
4557,Perfios Software Solutions,3.6,(239),FinTech | Bengaluru +5 other locations,2.4k,13
4558,Dalmia Bharat Sugar & Industries,4.1,(239),Food Processing | Kolhapur +19 other locations,810,1
4559,The Institute Of Chartered Accountants,3.3,(239),Education & Training | New Delhi +50 other locations,1.3k,1
4560,Godawari Power & Ispat,4.3,(239),Iron & Steel | Raipur +12 other locations,817,2
4561,Tractor Junction,4.0,(239),Internet | Alwar +29 other locations,440,2
4562,Netenrich Technologies,3.3,(239),Software Product | Hyderabad +7 other locations,1.9k,13
4563,Virgo Laminates,4.1,(239),Building Material | New Delhi +52 other locations,704,--
4564,SevenMentor,4.3,(239),Education & Training | Pune +3 other locations,436,80
4565,Sanjeev Auto Parts Manufacturers,4.0,(238),Auto Components | Chhatrapati Sambhajinagar +3 other locations,736,--
4566,Live Connections,3.8,(238),Recruitment | Chennai +7 other locations,867,11
4567,Karanwal Capital,4.7,(238),Investment Banking / Venture Capital / Private Equity | Mumbai +2 other locations,211,8
4568,Miraj Cinemas,3.8,(238),Media & Entertainment | Mumbai +53 other locations,549,--
4569,Tatvasoft,3.4,(238),IT Services & Consulting | Ahmedabad +5 other locations,1.6k,1
4570,Model N,4.5,(238),Software Product | Hyderabad +1 other locations,898,19
4571,Interarch Building Product,3.9,(238),Engineering & Construction | Noida +29 other locations,1k,13
4572,Income Tax Department India,4.3,(238),Government | New Delhi +81 other locations,966,--
4573,GeeksForGeeks,2.9,(238),Education & Training | Noida +10 other locations,1.1k,1
4574,PERSOLKELLY,3.4,(238),Recruitment | Bengaluru +40 other locations,1k,248
4575,Entero Healthcare Solutions,4.2,(238),Pharma | Mumbai +26 other locations,939,9
4576,Vision Express,3.9,(238),Retail | Bengaluru +36 other locations,555,--
4577,Sila Solutions,3.8,(238),Facility Management Services | Mumbai +22 other locations,739,13
4578,Central Tool Room & Training Centre,4.2,(238),Industrial Machinery | Bhubaneswar +17 other locations,621,--
4579,Chennai Petroleum Corporation,4.6,(238),Oil & Gas | Chennai +11 other locations,1k,--
4580,Entero Healthcare Solutions,4.2,(238),Pharma | Mumbai +26 other locations,939,9
4581,KhataBook,3.6,(238),FinTech | Bengaluru +27 other locations,1.2k,5
4582,Central Tool Room & Training Centre,4.2,(238),Industrial Machinery | Bhubaneswar +17 other locations,621,--
4583,Deen Dayal Upadhyaya Grameen Kaushalya Yojana,4.0,(237),Government | Hyderabad +104 other locations,482,--
4584,Cogito Tech,2.5,(253),IT Services & Consulting | Noida +4 other locations,696,--
4585,Net Access India,3.8,(237),IT Services & Consulting | Chennai +31 other locations,1.2k,17
4586,Amantya Technologies,3.9,(237),IT Services & Consulting | Gurugram +5 other locations,1.4k,58
4587,JWIL,4.1,(237),Waste Management | New Delhi +36 other locations,904,--
4588,Identifyplus Delivery Services,3.2,(237),Logistics | Gurugram +87 other locations,411,--
4589,Arkade Group,3.9,(237),Real Estate | Mumbai +5 other locations,296,2
4590,Sangam India,3.8,(237),Fashion & Textile | Bhilwara +22 other locations,899,--
4591,Q Way Technologies,2.8,(237),Analytics & KPO | Chennai +3 other locations,1k,--
4592,SkillRecruit,4.4,(237),Recruitment | Hyderabad +11 other locations,332,--
4593,Mayfair Hotels & Resorts,4.3,(237),Hospitality | Bhubaneswar +16 other locations,808,26
4594,Envestnet Asset Management,4.1,(237),Financial Services | Thiruvananthapuram +7 other locations,1.8k,9
4595,Triveni Turbines,3.6,(237),Electrical Equipment | Bengaluru +16 other locations,1.4k,1
4596,Formidium Corp,2.8,(237),Financial Services | Jaipur +5 other locations,1.2k,--
4597,Innova Captab,4.1,(237),Pharma | Baddi +14 other locations,790,--
4598,Starmark Software,3.3,(237),IT Services & Consulting | Bengaluru +4 other locations,1.5k,5
4599,Gen,4.0,(237),Software Product | Pune +8 other locations,1.7k,15
4600,VISA Steel,3.3,(237),Iron & Steel | Jajpur +16 other locations,830,--
4601,Expertrons,3.8,(237),Education & Training | Mumbai +7 other locations,618,11
4602,Riviera Infraprojects,4.1,(238),Engineering & Construction | Ahmedabad +15 other locations,680,7
4603,SRM Institute of Science and Technology,3.8,(237),Education & Training | Chennai +17 other locations,1.4k,34
4604,National Securities Depository,3.3,(237),Financial Services | Mumbai +10 other locations,1.8k,--
4605,Apollo Pipes,3.9,(237),Building Material | Noida +33 other locations,870,8
4606,Mfar Constructions,3.5,(236),Engineering & Construction | Bengaluru +13 other locations,766,--
4607,Simar Infrastructures,3.7,(236),Engineering & Construction | Panipat +49 other locations,792,--
4608,Capillary Technologies,3.4,(236),Software Product | Bengaluru +7 other locations,1.9k,--
4609,Covalent Laboratories,3.3,(236),Pharma | Hyderabad +7 other locations,975,--
4610,Upwork,4.3,(236),Internet | Bengaluru +30 other locations,1.5k,4
4611,Carnival Cinemas,3.7,(236),Media & Entertainment | Mumbai +60 other locations,773,--
4612,Filatex India,3.6,(236),Fashion & Textile | Bharuch +16 other locations,1.1k,--
4613,iServeU,4.3,(237),FinTech | Bhubaneswar +6 other locations,1.1k,13
4614,Interocean Group,4.4,(236),Ports & Shipping | New Delhi +19 other locations,266,11
4615,Galpha Laboratories,3.6,(236),Pharma | Baddi +28 other locations,725,--
4616,Health Prime Services (India),3.3,(236),Medical Equipment | Mumbai +10 other locations,892,9
4617,Dataflow Group,3.0,(236),IT Services & Consulting | Noida +8 other locations,1.1k,15
4618,11:11 Systems,3.4,(236),IT Services & Consulting | Pune +3 other locations,1.4k,10
4619,Kamineni Hospitals,4.1,(236),Healthcare | Hyderabad +8 other locations,759,8
4620,Radnik Exports,4.0,(236),Fashion & Textile | Noida +6 other locations,776,--
4621,Smc Insurance Brokers,3.5,(236),Insurance | New Delhi +32 other locations,848,6
4622,Tesseract Imaging,4.0,(236),Navi Mumbai +5 other locations,614,3
4623,ITW India,3.8,(236),Automobile | Pune +18 other locations,1.1k,12
4624,Apollo 247,3.4,(246),Healthcare | Hyderabad +21 other locations,1.6k,20
4625,Agappe Diagnostics,3.9,(236),Medical Equipment | Kochi +36 other locations,736,20
4626,Moveinsync Technology Solutions,3.2,(236),Software Product | Bengaluru +12 other locations,1.4k,17
4627,SpanIdea,3.4,(236),IT Services & Consulting | Bengaluru +10 other locations,1.6k,16
4628,Avontix,3.5,(236),Analytics & KPO | Hyderabad +3 other locations,780,31
4629,SA Infrastructure Consultants,3.5,(236),Engineering & Construction | Noida +61 other locations,779,1
4630,Arvato,3.7,(235),IT Services & Consulting | Gurugram +8 other locations,498,--
4631,Vara United,3.7,(235),IT Services & Consulting | Hyderabad +29 other locations,683,4
4632,Kaveri Seed Company,4.0,(235),Hyderabad +61 other locations,712,--
4633,Fortune Park Hotels,4.0,(235),Hospitality | Ahmedabad +48 other locations,612,--
4634,Optiemus Electronics,3.6,(235),Electronics Manufacturing | Noida +8 other locations,819,--
4635,CLR Facility Services,3.7,(235),Facility Management Services | Pune +42 other locations,810,2
4636,PIX Transmissions,3.8,(235),Petrochemicals | Nagpur +12 other locations,872,5
4637,Kanpur Plastipack,3.6,(235),Packaging | Kanpur +6 other locations,764,--
4638,GlobusSoft,3.8,(236),IT Services & Consulting | Bengaluru +6 other locations,782,5
4639,Indiabulls Real Estate,4.3,(235),Real Estate | Mumbai +23 other locations,936,--
4640,Pharmaceutical job,4.2,(235),Pharma | Mumbai +65 other locations,2.1k,--
4641,Allen Solly,3.9,(235),Fashion & Textile | Bengaluru +70 other locations,538,--
4642,Chai Point,3.8,(235),Internet | Bengaluru +16 other locations,1.2k,14
4643,Arrise Bpo Solutions,3.5,(235),BPO | Mumbai +57 other locations,687,11
4644,Javi Systems,3.5,(235),IT Services & Consulting | Gurugram +34 other locations,697,--
4645,Randstad Global Capability Center,3.6,(239),Recruitment | Hyderabad +18 other locations,1.5k,--
4646,WorkIndia,3.0,(235),IT Services & Consulting | Bengaluru +16 other locations,1.4k,--
4647,Chakr Innovation,3.4,(235),Industrial Machinery | Gurugram +7 other locations,904,11
4648,Collman Services,3.8,(235),BPO | Chennai +25 other locations,736,--
4649,Neudesic Technologies,4.1,(235),IT Services & Consulting | Bengaluru +4 other locations,2.1k,7
4650,Vserve Ebusiness Solutions,4.2,(235),IT Services & Consulting | Coimbatore +9 other locations,701,7
4651,Koyo Bearings India,4.0,(235),Auto Components | Rewari +7 other locations,760,--
4652,Niit Foundation,3.9,(235),Education & Training | New Delhi +47 other locations,657,3
4653,Turner Construction,4.0,(234),Engineering & Construction | Mumbai +17 other locations,815,4
4654,NBCC,4.0,(234),Real Estate | New Delhi +32 other locations,770,--
4655,Simpolo Vitrified,4.0,(234),Building Material | Ahmedabad +41 other locations,776,27
4656,Casio India Company,3.4,(234),Consumer Electronics & Appliances | New Delhi +29 other locations,874,--
4657,Shiva Pharmachem,3.7,(234),Pharma | Vadodara +12 other locations,1.1k,--
4658,Indo German Tool Room,4.1,(234),Government | Chhatrapati Sambhajinagar +20 other locations,527,--
4659,American Tower Corporation,3.9,(234),Telecom | Gurugram +45 other locations,1.1k,--
4660,Turner Construction,4.0,(234),Engineering & Construction | Mumbai +17 other locations,815,4
4661,Barmalt Malting,3.9,(234),Food Processing | Gurugram +14 other locations,910,3
4662,NBCC,4.0,(234),Real Estate | New Delhi +32 other locations,770,--
4663,Maruti Ispat And Pipes,3.7,(234),Iron & Steel | Hyderabad +10 other locations,487,2
4664,Casio India Company,3.4,(234),Consumer Electronics & Appliances | New Delhi +29 other locations,874,--
4665,Simpolo Vitrified,4.0,(234),Building Material | Ahmedabad +41 other locations,776,27
4666,FEV,3.4,(234),Auto Components | Pune +7 other locations,1.6k,1
4667,IMSI,3.1,(233),Recruitment | Mumbai +40 other locations,804,7
4668,CTM India Limited,3.4,(233),Industrial Machinery | Chennai +19 other locations,804,--
4669,Credgenics,4.0,(233),FinTech | Noida +6 other locations,1.3k,8
4670,Jeena Sikho Lifecare,4.0,(248),Healthcare | Chandigarh +46 other locations,661,11
4671,MQSYS Technologies,3.6,(233),IT Services & Consulting | Chennai +17 other locations,2.2k,--
4672,Indutch Composites Technology,3.6,(233),Industrial Machinery | Chennai +11 other locations,1.2k,--
4673,ICICI Merchant Service,3.3,(233),Banking | Mumbai +54 other locations,642,--
4674,Airblack,4.1,(233),EdTech | Gurugram +6 other locations,263,8
4675,Annova Solutions,3.8,(233),Pharma | Indore +10 other locations,784,5
4676,Vaidik Eduservices,3.1,(233),EdTech | Noida +15 other locations,499,31
4677,St. John's Medical College Hospital,4.1,(233),Healthcare | Bengaluru +11 other locations,650,58
4678,HAL Offshore,4.2,(233),Oil & Gas | Mumbai +28 other locations,904,--
4679,Galva Decoparts,3.5,(233),Chemicals | Vapi +16 other locations,1.1k,--
4680,Sanghvi Movers,4.3,(233),Industrial Machinery | Pune +29 other locations,638,15
4681,National Insurance Company,4.5,(232),Insurance | Kolkata +80 other locations,566,--
4682,Verzeo,2.7,(232),EdTech | Bangalore / Bengaluru +12 other locations,402,--
4683,MUNDRA SOLAR TECHNOPARK,3.7,(232),Industrial Machinery | Mundra +23 other locations,703,--
4684,Focus Energy,3.5,(232),Oil & Gas | Jaisalmer +13 other locations,745,7
4685,University of Petroleum & Energy Studies,3.8,(232),Education & Training | Dehradun +12 other locations,869,7
4686,SUGAR Cosmetics,3.8,(232),Internet | Mumbai +51 other locations,975,--
4687,Lenexis Foodworks,3.7,(233),Hospitality | Mumbai +31 other locations,821,22
4688,Neon Laboratories,4.2,(232),Pharma | Mumbai +37 other locations,1.1k,--
4689,NKC Projects,3.9,(232),Engineering & Construction | Gurugram +26 other locations,995,--
4690,Xchanging,4.1,(232),IT Services & Consulting | Bengaluru +10 other locations,627,--
4691,Ginger Hotels,4.0,(232),Hospitality | Mumbai +40 other locations,726,--
4692,Decorpot,3.1,(232),Architecture & Interior Design | Bengaluru +14 other locations,957,121
4693,Sears Holdings,2.9,(232),Retail | Pune +9 other locations,1.4k,--
4694,Parle Elizabeth Tools,4.0,(232),Industrial Machinery | Ahmedabad +10 other locations,1k,--
4695,Bread Financial,3.8,(232),FinTech | Bengaluru +5 other locations,1.6k,22
4696,Nagata India,3.9,(232),Metals & Mining | Gurugram +15 other locations,908,--
4697,Antara Senior Care,3.3,(232),Gurugram +13 other locations,900,30
4698,Magnasoft Consulting India,3.4,(232),IT Services & Consulting | Bengaluru +9 other locations,961,1
4699,Star Engineers India,3.7,(231),Auto Components | Pune +16 other locations,1.3k,--
4700,OASYS Cybernetics,3.2,(231),IT Services & Consulting | Chennai +28 other locations,1.3k,14
4701,Crown Solutions,3.7,(231),IT Services & Consulting | Chennai +10 other locations,1.6k,--
4702,Corecard Software,3.8,(231),FinTech | Bhopal +8 other locations,1.4k,--
4703,Manubhai Jewellers,4.7,(231),Jewellery | Mumbai +2 other locations,191,6
4704,Rajasthan Patrika,3.3,(231),Broadcasting | Jaipur +42 other locations,947,3
4705,Balaji Enterprises,4.4,(231),Real Estate | New Delhi +73 other locations,1.3k,8
4706,Weikfield Foods,3.3,(231),Food Processing | Pune +47 other locations,772,11
4707,PMEA Solar Tech Solutions,3.9,(242),Nashik +13 other locations,1k,--
4708,Shalimar Corp,4.3,(231),Real Estate | Lucknow +12 other locations,827,6
4709,Futurz Staffing Solutions,3.6,(231),Recruitment | Mumbai +50 other locations,805,1
4710,Marathon Realty,3.9,(231),Real Estate | Mumbai +7 other locations,824,11
4711,Harita Techserv,3.4,(231),Recruitment | Bengaluru +11 other locations,1.2k,--
4712,Google Pay,3.6,(231),FinTech | Bengaluru +80 other locations,1.3k,--
4713,Accentuate Business Solutions,3.5,(231),IT Services & Consulting | Bengaluru +16 other locations,2.2k,22
4714,Pittie Group,3.0,(231),Real Estate | Mumbai +35 other locations,979,2
4715,Vialto Partners,3.0,(246),Management Consulting | Bengaluru +9 other locations,1.4k,4
4716,Asian Institute of Medical Sciences,4.0,(231),Faridabad +11 other locations,1.1k,--
4717,Chandan Steel,3.4,(230),Metals & Mining | Umbergaon +17 other locations,1k,--
4718,IVTL Infoview Technologies,3.5,(230),IT Services & Consulting | Chennai +4 other locations,1.6k,--
4719,Pearl Global Industries,3.7,(230),Fashion & Textile | Gurugram +11 other locations,1k,3
4720,Webtel Electrosoft,3.7,(230),IT Services & Consulting | New Delhi +12 other locations,1k,9
4721,Jaipur National University,3.1,(230),Education & Training | Jaipur +8 other locations,592,6
4722,Bihar Foundry and Castings Limited,4.4,(230),Iron & Steel | Ranchi +9 other locations,308,--
4723,The New India Assurance Co.,4.4,(231),Insurance | Mumbai +80 other locations,638,--
4724,Autometers Alliance,4.4,(231),Electronics Manufacturing | Noida +14 other locations,938,--
4725,IVTL Infoview Technologies,3.5,(230),IT Services & Consulting | Chennai +4 other locations,1.6k,--
4726,Rasna,3.3,(230),Food Processing | Ahmedabad +55 other locations,587,--
4727,Pearl Global Industries,3.7,(230),Fashion & Textile | Gurugram +11 other locations,1k,3
4728,QualiZeal,4.0,(230),IT Services & Consulting | Hyderabad +3 other locations,604,9
4729,Vakilsearch,3.2,(230),Legal | Chennai +12 other locations,1.1k,28
4730,Intuit,3.3,(230),IT Services & Consulting | Bengaluru +13 other locations,2.7k,1
4731,Link Group,3.8,(230),Financial Services | Mumbai +9 other locations,1.4k,--
4732,Leixir Dental Group,4.3,(289),Healthcare | Gurugram +2 other locations,632,2
4733,Sanoh,4.2,(229),Auto Components | Gurugram +16 other locations,876,--
4734,Naprod Life Sciences,3.5,(229),Pharma | Mumbai +8 other locations,1k,1
4735,Infoesearch Ites,3.2,(229),Media & Entertainment | Hyderabad +8 other locations,628,7
4736,Government of West Bengal,3.5,(229),Government | Kolkata +37 other locations,856,--
4737,Broker Network,2.4,(229),Internet | Mumbai +18 other locations,974,--
4738,Atibir Industries,3.3,(229),Iron & Steel | Giridih +15 other locations,612,1
4739,Reecomps Teleservices,3.8,(229),Telecom | Mumbai +49 other locations,638,--
4740,Innoval Digital Solutions,4.7,(229),Software Product | Thiruvananthapuram +6 other locations,372,1
4741,Safran Engineering Services India,3.1,(229),Aviation | Bengaluru +7 other locations,1.6k,6
4742,Azim Premji Foundation,3.7,(229),Non-Profit | Bengaluru +47 other locations,724,55
4743,Bombay Rayon Fashions,3.2,(229),Fashion & Textile | Mumbai +20 other locations,832,--
4744,Bekaert Industries,3.9,(229),Electrical Equipment | Pune +8 other locations,975,13
4745,Bull Machines,3.8,(229),Engineering & Construction | Coimbatore +32 other locations,1.1k,16
4746,National Small Industries Corporation,3.9,(229),Government | New Delhi +35 other locations,560,--
4747,SLAP,3.8,(229),Management Consulting | Anantapur +15 other locations,829,2
4748,Ajay Industrial Corporation,3.6,(229),Industrial Machinery | New Delhi +40 other locations,789,5
4749,Utkarsh Classes,4.1,(266),EdTech | Jodhpur +6 other locations,405,1
4750,Caliber Technologies,3.2,(229),IT Services & Consulting | Hyderabad +12 other locations,1.5k,4
4751,NCL BUILDTEK,3.6,(229),Building Material | Hyderabad +37 other locations,870,71
4752,Crest Data Systems,3.7,(228),IT Services & Consulting | Ahmedabad +2 other locations,1.7k,17
4753,JAY JAY MILLS,4.1,(228),Fashion & Textile | Erode +14 other locations,747,106
4754,Jitm Skills,3.3,(228),Education & Training | New Delhi +50 other locations,632,--
4755,Jaypee Hotels,3.8,(228),Hospitality | New Delhi +14 other locations,659,--
4756,BillDesk,3.2,(228),FinTech | Mumbai +15 other locations,1.4k,9
4757,Dish Infra Services,3.2,(228),Telecom | New Delhi +78 other locations,603,--
4758,TP Western Odisha Distribution,3.5,(239),Sambalpur +22 other locations,798,--
4759,M.J Global,3.9,(228),Packaging | Noida +10 other locations,287,4
4760,Kapston Services,4.0,(228),Recruitment | Hyderabad +32 other locations,855,--
4761,BillDesk,3.2,(228),FinTech | Mumbai +15 other locations,1.4k,9
4762,Ratna Sagar,3.9,(227),Printing & Publishing | New Delhi +27 other locations,726,5
4763,Fusion,3.2,(228),IT Services & Consulting | Kolkata +33 other locations,875,1
4764,SRM Technologies Pvt.Ltd,3.5,(228),IT Services & Consulting | Chennai +11 other locations,2.1k,19
4765,Skechers,4.0,(228),Retail | Mumbai +55 other locations,764,--
4766,Omprime Technology Private Limited,4.0,(228),IT Services & Consulting | Gurugram +5 other locations,277,7
4767,M.J Global,3.9,(228),Packaging | Noida +10 other locations,287,4
4768,VHS Consulting,3.8,(228),IT Services & Consulting | Bengaluru +12 other locations,1.5k,--
4769,OneCard,3.5,(228),FinTech | Pune +11 other locations,1.2k,2
4770,Radius Global Solutions,2.8,(228),BPO | Mumbai +6 other locations,970,--
4771,Zifo RnD Solutions,3.7,(228),IT Services & Consulting | Chennai +3 other locations,1.2k,--
4772,RASI SEEDS,4.0,(227),Agriculture | Hyderabad +69 other locations,718,2
4773,ADARSH DEVELOPERS,4.3,(227),Real Estate | Bengaluru +5 other locations,704,4
4774,Army Ordnance Corps,4.8,(227),Defence & Aerospace | New Delhi +61 other locations,471,--
4775,HMSHost,3.7,(227),FMCG | Bengaluru +11 other locations,597,3
4776,EVIO,3.9,(227),Power | Mumbai +15 other locations,737,10
4777,MASAI School,4.3,(227),EdTech | Bengaluru +7 other locations,719,1
4778,Kroll,3.5,(227),Financial Services | Mumbai +7 other locations,1.5k,124
4779,Lentra AI,2.9,(230),Financial Services | Pune +5 other locations,1.9k,2
4780,Aachi Foods,4.1,(227),FMCG | Chennai +32 other locations,893,3
4781,Ammann Apollo,4.0,(227),Industrial Machinery | Ahmedabad +18 other locations,950,2
4782,Prompt Personnel,3.9,(227),Recruitment | Mumbai +32 other locations,773,--
4783,Parason Machinery,3.4,(227),Industrial Machinery | Chhatrapati Sambhajinagar +9 other locations,1.2k,7
4784,Regalo Kitchens,3.7,(227),Architecture & Interior Design | New Delhi +11 other locations,502,17
4785,ILS Hospitals,3.6,(227),Healthcare | Kolkata +11 other locations,617,6
4786,Red Bull,4.0,(227),Beverage | Mumbai +50 other locations,771,9
4787,Save the Children,4.4,(227),Non-Profit | Gurugram +39 other locations,685,--
4788,ABCD,4.0,(227),Education & Training | Bengaluru +37 other locations,5.3k,--
4789,Pontika Aerotech,3.6,(227),Pharma | Paonta Sahib +9 other locations,751,4
4790,SMS Pharmaceuticals,3.2,(227),Pharma | Hyderabad +5 other locations,780,1
4791,Virohan,3.9,(227),EdTech | Gurugram +17 other locations,632,8
4792,Flash Viven Machining Technologies,3.6,(227),Auto Components | Pune +2 other locations,1.2k,--
4793,Kwality Pharmaceuticals,3.8,(227),Pharma | Amritsar +10 other locations,875,1
4794,Touchstone Educationals,3.4,(227),Education & Training | Chandigarh +29 other locations,507,29
4795,Reliance Home Finance,4.5,(226),NBFC | Mumbai +44 other locations,481,--
4796,Box8,3.5,(226),Hospitality | Bengaluru +20 other locations,815,3
4797,ITI Finance,4.1,(226),Financial Services | Mumbai +97 other locations,478,--
4798,Premier Indoplast,4.0,(226),Faridabad +18 other locations,704,--
4799,Cyrix Health Care,4.4,(226),Medical Equipment | Lucknow +38 other locations,448,16
4800,Excelra Knowledge Solutions,3.5,(226),Analytics & KPO | Hyderabad +7 other locations,928,8
4801,Renata Precision Components,3.5,(226),Industrial Machinery | Pune +10 other locations,1.1k,12
4802,Selectsys,3.7,(226),Software Product | Hyderabad +2 other locations,1.2k,5
4803,Scania,3.7,(226),Auto Components | Bengaluru +21 other locations,584,--
4804,Vinove Software & Services,3.3,(226),IT Services & Consulting | Noida +4 other locations,755,--
4805,Agiliad,3.3,(226),Engineering & Construction | Pune +5 other locations,1.7k,35
4806,EY-Parthenon,2.9,(226),Bengaluru +13 other locations,2.7k,--
4807,Advantum Health,2.9,(226),Healthcare | Hyderabad +4 other locations,814,12
4808,Cyrix Health Care,4.4,(226),Medical Equipment | Lucknow +38 other locations,448,16
4809,Arkray Healthcare,3.6,(226),Healthcare | Surat +34 other locations,817,15
4810,AT&S,3.8,(226),Semiconductors | Mysuru +28 other locations,1.2k,19
4811,Concentrix Catalyst,3.1,(226),IT Services & Consulting | Hyderabad +9 other locations,2.4k,--
4812,Forvia,3.4,(226),Auto Components | Pune +13 other locations,1.2k,--
4813,Vantive,4.5,(226),Healthcare | Bengaluru +7 other locations,224,7
4814,La Renon Healthcare,4.2,(225),Pharma | Ahmedabad +47 other locations,637,9
4815,Nova IVI Fertility,3.7,(225),Healthcare | Bengaluru +44 other locations,656,--
4816,Games24x7,3.8,(225),Gaming | Bengaluru +4 other locations,1.7k,10
4817,Spectrum Consultants,2.4,(225),Recruitment | Pune +13 other locations,972,76
4818,Grazitti Interactive,3.1,(225),IT Services & Consulting | Chandigarh +7 other locations,1.9k,83
4819,State Bank Operations Support Services,3.4,(245),New Delhi +137 other locations,344,4
4820,Reliance Money,4.3,(225),Financial Services | Mumbai +51 other locations,803,--
4821,Gold's Gym,4.0,(225),Fitness & Wellness | Mumbai +50 other locations,650,--
4822,CPM International,3.9,(225),Recruitment | New Delhi +50 other locations,447,1
4823,SunMax Auto Engineering,3.5,(225),Auto Components | Gurugram +12 other locations,645,3
4824,Ceragon Networks,3.8,(225),Telecom | New Delhi +30 other locations,818,3
4825,Zydus Hospira Oncology,4.2,(225),Pharma | Ahmedabad +6 other locations,701,--
4826,Radio Mirchi,3.4,(225),Broadcasting | Mumbai +46 other locations,1.1k,--
4827,ION Group,2.8,(225),Software Product | Noida +8 other locations,1.6k,41
4828,Niwas Housing Finance,4.0,(235),Mumbai +75 other locations,646,10
4829,Evonith Value Steels,4.2,(225),Iron & Steel | Wardha +11 other locations,633,--
4830,Paradise Food Court,3.8,(225),Hospitality | Hyderabad +14 other locations,838,40
4831,Tecnotree Convergence,3.1,(225),IT Services & Consulting | Bengaluru +2 other locations,1.7k,--
4832,LUX Industries,3.6,(225),Fashion & Textile | Kolkata +28 other locations,985,4
4833,Mantri Developers,3.4,(226),Real Estate | Bengaluru +6 other locations,934,10
4834,CP Plus,3.9,(225),Tirupati +30 other locations,644,--
4835,Shorthills AI,3.8,(225),Emerging Technologies | Gurugram +4 other locations,500,5
4836,Biotique,3.1,(224),Beauty & Personal Care | Noida +35 other locations,714,--
4837,Affluent Global Services,2.9,(224),IT Services & Consulting | Hyderabad +12 other locations,1.2k,--
4838,Kobelco Construction Equipment India,4.3,(224),Industrial Machinery | Chennai +34 other locations,978,2
4839,BluSmart,3.9,(224),Urban Transport | Gurugram +10 other locations,906,--
4840,American Oncology Institute,4.2,(224),Healthcare | Hyderabad +24 other locations,928,64
4841,FarEye,3.2,(224),IT Services & Consulting | Noida +6 other locations,1.6k,--
4842,Andhra Paper,3.7,(224),Pulp & Paper | Rajamahendravaram +14 other locations,1k,3
4843,Beumer Group,4.0,(224),Industrial Machinery | Gurugram +20 other locations,931,11
4844,Biotique,3.1,(224),Beauty & Personal Care | Noida +35 other locations,714,--
4845,Linc,3.6,(224),FMCG | Kolkata +31 other locations,902,4
4846,BluSmart,3.9,(224),Urban Transport | Gurugram +10 other locations,906,--
4847,Brij Gopal Construction Company,3.8,(224),Engineering & Construction | New Delhi +34 other locations,765,2
4848,Akkodis,3.1,(224),IT Services & Consulting | Bengaluru +10 other locations,1.2k,8
4849,Verifacts Services,3.4,(224),Recruitment | Bengaluru +10 other locations,738,3
4850,Neolite Zkw Lightings,3.8,(224),Auto Components | Bahadurgarh +11 other locations,891,--
4851,Finnable Technologies,4.1,(222),FinTech | Bengaluru +49 other locations,638,1
4852,Sami-Sabinsa Group,3.1,(224),Pharma | Bengaluru +8 other locations,1.1k,6
4853,Tide - Business Management Platform,3.7,(224),FinTech | Hyderabad +12 other locations,1.3k,88
4854,Kobelco Construction Equipment India,4.3,(224),Industrial Machinery | Chennai +34 other locations,978,2
4855,INFOSEC VENTURES,3.2,(224),IT Services & Consulting | Gurugram +3 other locations,405,11
4856,Nordex India,3.9,(224),Internet | Chennai +16 other locations,1.1k,--
4857,La-Gajjar Machineries,4.3,(224),Electronics Manufacturing | Ahmedabad +31 other locations,683,--
4858,iD Fresh Food,4.2,(224),FMCG | Bengaluru +32 other locations,665,1
4859,Zota Health Care,3.6,(224),Pharma | Surat +57 other locations,791,17
4860,Finnable Technologies,4.1,(222),FinTech | Bengaluru +49 other locations,638,1
4861,Genzeon (India) Private Limited,3.9,(224),IT Services & Consulting | Hyderabad +3 other locations,804,51
4862,Akkodis,3.1,(224),IT Services & Consulting | Bengaluru +10 other locations,1.2k,8
4863,Verifacts Services,3.4,(224),Recruitment | Bengaluru +10 other locations,738,3
4864,Sami-Sabinsa Group,3.1,(224),Pharma | Bengaluru +8 other locations,1.1k,6
4865,Tide - Business Management Platform,3.7,(224),FinTech | Hyderabad +12 other locations,1.3k,88
4866,Neolite Zkw Lightings,3.8,(224),Auto Components | Bahadurgarh +11 other locations,891,--
4867,APM Terminals,4.4,(224),Ports & Shipping | Mumbai +25 other locations,774,119
4868,Sugam Parivahan,4.2,(224),Logistics | Noida +44 other locations,704,6
4869,"Sanjay Ghodawat International School, Kolhapur",3.7,(224),Education & Training | Kolhapur +13 other locations,444,4
4870,Ritu Kumar,4.1,(223),Fashion & Textile | Gurugram +37 other locations,821,--
4871,Gem Engserv,4.0,(223),Engineering & Construction | Mumbai +20 other locations,895,--
4872,Pure & Cure Healthcare,4.0,(223),Pharma | Haridwar +11 other locations,657,--
4873,WEG,4.1,(223),Electronics Manufacturing | Hosur +8 other locations,1.2k,--
4874,bebo Technologies,3.4,(223),IT Services & Consulting | Chandigarh +8 other locations,1.3k,15
4875,Nuance Communications,4.1,(223),Software Product | Pune +14 other locations,1.4k,--
4876,Coffee Day,3.1,(223),Hospitality | Bengaluru +32 other locations,1k,--
4877,Kriti Industries,3.6,(223),Building Material | Indore +38 other locations,685,9
4878,Geetanjali Medical College and Hospital,4.2,(223),Healthcare | Udaipur +21 other locations,697,--
4879,Om Innovation Call Services,3.6,(223),BPO | New Delhi +12 other locations,750,--
4880,Eversana,3.3,(223),Software Product | Pune +11 other locations,1.6k,30
4881,GLA University,3.6,(224),Education & Training | Mathura +11 other locations,817,8
4882,Pure & Cure Healthcare,4.0,(223),Pharma | Haridwar +11 other locations,657,--
4883,Centaur Billing,3.9,(224),BPO | Chennai +1 other locations,308,1
4884,Changepond Technologies,2.9,(223),IT Services & Consulting | Chennai +4 other locations,1.9k,8
4885,Travelex,3.4,(223),Financial Services | Mumbai +8 other locations,1.4k,5
4886,Uniinfo Telecom Services,3.7,(223),Telecom | Indore +33 other locations,500,4
4887,Impressico Business Solutions,4.5,(223),IT Services & Consulting | Noida +9 other locations,991,20
4888,Verifone,3.1,(223),FinTech | Bengaluru +6 other locations,1.6k,11
4889,Dhandhania Infotech,3.2,(224),IT Services & Consulting | Nagpur +4 other locations,1.1k,18
4890,The Indian Express,4.0,(223),Printing & Publishing | Noida +28 other locations,1.2k,--
4891,Sears IT & Management Services India,3.1,(223),IT Services & Consulting | Pune +3 other locations,1.3k,--
4892,CompuGroup Medical,3.3,(223),Software Product | Noida +6 other locations,874,--
4893,Umedica Laboratories,3.6,(223),Pharma | Vapi +11 other locations,1.2k,10
4894,Archwell Operations,3.5,(222),IT Services & Consulting | Bengaluru +7 other locations,1.3k,--
4895,Flexituff Ventures International,3.4,(222),Packaging | Indore +16 other locations,810,--
4896,Maral Overseas,3.7,(222),Fashion & Textile | Noida +13 other locations,821,--
4897,Aditya Birla Money,4.0,(222),Chennai +44 other locations,727,--
4898,LinkedIn,4.0,(222),Internet | Bengaluru +8 other locations,2.2k,--
4899,Promea Therapeutics,4.1,(222),Medical Equipment | Hyderabad +7 other locations,484,4
4900,Shankaranarayana Constructions,3.9,(222),Engineering & Construction | Bengaluru +19 other locations,789,2
4901,Bank Muscat,4.2,(222),Banking | Mumbai +73 other locations,1.8k,--
4902,Albert David,3.5,(222),Pharma | Kolkata +39 other locations,572,1
4903,AbbVie Inc.,3.6,(218),Pharma | Bengaluru +31 other locations,943,2
4904,RSH Global,4.2,(222),FMCG | Kolkata +49 other locations,739,2
4905,Innoplexus,4.0,(222),IT Services & Consulting | Pune +1 other locations,612,1
4906,Reliance Smart Bazaar,4.0,(222),Retail | New Delhi +100 other locations,540,--
4907,NIELIT,4.1,(222),Education & Training | New Delhi +52 other locations,664,--
4908,Med Manor Organics,3.5,(222),Pharma | Hyderabad +41 other locations,648,4
4909,Oasis Partners Asia,3.9,(222),Recruitment | Mumbai +89 other locations,729,--
4910,Grb Dairy Foods,3.6,(222),Food Processing | Hosur +29 other locations,953,1
4911,Petrofac Engineering India,4.5,(221),Petrochemicals | Mumbai +12 other locations,1k,--
4912,Sneha Farms,4.0,(221),Agriculture | Hyderabad +22 other locations,815,11
4913,B4S Solutions,4.1,(221),Law Enforcement & Security | Pune +49 other locations,660,5
4914,Narmada Bio Chem,4.8,(221),Agro Chemicals | Ahmedabad +14 other locations,264,--
4915,Olympus,3.8,(221),Medical Equipment | Gurugram +19 other locations,996,1
4916,Bazar India,3.8,(221),Retail | Gurugram +56 other locations,470,--
4917,Orange Mantra,3.7,(221),IT Services & Consulting | Gurugram +7 other locations,1.1k,21
4918,Precision Group,3.5,(221),Industrial Machinery | Chennai +42 other locations,1.5k,--
4919,Sand Martin Consultants,2.9,(221),BPO | New Delhi +9 other locations,872,--
4920,KPC Projects,3.9,(230),Engineering & Construction | Hyderabad +28 other locations,833,5
4921,Ga Digital Web Word,3.5,(221),IT Services & Consulting | New Delhi +48 other locations,971,--
4922,WPIL,3.4,(222),Building Material | Kolkata +31 other locations,834,2
4923,Augtech Nextwealth,3.8,(221),Bhilai Nagar +3 other locations,384,9
4924,Infosearch BPO Services,4.2,(223),BPO | Chennai +5 other locations,481,8
4925,Bo International,4.1,(221),Beauty & Personal Care | New Delhi +5 other locations,442,22
4926,Charak Pharma,3.6,(221),Healthcare | Mumbai +40 other locations,737,5
4927,Q3 Technologies,3.5,(221),IT Services & Consulting | Gurugram +10 other locations,1.6k,1
4928,Matrix ComSec,3.6,(221),Law Enforcement & Security | Vadodara +12 other locations,1.3k,26
4929,Z1 Tech,4.2,(221),Internet | Gurugram +3 other locations,394,25
4930,Balasore Alloys,3.1,(221),Metals & Mining | Balasore +15 other locations,696,8
4931,Adani Airport Holdings,3.0,(221),Aviation | Ahmedabad +15 other locations,933,--
4932,Hicare Services,3.9,(220),Facility Management Services | Mumbai +24 other locations,849,--
4933,Pha India,4.0,(220),Auto Components | Chennai +13 other locations,772,--
4934,Lubi Industries Llp,4.1,(220),Industrial Machinery | Ahmedabad +36 other locations,945,9
4935,Rolta India,3.0,(220),IT Services & Consulting | Mumbai +12 other locations,880,--
4936,TRF,3.6,(220),Auto Components | Jamshedpur +18 other locations,873,--
4937,State Street Global Advisors,3.7,(220),Bengaluru +5 other locations,2.1k,--
4938,ExpertCallers,3.6,(221),BPO | Bengaluru +8 other locations,859,3
4939,Wave Infratech,4.0,(220),Real Estate | Noida +8 other locations,1.1k,7
4940,Lifelong India,3.9,(220),Petrochemicals | Gurugram +8 other locations,924,1
4941,AGILE AIRPORT SERVICES,3.8,(220),Aviation | New Delhi +35 other locations,424,--
4942,CGM ARIA Health Services,3.7,(240),Noida +5 other locations,469,7
4943,Veltris,3.7,(220),IT Services & Consulting | Hyderabad +6 other locations,1.1k,12
4944,Milk Mantra Dairy,3.7,(220),Food Processing | Bhubaneswar +26 other locations,812,--
4945,Jakson Green,4.4,(220),Noida +33 other locations,459,--
4946,Zones Corporate Solutions,3.0,(220),IT Services & Consulting | Bengaluru +7 other locations,1.1k,16
4947,Nuberg Engineering,3.7,(220),Industrial Machinery | Noida +15 other locations,988,16
4948,Globus Stores,3.7,(220),Retail | Mumbai +33 other locations,621,--
4949,Teerthanker Mahaveer University,3.3,(220),Education & Training | Moradabad +12 other locations,674,33
4950,Pearl Precision Products,3.9,(220),Building Material | Noida +35 other locations,656,6
4951,D'Decor Home Fabrics,4.1,(220),Fashion & Textile | Mumbai +19 other locations,1.3k,7
4952,VRC Constructions India,3.8,(220),Engineering & Construction | New Delhi +38 other locations,687,--
4953,Mehin,3.9,(220),Software Product | Mumbai +68 other locations,569,--
4954,Orchid Chemicals & Pharmaceuticals,4.1,(220),Pharma | Chennai +22 other locations,515,5
4955,Kalyani Maxion Wheels,4.1,(220),Auto Components | Pune +5 other locations,1k,--
4956,Sarda Energy & Minerals,3.9,(220),Iron & Steel | Raipur +11 other locations,811,--
4957,JPM Group,3.8,(220),Industrial Machinery | Gurugram +21 other locations,1.1k,--
4958,Religare Finvest,4.3,(220),Financial Services | New Delhi +34 other locations,524,1
4959,Hyva,3.8,(220),Urban Transport | Pune +14 other locations,1k,9
4960,Kserve Bpo,4.5,(219),BPO | Mumbai +5 other locations,447,--
4961,Tata Housing Development Company,4.3,(219),Real Estate | Mumbai +24 other locations,925,2
4962,BPL Medical Technologies,3.6,(219),Medical Equipment | Bengaluru +31 other locations,940,10
4963,S&IB Services,3.9,(219),Facility Management Services | Kolkata +37 other locations,753,--
4964,Preethi Kitchen Appliances,3.9,(219),Electronics Manufacturing | Chennai +47 other locations,667,--
4965,Essae Digitronics,4.1,(219),Electronics Manufacturing | Bengaluru +33 other locations,786,--
4966,Resonance Eduventures,3.8,(219),EdTech | Kota +40 other locations,693,--
4967,Nielsen Sports,3.8,(219),Sports & Recreation | Bengaluru +7 other locations,910,41
4968,Megafine Pharma,3.9,(219),Pharma | Nashik +11 other locations,1.1k,--
4969,PIT Solutions,4.1,(219),IT Services & Consulting | Thiruvananthapuram +4 other locations,1k,8
4970,Sutlej Textiles and Industries,3.8,(219),Fashion & Textile | Mumbai +19 other locations,873,--
4971,Neogen Chemicals,3.9,(219),Chemicals | Bharuch +8 other locations,1.2k,7
4972,ICPA Health Products,3.2,(219),Healthcare | Mumbai +37 other locations,651,35
4973,Xplore-Tech Services,3.2,(219),BPO | Kolkata +14 other locations,794,--
4974,Learning Links Foundation,4.1,(219),Non-Profit | New Delhi +41 other locations,805,8
4975,UPS Supply Chain Solutions,3.7,(219),Logistics | Pune +15 other locations,1.3k,--
4976,Elevate Services,3.2,(219),Software Product | Gurugram +6 other locations,1.1k,2
4977,King George's Medical University,4.1,(219),Education & Training | Lucknow +14 other locations,590,3
4978,Numerator,4.0,(219),Software Product | Vadodara +3 other locations,1.3k,154
4979,Marine Electricals,3.6,(219),Industrial Automation | Mumbai +21 other locations,1.2k,11
4980,Steelman Telecom,3.8,(218),Telecom | Kolkata +49 other locations,668,--
4981,Mvs Acmei Technologies,4.0,(218),Industrial Machinery | Hyderabad +36 other locations,707,--
4982,Epicor Software Corporation,3.2,(218),IT Services & Consulting | Bengaluru +4 other locations,1.8k,1
4983,HEG,3.7,(218),Semiconductors | Bhopal +11 other locations,888,--
4984,Yaantra,3.7,(218),Internet | New Delhi +25 other locations,553,--
4985,Optimus Drugs,3.9,(218),Pharma | Hyderabad +6 other locations,1k,--
4986,Rustomjee Group,3.9,(218),Real Estate | Mumbai +5 other locations,1.2k,3
4987,SRR Projects,4.1,(218),Engineering & Construction | Hyderabad +23 other locations,706,3
4988,Coastal Marine Construction & Engineering,4.2,(218),Engineering & Construction | Mumbai +23 other locations,792,13
4989,Lapiz Digital Services,2.8,(218),BPO | Chennai +4 other locations,1.1k,31
4990,MKCL,3.6,(218),Education & Training | Pune +27 other locations,1k,--
4991,Schott Poonawalla,3.5,(221),Packaging | Vadodara +13 other locations,1.1k,6
4992,Placementindia.com,4.9,(219),Recruitment | New Delhi +2 other locations,5,8
4993,Emirates Airlines,3.9,(218),Aviation | Mumbai +16 other locations,852,9
4994,Greenway Health,2.9,(222),IT Services & Consulting | Bengaluru +4 other locations,1.2k,3
4995,Zeelab Pharmacy,3.8,(218),Pharma | New Delhi +29 other locations,620,16
4996,Sewa Grih Rin,3.4,(218),NBFC | New Delhi +55 other locations,843,--
4997,Shangri-la Hotels & Resorts,4.2,(218),Hospitality | New Delhi +22 other locations,525,--
4998,United India Insurance Company,4.5,(218),Insurance | Chennai +80 other locations,600,--
4999,Born Group,3.6,(218),Marketing & Advertising | Chennai +11 other locations,1.6k,--
5000,Placementindia.com,4.9,(219),Recruitment | New Delhi +2 other locations,5,8
5001,Zeelab Pharmacy,3.8,(218),Pharma | New Delhi +29 other locations,620,16
5002,Merkle,3.4,(218),Mumbai +12 other locations,2.2k,--
5003,Pattern Technologies,4.4,(218),IT Services & Consulting | Pune +1 other locations,445,52
5004,Purnartha Investment Advisors,4.1,(218),Financial Services | Pune +15 other locations,725,4
5005,20Cube Logistics,3.7,(218),Logistics | Chennai +30 other locations,1.1k,--
5006,EFKON INDIA,3.8,(218),IT Services & Consulting | Gurugram +23 other locations,844,--
5007,XenonStack,3.2,(217),Emerging Technologies | Sahibzada Ajit Singh Nagar +9 other locations,499,78
5008,Sankey Solutions,3.9,(217),IT Services & Consulting | Mumbai +6 other locations,626,2
5009,Man Industries,3.5,(217),Iron & Steel | Mumbai +15 other locations,1k,8
5010,Blue Cross Laboratories,3.8,(217),Pharma | Mumbai +56 other locations,623,2
5011,Flex Technologies,4.0,(217),Chennai +10 other locations,1.6k,--
5012,Sedin Technologies,4.4,(217),IT Services & Consulting | Chennai +5 other locations,969,29
5013,ONLEI Technologies,4.9,(217),Noida +22 other locations,19,2
5014,SIAC SKH India Cabs Manufacturing,3.8,(217),Industrial Machinery | Faridabad +9 other locations,762,--
5015,KNR Constructions,4.1,(217),Engineering & Construction | Hyderabad +41 other locations,757,2
5016,Colourtex,3.8,(217),Chemicals | Surat +13 other locations,978,6
5017,Copart,3.1,(217),Automobile | Hyderabad +6 other locations,1.5k,6
5018,Steril Gene Life Sciences,3.8,(217),Pharma | Puducherry +10 other locations,992,--
5019,Echs Polyclinic,4.2,(218),Healthcare | New Delhi +104 other locations,408,--
5020,ONLEI Technologies,4.9,(217),Noida +22 other locations,19,2
5021,Hippo Homes,3.4,(217),Retail | New Delhi +15 other locations,683,--
5022,Colourtex,3.8,(217),Chemicals | Surat +13 other locations,978,6
5023,Faiveley Transport,4.0,(217),Railways | Hosur +24 other locations,813,163
5024,ZeMoSo Technologies,3.3,(217),IT Services & Consulting | Hyderabad +5 other locations,996,9
5025,KFA Consultant,1.3,(216),Dubai +2 other locations,6,--
5026,Prithvi Innerwears Private Limited,4.8,(216),Fashion & Textile | Tiruppur +23 other locations,63,--
5027,Patton International,3.6,(216),Iron & Steel | Kolkata +4 other locations,916,--
5028,Hinduja Group,3.8,(216),Automobile | Chennai +56 other locations,1.6k,--
5029,Texas Instruments,3.9,(216),Semiconductors | Bengaluru +9 other locations,2.3k,41
5030,Ibis,4.4,(216),Hospitality | Mumbai +25 other locations,608,--
5031,Stratosphere IT Services,3.2,(217),Recruitment | Hyderabad +18 other locations,1.4k,--
5032,Innovapptive,4.3,(216),Software Product | Hyderabad +3 other locations,678,34
5033,Software AG,4.3,(216),Software Product | Bengaluru +15 other locations,1.6k,--
5034,Valenta AI Private Limited,4.3,(216),Emerging Technologies | Bengaluru +12 other locations,610,13
5035,Techahead Software,4.0,(216),IT Services & Consulting | Noida +7 other locations,812,17
5036,Synthite Industries,4.1,(216),Food Processing | Kochi +17 other locations,777,16
5037,SGB By BrandSafway,3.8,(216),Engineering & Construction | Hyderabad +32 other locations,641,3
5038,Blazeclan Technologies,3.6,(216),IT Services & Consulting | Pune +8 other locations,1.7k,--
5039,Akbar Travels,3.4,(216),Travel & Tourism | Mumbai +32 other locations,947,3
5040,Little Millennium,3.8,(216),EdTech | Bengaluru +42 other locations,635,7
5041,Indo Nissin Foods,4.0,(216),Food Processing | Bengaluru +42 other locations,674,--
5042,Ncc Urban Infrastructure,4.2,(216),Engineering & Construction | Hyderabad +24 other locations,824,--
5043,Sun Vacuum Formers,3.9,(216),Auto Components | Gurugram +9 other locations,767,--
5044,Boston Institute of Analytics,4.2,(216),Education & Training | Mumbai +13 other locations,227,--
5045,Veolia,4.0,(216),Waste Management | Bengaluru +43 other locations,905,--
5046,Mayur Uniquoters,4.0,(216),Leather | Jaipur +12 other locations,1k,2
5047,Shivam Infocom,4.3,(215),Telecom | New Delhi +29 other locations,572,--
5048,MidasCare Pharmaceuticals,3.6,(215),Pharma | Mumbai +32 other locations,658,--
5049,SAVA Healthcare,3.8,(215),Pharma | Pune +17 other locations,787,73
5050,Droom,3.3,(215),Internet | Gurugram +1 other locations,1.1k,17
5051,Mitsui O.S.K. Lines,4.0,(215),Ports & Shipping | Mumbai +16 other locations,751,--
5052,Shri Mahavir Ferro Alloys,3.4,(220),Iron & Steel | Rourkela +7 other locations,735,--
5053,Jagsonpal Pharmaceuticals,3.6,(215),Pharma | New Delhi +46 other locations,624,2
5054,Pothys,4.1,(215),Fashion & Textile | Chennai +17 other locations,298,11
5055,Metro Brands,3.7,(215),Fashion & Textile | Mumbai +38 other locations,932,11
5056,Uni Cards,3.8,(215),FinTech | Bengaluru +8 other locations,793,14
5057,Cube Highways,4.3,(215),Engineering & Construction | Noida +49 other locations,635,--
5058,Garden Silk Mills,3.6,(215),Fashion & Textile | Surat +11 other locations,932,--
5059,SrinSoft Technologies,3.9,(215),IT Services & Consulting | Chennai +5 other locations,1.1k,19
5060,BeatO,3.2,(215),Fitness & Wellness | New Delhi +7 other locations,603,2
5061,Ichhapurti.com,2.4,(215),Software Product | Gurugram +26 other locations,667,--
5062,Moople Academy,4.1,(215),Education & Training | Kolkata +11 other locations,128,4
5063,OPG Mobility,3.1,(215),Automobile | New Delhi +32 other locations,653,--
5064,Programmers.io,4.1,(215),IT Services & Consulting | Jaipur +3 other locations,945,23
5065,RAXA,4.3,(215),Law Enforcement & Security | New Delhi +26 other locations,463,1
5066,Mitsui O.S.K. Lines,4.0,(215),Ports & Shipping | Mumbai +16 other locations,751,--
5067,Uni Cards,3.8,(215),FinTech | Bengaluru +8 other locations,793,14
5068,Cube Highways,4.3,(215),Engineering & Construction | Noida +49 other locations,635,--
5069,Vensa Infrastructure,4.2,(214),Real Estate | Hyderabad +24 other locations,692,--
5070,Forest Essentials,4.0,(215),Retail | New Delhi +43 other locations,813,--
5071,Prakash Industries,3.8,(215),Metals & Mining | Champa +38 other locations,926,--
5072,PrepLadder,2.8,(215),EdTech | Chandigarh +16 other locations,1k,15
5073,City Montessori School,3.4,(214),Education & Training | Lucknow +8 other locations,717,--
5074,Cogent,3.3,(214),IT Services & Consulting | Bengaluru +25 other locations,836,--
5075,STMicroelectronics,4.0,(214),Semiconductors | Noida +7 other locations,1.1k,13
5076,South Eastern Coalfields,4.3,(214),Metals & Mining | Bilaspur +30 other locations,287,--
5077,TPI Composites,4.3,(214),Industrial Machinery | Chennai +10 other locations,950,--
5078,Furlenco,3.3,(214),Internet | Bengaluru +15 other locations,1.2k,3
5079,Flyhomes,4.3,(214),Internet | Noida +9 other locations,352,2
5080,Absolute Barbecues,4.0,(214),Hospitality | Hyderabad +22 other locations,843,--
5081,Netaxis IT Solutions,3.8,(214),IT Services & Consulting | Chennai +3 other locations,285,3
5082,Knest Manufacturers,3.4,(215),Metals & Mining | Pune +13 other locations,1.1k,2
5083,Dr Mohan's Diabetes Specialities Centre,3.6,(214),Healthcare | Chennai +35 other locations,663,17
5084,Algoworks Technologies,3.3,(214),IT Services & Consulting | Noida +5 other locations,1.7k,7
5085,Teachers Insurance and Annuity Association of America,3.8,(214),Financial Services | Pune +4 other locations,2k,--
5086,Taggd,3.3,(214),Recruitment | Gurugram +17 other locations,681,13
5087,ExcelSoft Technologies,3.4,(214),IT Services & Consulting | Mysuru +4 other locations,1.6k,2
5088,Fortis Memorial Research Institute,3.9,(214),Clinical Research | Gurugram +8 other locations,814,--
5089,Bosch Power Tools,4.2,(214),Industrial Machinery | Chennai +38 other locations,868,--
5090,The Mission Hospital,3.9,(214),Healthcare | Durgapur +24 other locations,748,16
5091,BMW Industries,3.5,(214),Iron & Steel | Kolkata +16 other locations,757,--
5092,Bharathi Cement,4.0,(214),Building Material | Y.S.R. Kadapa +34 other locations,726,--
5093,Fragomen Immigration Services,3.6,(214),Travel & Tourism | Kochi +12 other locations,989,2
5094,Marquardt,3.7,(214),Auto Components | Pune +5 other locations,1.4k,3
5095,Nineleaps Technology Solutions,4.2,(215),IT Services & Consulting | Bengaluru +3 other locations,1.2k,3
5096,OneBanc Technologies,4.8,(214),FinTech | Gurugram +2 other locations,212,3
5097,Tricon Infra Buildtech pvt.Ltd,3.0,(213),Engineering & Construction | Pune +7 other locations,760,8
5098,InMobi,3.2,(213),Marketing & Advertising | Bengaluru +9 other locations,1.9k,55
5099,Zamil Air Conditioners,4.0,(213),Consumer Electronics & Appliances | New Delhi +23 other locations,512,--
5100,Galaxy Weblinks,3.9,(213),IT Services & Consulting | Indore +8 other locations,877,14
5101,InMobi,3.2,(213),Marketing & Advertising | Bengaluru +9 other locations,1.9k,55
5102,Zamil Air Conditioners,4.0,(213),Consumer Electronics & Appliances | New Delhi +23 other locations,512,--
5103,Tricon Infra Buildtech pvt.Ltd,3.0,(213),Engineering & Construction | Pune +7 other locations,760,8
5104,Aia Engineering,4.1,(213),Industrial Machinery | Ahmedabad +5 other locations,1.1k,4
5105,Rapid Care Transcription,4.4,(213),Analytics & KPO | Chennai +3 other locations,416,8
5106,Scyo Decision Services,4.5,(213),Analytics & KPO | Chennai +2 other locations,343,5
5107,Root Industries,4.0,(213),Auto Components | Coimbatore +17 other locations,1.2k,63
5108,Chrysalis High,4.0,(213),Bengaluru +2 other locations,657,--
5109,Kanoria Chemicals & Industries,3.9,(213),Chemicals | Ankleshwar +17 other locations,880,--
5110,GENWORKS Health,3.2,(213),Healthcare | Bengaluru +40 other locations,720,4
5111,Matix Fertilisers & Chemicals,3.6,(213),Agro Chemicals | Durgapur +15 other locations,997,--
5112,Enser Communications,2.8,(213),IT Services & Consulting | Gurugram +14 other locations,751,6
5113,Ishan Technologies,3.7,(213),Internet | Ahmedabad +36 other locations,809,11
5114,AGIO Pharmaceuticals,2.9,(214),Pharma | Pune +9 other locations,832,40
5115,Biostadt,4.2,(213),Mumbai +56 other locations,575,2
5116,Jyoti Structures,4.0,(212),Power | Mumbai +43 other locations,521,1
5117,All India Radio,4.4,(212),Government | New Delhi +81 other locations,605,--
5118,U R Rao Satellite Centre,4.2,(212),Bengaluru +17 other locations,211,--
5119,Cleartrip,3.5,(212),Internet | Bengaluru +11 other locations,1.2k,21
5120,Walter Bushnell,3.2,(212),Pharma | Gurugram +51 other locations,528,--
5121,Appsierra,4.4,(212),IT Services & Consulting | Noida +16 other locations,272,18
5122,WeRize,3.2,(225),Financial Services | Bengaluru +19 other locations,994,24
5123,Anri Solutions HR Services,4.1,(212),Recruitment | New Delhi +6 other locations,621,1
5124,RegisterKaro,3.6,(212),Internet | Gurugram +6 other locations,365,5
5125,Cordlife Sciences India,3.5,(212),Pharma | Kolkata +33 other locations,586,15
5126,Ensure Support Services,4.3,(212),IT Services & Consulting | Chennai +46 other locations,670,3
5127,SkillVertex,3.3,(212),EdTech | Bengaluru +11 other locations,287,3
5128,TATA MEDICAL CENTER,3.7,(212),Healthcare | Kolkata +6 other locations,590,10
5129,Square Bpo Services,3.3,(212),BPO | Hyderabad +6 other locations,759,9
5130,BridgeLabz Solutions,3.4,(212),EdTech | Mumbai +9 other locations,521,--
5131,Krishnapatnam Port,3.8,(212),Ports & Shipping | Nellore +14 other locations,721,--
5132,Bondada Engineering,3.6,(212),Engineering & Construction | Hyderabad +41 other locations,651,77
5133,VISTRA INTERNATIONAL EXPANSION,3.3,(212),Other | Mumbai +6 other locations,1.1k,3
5134,Hindustan PowerProjects,3.8,(212),Power | New Delhi +18 other locations,850,--
5135,Tata CLiQ,3.1,(212),Internet | Mumbai +9 other locations,1.4k,2
5136,Qdigi Services,3.3,(211),Recruitment | Noida +44 other locations,563,5
5137,Indo Rama Synthetics (i),3.6,(211),Fashion & Textile | Nagpur +10 other locations,855,--
5138,Fernandez Hospital,4.4,(211),Healthcare | Hyderabad +1 other locations,546,--
5139,Ileads Auxiliary Services,3.0,(211),BPO | Dehradun +11 other locations,664,14
5140,Elsamex Maintenance Services,4.1,(211),Facility Management Services | Ahmedabad +46 other locations,570,--
5141,Savita Oil Technologies,4.1,(211),Oil & Gas | Mumbai +28 other locations,958,1
5142,Ileads Auxiliary Services,3.0,(211),BPO | Dehradun +11 other locations,664,14
5143,MEDICO Healthcare Services & Technologies,3.1,(211),Healthcare | Hyderabad +11 other locations,902,--
5144,HEPL - A Cavinkare Group Company,3.4,(211),Cuddalore +18 other locations,1k,2
5145,Flair Writing Instruments,3.7,(211),Other | Mumbai +52 other locations,850,--
5146,Excellon Software,4.2,(211),Software Product | Pune +4 other locations,1.1k,11
5147,Red FM 93.5,3.8,(211),Broadcasting | Bengaluru +51 other locations,789,--
5148,Spacewood,3.4,(211),Furniture & Furnishing | Nagpur +20 other locations,1.2k,5
5149,Kinetic Green Energy And Power Solutions,3.1,(211),Power | Pune +27 other locations,918,19
5150,Torque Pharmaceuticals,3.8,(211),Pharma | Chandigarh +33 other locations,713,19
5151,Chhatrapati Shivaji International Airport,3.5,(211),Real Estate | Mumbai +8 other locations,1.1k,--
5152,ARB Bearings,3.5,(211),Auto Components | New Delhi +19 other locations,819,--
5153,Chaitanya Projects Consultancy,3.9,(211),Financial Services | Noida +53 other locations,601,2
5154,Freedom Employability Academy,4.1,(211),Education & Training | New Delhi +46 other locations,513,--
5155,Kalyani Forge,3.7,(211),Iron & Steel | Pune +7 other locations,732,12
5156,Grass Roots Research & Creation,4.7,(210),Analytics & KPO | New Delhi +14 other locations,129,2
5157,Pie Infocomm,4.5,(210),IT Services & Consulting | Lucknow +7 other locations,153,4
5158,KPR Mill,3.9,(210),Fashion & Textile | Coimbatore +20 other locations,873,--
5159,Sterling Talent Solutions,3.7,(210),Internet | Mumbai +3 other locations,748,--
5160,Inchcape Shipping Services,3.4,(210),Ports & Shipping | Chennai +15 other locations,1.2k,31
5161,Analytix Business Solutions,3.4,(210),Analytics & KPO | Ahmedabad +8 other locations,1.1k,6
5162,Pie Infocomm,4.5,(210),IT Services & Consulting | Lucknow +7 other locations,153,4
5163,KPR Mill,3.9,(210),Fashion & Textile | Coimbatore +20 other locations,873,--
5164,Sterling Talent Solutions,3.7,(210),Internet | Mumbai +3 other locations,748,--
5165,Cotecna Inspection India,3.6,(210),Analytics & KPO | Mumbai +35 other locations,800,5
5166,Microlink Solutions,3.9,(210),IT Services & Consulting | Ahmedabad +31 other locations,713,1
5167,Satyesh Brinechem,3.2,(211),Chemicals | Bhuj +12 other locations,843,1
5168,Integrated Personnel Services Limited,4.0,(210),Recruitment | Mumbai +35 other locations,874,19
5169,Khanna Paper Mills,4.0,(210),Pulp & Paper | Amritsar +14 other locations,835,--
5170,Gensol Engineering,3.7,(210),Power | Ahmedabad +23 other locations,756,--
5171,Putzmeister Concrete Machines,3.6,(210),Industrial Machinery | New Delhi +28 other locations,941,51
5172,Information Services Group,3.8,(210),IT Services & Consulting | Bengaluru +9 other locations,1.5k,5
5173,Rajan Technocast,4.7,(210),Industrial Machinery | Rajkot +18 other locations,169,1
5174,Anlage Infotech,3.2,(210),IT Services & Consulting | Bengaluru +15 other locations,760,--
5175,Third wave Coffee Roasters,3.6,(210),Internet | Bengaluru +11 other locations,815,--
5176,Verticurl,3.1,(210),Coimbatore +6 other locations,1.9k,--
5177,Helmerich & Payne,3.8,(210),Bengaluru +15 other locations,1.8k,1
5178,SPRAY ENGINEERING DEVICES,4.2,(210),Industrial Machinery | Sahibzada Ajit Singh Nagar +13 other locations,760,--
5179,Chiripal Poly Films,4.0,(210),Packaging | Ahmedabad +11 other locations,1.1k,4
5180,Qi Spine Clinic,3.0,(210),Healthcare | Mumbai +13 other locations,491,4
5181,Garware Hi-Tech Films,3.9,(210),Packaging | Chhatrapati Sambhajinagar +9 other locations,1k,1
5182,TLC DigiTech Private Limited,3.1,(210),Hospitality | New Delhi +22 other locations,787,14
5183,Ebixcash World Money,3.6,(210),FinTech | Mumbai +38 other locations,855,11
5184,MMTC-PAMP,3.7,(210),Metals & Mining | Gurugram +18 other locations,816,1
5185,WovVTech,4.1,(210),Software Product | Vadodara +11 other locations,402,--
5186,John Crane Sealing Systems India,3.5,(210),Industrial Machinery | Bengaluru +6 other locations,1.2k,64
5187,Ashok Iron Works,3.4,(210),Industrial Machinery | Belagavi +7 other locations,833,10
5188,Bioseed,4.1,(209),Agriculture | Hyderabad +59 other locations,419,--
5189,Country Club India,3.4,(209),Hospitality | Hyderabad +26 other locations,520,--
5190,Zivame.com,3.6,(209),Fashion & Textile | Bengaluru +30 other locations,1k,--
5191,BetterPlace Safety Solutions,3.5,(209),IT Services & Consulting | Bengaluru +11 other locations,1.3k,6
5192,RAKS Pharma,4.3,(209),Pharma | Visakhapatnam +11 other locations,761,--
5193,UGC Supply Chain Solutions,2.8,(209),Logistics | Pune +22 other locations,932,--
5194,Relevantz Technology Services,3.6,(210),IT Services & Consulting | Chennai +5 other locations,1.4k,41
5195,Paramatrix Technologies,4.0,(209),Software Product | Mumbai +4 other locations,542,28
5196,Special Technical Services,4.1,(209),Oil & Gas | Muscat +16 other locations,596,--
5197,Tci Freight,4.1,(209),Logistics | Gurugram +44 other locations,781,--
5198,Indo National Limited (Nippo),4.2,(209),FMCG | Chennai +56 other locations,677,3
5199,Jm Frictech,3.3,(209),Industrial Machinery | Chennai +9 other locations,1.1k,25
5200,Lauren Information Technologies,3.6,(209),IT Services & Consulting | Mumbai +18 other locations,1.3k,4
5201,Tps Infrastructure,4.2,(209),Industrial Machinery | Bhiwadi +15 other locations,725,--
5202,NOVO Medisciences,3.4,(209),Pharma | Mumbai +32 other locations,480,9
5203,Axio,3.7,(209),Financial Services | Bengaluru +25 other locations,851,--
5204,Ventra Health,3.1,(209),BPO | Chennai +6 other locations,931,8
5205,TEOCO Software,3.8,(209),IT Services & Consulting | Kolkata +9 other locations,910,5
5206,Moody's,3.9,(209),Analytics & KPO | Bengaluru +7 other locations,1.8k,--
5207,Ts Tech Sun India,4.1,(209),Automobile | Neemrana +12 other locations,733,--
5208,Busy Infotech,3.9,(209),Software Product | New Delhi +29 other locations,799,16
5209,EagleBurgmann,4.2,(209),Industrial Machinery | Pune +19 other locations,1k,--
5210,SITA,3.9,(209),IT Services & Consulting | Gurugram +29 other locations,1.1k,18
5211,SpeedLabs,3.6,(209),EdTech | Mumbai +16 other locations,437,22
5212,Manipal Business Solutions,3.6,(209),Gurugram +56 other locations,754,--
5213,Ganit Inc,3.8,(209),IT Services & Consulting | Chennai +7 other locations,726,2
5214,MeritNation,3.2,(208),EdTech | New Delhi +20 other locations,584,--
5215,EMCO,3.7,(208),Power | Mumbai +25 other locations,607,--
5216,Koye Pharmaceuticals,3.2,(208),Pharma | Mumbai +43 other locations,591,--
5217,CyberSWIFT Infotech,3.0,(208),IT Services & Consulting | Kolkata +12 other locations,459,2
5218,Texspin Bearings,4.1,(208),Auto Components | Ahmedabad +19 other locations,1.1k,--
5219,Maxinfra,4.1,(208),Real Estate | Hyderabad +26 other locations,732,--
5220,Carzonrent,3.2,(208),Travel & Tourism | New Delhi +15 other locations,630,1
5221,Vishnu Chemicals,4.0,(208),Chemicals | Visakhapatnam +12 other locations,847,16
5222,Prime Focus,3.9,(208),Animation & VFX | Mumbai +11 other locations,627,--
5223,Su-Kam Power Systems,3.3,(208),Power | Gurugram +44 other locations,484,--
5224,Ankura Hospital,3.8,(208),Healthcare | Hyderabad +10 other locations,940,13
5225,FAIRWAY ENTERPRISES,3.9,(208),Leather | Krishnagiri +9 other locations,888,--
5226,RateGain,3.8,(208),IT Services & Consulting | Noida +6 other locations,1.4k,11
5227,Ecolab,3.5,(208),Waste Management | Pune +14 other locations,1.3k,150
5228,Centillion Solutions and Services,4.0,(208),IT Services & Consulting | Bengaluru +72 other locations,528,11
5229,UL Solutions,3.9,(208),"Testing, Inspection and Certification (TIC) | Bengaluru +9 other locations",752,37
5230,IDMC,3.7,(208),Industrial Machinery | Anand +14 other locations,886,4
5231,Shaw Toyota,4.9,(208),Automobile | Pune +3 other locations,138,--
5232,HOLITECH INDIA,4.1,(208),Electronics Manufacturing | Greater Noida +12 other locations,722,--
5233,AONE OUTSOURCING SOLUTIONS,4.7,(208),Financial Services | Ghaziabad +7 other locations,309,--
5234,EMCO,3.7,(208),Power | Mumbai +25 other locations,607,--
5235,Koye Pharmaceuticals,3.2,(208),Pharma | Mumbai +43 other locations,591,--
5236,Maxinfra,4.1,(208),Real Estate | Hyderabad +26 other locations,732,--
5237,Gujarat Narmada Valley Fertilizers & Chemicals,4.3,(208),Agro Chemicals | Bharuch +16 other locations,800,--
5238,Beri Udyog,3.8,(208),Industrial Machinery | Karnal +17 other locations,793,13
5239,AARGEE STAFFING SERVICES,3.7,(208),Recruitment | Mumbai +16 other locations,656,--
5240,SAMCO Securities,3.9,(208),Financial Services | Mumbai +12 other locations,876,--
5241,Innovalance Learning Systems,3.2,(208),EdTech | New Delhi +11 other locations,361,--
5242,International Certification Services,3.3,(208),Other | Mumbai +34 other locations,783,7
5243,MaRS Planning & Engineering Services,3.9,(208),Engineering & Construction | Ahmedabad +63 other locations,790,--
5244,Cummins Generator Technologies,4.1,(208),Industrial Machinery | Pune +18 other locations,730,--
5245,Carzonrent,3.2,(208),Travel & Tourism | New Delhi +15 other locations,630,1
5246,ContinuServe Softech India,3.2,(208),BPO | Bengaluru +4 other locations,1.2k,--
5247,Beri Udyog,3.8,(208),Industrial Machinery | Karnal +17 other locations,793,13
5248,Gujarat Narmada Valley Fertilizers & Chemicals,4.3,(208),Agro Chemicals | Bharuch +16 other locations,800,--
5249,Ziff Davis Performance Marketing,3.6,(208),Marketing & Advertising | Pune +3 other locations,774,2
5250,AARGEE STAFFING SERVICES,3.7,(208),Recruitment | Mumbai +16 other locations,656,--
5251,Ankura Hospital,3.8,(208),Healthcare | Hyderabad +10 other locations,940,13
5252,ASSA ABLOY,3.4,(208),Real Estate | Chennai +33 other locations,989,2
5253,Emami Frank Ross,3.7,(208),Retail | Kolkata +23 other locations,709,--
5254,Weatherford,3.6,(208),Oil & Gas | Mumbai +20 other locations,880,3
5255,Alp Consulting,3.5,(208),Recruitment | Bengaluru +18 other locations,1.1k,19
5256,Valueonshore Advisors,3.8,(208),Management Consulting | Gurugram +5 other locations,595,21
5257,FAIRWAY ENTERPRISES,3.9,(208),Leather | Krishnagiri +9 other locations,888,--
5258,SBL,3.8,(208),IT Services & Consulting | New Delhi +31 other locations,823,1
5259,Wanbury,3.4,(207),Pharma | Mumbai +31 other locations,799,4
5260,TP Southern Odisha Distribution,3.4,(207),Berhampur +23 other locations,678,--
5261,NATIONAL SKILL DEVELOPMENT CORPORATION,3.5,(207),Non-Profit | New Delhi +50 other locations,935,2
5262,Zinnov Management Consulting,3.3,(207),Management Consulting | Bengaluru +13 other locations,1.5k,55
5263,Chitkara University,4.0,(208),Education & Training | Chandigarh +8 other locations,682,9
5264,Development Consultants,3.3,(207),IT Services & Consulting | Kolkata +16 other locations,563,--
5265,Crimson Interactive,2.6,(207),Content Development | Mumbai +5 other locations,1.1k,2
5266,C DOT,3.7,(207),Telecom | New Delhi +14 other locations,1.2k,--
5267,Airtel Africa,2.9,(207),Telecom | Gurugram +9 other locations,1k,11
5268,Rotostat Services,3.8,(207),Industrial Machinery | Mumbai +30 other locations,798,8
5269,COWI,4.1,(207),Engineering & Construction | Gurugram +4 other locations,657,1
5270,Moreish Food,3.2,(207),Food Processing | Kolkata +25 other locations,514,2
5271,Aziro (formerly MSys Technoloigies),3.8,(207),Software Product | Chennai +4 other locations,1.2k,94
5272,YouTube,4.5,(207),Internet | New Delhi +42 other locations,844,--
5273,Ajax Engineering,4.0,(207),Engineering & Construction | Bengaluru +28 other locations,1.1k,8
5274,Toshiba Water Solutions,3.7,(207),Waste Management | Gurugram +20 other locations,884,--
5275,AYM Syntex,3.5,(207),Fashion & Textile | Dadra & Nagar Haveli +9 other locations,853,--
5276,ZingHR,3.1,(207),IT Services & Consulting | Mumbai +9 other locations,1.2k,--
5277,Rubamin,3.9,(207),Pharma | Vadodara +6 other locations,1k,4
5278,Atidiv,2.8,(207),IT Services & Consulting | Pune +2 other locations,1.2k,4
5279,Mold-Tek Technologies,3.4,(207),IT Services & Consulting | Hyderabad +12 other locations,918,5
5280,Geo Chem Laboratories,3.8,(207),Industrial Machinery | Mumbai +21 other locations,645,4
5281,DAZN,2.5,(207),Media & Entertainment | Hyderabad +5 other locations,1.6k,78
5282,C DOT,3.7,(207),Telecom | New Delhi +14 other locations,1.2k,--
5283,Vivifi India Finance,3.5,(207),Hyderabad +6 other locations,796,--
5284,YouTube,4.5,(207),Internet | New Delhi +42 other locations,844,--
5285,Vidya Mandir Classes,3.4,(207),EdTech | New Delhi +38 other locations,846,--
5286,Travel Boutique Online,3.3,(207),Travel & Tourism | Gurugram +16 other locations,1.2k,7
5287,ACME Group,4.6,(206),Internet | Gurugram +28 other locations,273,--
5288,Marsh,4.3,(206),Insurance | Mumbai +10 other locations,481,--
5289,Anglo-Eastern Ship Management,4.1,(206),Ports & Shipping | Mumbai +15 other locations,551,2
5290,Fleet Management,4.0,(206),Ports & Shipping | Mumbai +22 other locations,743,38
5291,Biryani By Kilo,4.2,(206),Hospitality | Gurugram +29 other locations,710,--
5292,Ayesa,4.0,(206),IT Services & Consulting | New Delhi +12 other locations,606,1
5293,CallHealth,3.5,(206),Healthcare | Hyderabad +17 other locations,794,--
5294,Al Ahleia Switchgear,3.5,(206),Industrial Machinery | Chennai +12 other locations,508,--
5295,John Deere Financial,4.3,(206),NBFC | Pune +57 other locations,571,--
5296,Bodal Chemicals,3.5,(206),Chemicals | Vadodara +17 other locations,1.2k,7
5297,Mark's,4.0,(206),Telecom | Gurugram +34 other locations,27,4
5298,Govt. Medical College,4.1,(206),Education & Training | Chandigarh +72 other locations,841,--
5299,Decimal Technologies,2.8,(206),Software Product | Gurugram +10 other locations,1.7k,--
5300,Bodal Chemicals,3.5,(206),Chemicals | Vadodara +17 other locations,1.2k,7
5301,Mark's,4.0,(206),Telecom | Gurugram +34 other locations,27,4
5302,Teleone,3.6,(206),Internet | New Delhi +20 other locations,701,--
5303,Career Launcher,3.7,(206),Education & Training | New Delhi +42 other locations,994,8
5304,Decimal Technologies,2.8,(206),Software Product | Gurugram +10 other locations,1.7k,--
5305,Marsh,4.3,(206),Insurance | Mumbai +10 other locations,481,--
5306,Hyundai Motor India Engineering,3.8,(206),IT Services & Consulting | Hyderabad +9 other locations,1.1k,--
5307,Turito,3.0,(206),EdTech | Hyderabad +7 other locations,857,--
5308,Rossari Biotech,3.8,(206),Chemicals | Mumbai +24 other locations,1.1k,2
5309,Jindal Worldwide,3.5,(206),Fashion & Textile | Ahmedabad +5 other locations,975,5
5310,Brainium Information Technologies,3.8,(205),IT Services & Consulting | Kolkata +1 other locations,505,--
5311,Supreme Treon,4.0,(205),Auto Components | Pune +26 other locations,866,--
5312,Keolis Hyderabad Metro,3.9,(205),Urban Transport | Hyderabad +4 other locations,871,--
5313,Data Patterns,3.4,(205),Defence & Aerospace | Chennai +11 other locations,1.2k,12
5314,M Swasth Solutions,3.4,(206),Gurugram +40 other locations,420,--
5315,MyCaptain,3.6,(205),Internet | Bengaluru +9 other locations,522,--
5316,Lingaya's Vidyapeeth,4.6,(205),Education & Training | Faridabad +4 other locations,277,--
5317,Prem Henna,3.4,(205),Beauty & Personal Care | Indore +52 other locations,542,--
5318,Arihant Publications,3.3,(205),Printing & Publishing | New Delhi +21 other locations,517,1
5319,Bombay Dyeing,3.8,(205),Fashion & Textile | Mumbai +22 other locations,894,--
5320,Bsr Infratech India,3.8,(205),Engineering & Construction | Bengaluru +12 other locations,860,--
5321,Kh Exports,3.9,(205),Import & Export | Chennai +8 other locations,834,--
5322,Mitsubishi Heavy Industries,4.3,(205),Industrial Machinery | Mysuru +31 other locations,814,2
5323,Aarti Pharmalabs,3.7,(226),Pharma | Mumbai +14 other locations,1.1k,1
5324,Soothe Healthcare,3.4,(205),Healthcare | Noida +43 other locations,838,--
5325,Toppan Merrill,3.8,(205),Financial Services | Chennai +2 other locations,1.4k,11
5326,Mordor Intelligence,3.0,(205),Analytics & KPO | Hyderabad +3 other locations,967,--
5327,Alpha Design Technologies,3.6,(205),Defence & Aerospace | Bengaluru +13 other locations,1.2k,2
5328,IFB Automotive,3.8,(205),Auto Components | Bengaluru +19 other locations,821,--
5329,OptimHire,3.6,(205),Internet | Hyderabad +6 other locations,809,--
5330,Eternis Fine Chemicals,3.3,(205),Chemicals | Pune +8 other locations,1.1k,--
5331,KisanKraft Machine Tools,3.3,(205),Industrial Machinery | Bengaluru +20 other locations,729,5
5332,Tbea Energy,3.8,(205),Electrical Equipment | Vadodara +18 other locations,881,6
5333,Mining Engineering Services,3.7,(205),Metals & Mining | Vadodara +15 other locations,596,--
5334,DelaPlex Software,4.1,(206),IT Services & Consulting | Nagpur +6 other locations,987,27
5335,Graviti Pharmaceuticals,3.1,(205),Pharma | Hyderabad +5 other locations,893,12
5336,Abante Integrated Management Services,4.2,(205),Management Consulting | Gurugram +4 other locations,661,12
5337,Stashfin,3.8,(205),FinTech | New Delhi +18 other locations,768,--
5338,LNV Technology,3.8,(205),Industrial Machinery | Chennai +29 other locations,621,1
5339,Modicare,4.1,(205),Beauty & Personal Care | New Delhi +46 other locations,762,2
5340,Centrient Pharmaceuticals,3.8,(205),Pharma | Chandigarh +16 other locations,1k,--
5341,Mining Engineering Services,3.7,(205),Metals & Mining | Vadodara +15 other locations,596,--
5342,Aarti Pharmalabs,3.7,(226),Pharma | Mumbai +14 other locations,1.1k,1
5343,ACT Plast Paints,3.8,(205),Chemicals | Chennai +13 other locations,789,2
5344,Soothe Healthcare,3.4,(205),Healthcare | Noida +43 other locations,838,--
5345,Eternis Fine Chemicals,3.3,(205),Chemicals | Pune +8 other locations,1.1k,--
5346,OptimHire,3.6,(205),Internet | Hyderabad +6 other locations,809,--
5347,Tbea Energy,3.8,(205),Electrical Equipment | Vadodara +18 other locations,881,6
5348,KisanKraft Machine Tools,3.3,(205),Industrial Machinery | Bengaluru +20 other locations,729,5
5349,Continental Hospitals,3.9,(205),Healthcare | Hyderabad +3 other locations,830,10
5350,Praxis home Retail,4.3,(205),Retail | Mumbai +29 other locations,817,5
5351,ASP OL Media,4.0,(205),Marketing & Advertising | Pune +6 other locations,331,5
5352,Elofic Industries,4.0,(205),Auto Components | Faridabad +17 other locations,774,--
5353,Vedika Credit Capital,3.5,(204),NBFC | Ranchi +51 other locations,562,1
5354,Shriram Fortune Solutions,3.6,(204),Financial Services | Gurugram +95 other locations,459,--
5355,Fulcrum Digital,3.4,(204),IT Services & Consulting | Pune +5 other locations,1.4k,2
5356,CBSI,3.3,(204),Recruitment | Bengaluru +14 other locations,1.1k,--
5357,Dr Oetker,4.2,(204),Food Processing | New Delhi +32 other locations,814,--
5358,Futaba Industrial Gujarat,4.5,(204),Auto Components | Ahmedabad +11 other locations,765,--
5359,Shopclues,3.3,(204),Internet | Gurugram +7 other locations,1.1k,55
5360,Shriram Fortune Solutions,3.6,(204),Financial Services | Gurugram +95 other locations,459,--
5361,Northern Arc Capital,3.7,(204),NBFC | Chennai +50 other locations,964,8
5362,Armstrong Robotics & Technologies Private Limited,3.9,(204),Industrial Automation | Nashik +13 other locations,905,3
5363,Lokesh Machines,3.7,(204),Industrial Machinery | Hyderabad +12 other locations,820,5
5364,Rajesh Motors,3.8,(204),Automobile | Jaipur +27 other locations,625,--
5365,ATS Homekraft,4.1,(204),Real Estate | Noida +7 other locations,702,8
5366,Kopran,3.7,(204),Pharma | Mumbai +17 other locations,1.2k,9
5367,Bajel Projects,4.2,(204),Engineering & Construction | Mumbai +47 other locations,589,10
5368,Shopclues,3.3,(204),Internet | Gurugram +7 other locations,1.1k,55
5369,Infiiloom,3.2,(204),Fashion & Textile | Pune +15 other locations,810,2
5370,Fulcrum Digital,3.4,(204),IT Services & Consulting | Pune +5 other locations,1.4k,2
5371,CBSI,3.3,(204),Recruitment | Bengaluru +14 other locations,1.1k,--
5372,inMorphis Services,4.1,(204),IT Services & Consulting | Noida +8 other locations,893,15
5373,SKETS Studio,3.6,(214),Architecture & Interior Design | New Delhi +9 other locations,774,2
5374,Futaba Industrial Gujarat,4.5,(204),Auto Components | Ahmedabad +11 other locations,765,--
5375,Jay Ushin,4.0,(204),Auto Components | Gurugram +13 other locations,872,--
5376,Keertana Finserv,3.3,(204),NBFC | Hyderabad +57 other locations,464,12
5377,AGROCEL INDUSTRIES,4.4,(204),Chemicals | Bhuj +24 other locations,654,--
5378,ITCube Solutions,3.0,(204),IT Services & Consulting | Pune +9 other locations,989,1
5379,Bhima Gold,3.8,(204),Jewellery | Bengaluru +32 other locations,787,7
5380,Svatantra Micro Housing Finance Corporation Limited,3.9,(204),Financial Services | Mumbai +57 other locations,660,26
5381,Videojet Technologies,3.8,(203),Consumer Electronics & Appliances | Mumbai +25 other locations,759,3
5382,Navigators Software,4.2,(203),IT Services & Consulting | Kolkata +3 other locations,603,18
5383,Raheja Developers,2.6,(203),Real Estate | Gurugram +6 other locations,793,--
5384,Andhra Pradesh State Skill Development Corporation,3.9,(203),Non-Profit | Vijayawada +32 other locations,557,--
5385,S.c Johnson Products,4.1,(203),FMCG | Gurugram +52 other locations,565,3
5386,Mol Information Processing Services India,3.4,(203),IT Services & Consulting | Kolkata +6 other locations,813,21
5387,Quest Global Technologies,3.4,(204),IT Services & Consulting | Bengaluru +16 other locations,1.7k,9
5388,Network Intelligence India,3.2,(203),Law Enforcement & Security | Mumbai +8 other locations,1.3k,7
5389,Orange Retail Finance,3.8,(203),Financial Services | Chennai +56 other locations,627,--
5390,Montra Electric,3.7,(203),Automobile | Chennai +27 other locations,736,15
5391,SAS,4.2,(203),IT Services & Consulting | Pune +21 other locations,1.7k,35
5392,Shanthi Gears,3.3,(203),Auto Components | Coimbatore +13 other locations,1.2k,--
5393,Izmo,3.0,(203),IT Services & Consulting | Bengaluru +5 other locations,813,42
5394,Gulbrandsen,4.1,(203),Chemicals | Vadodara +11 other locations,1k,--
5395,First Citizens India,3.9,(203),Financial Services | Bengaluru +3 other locations,1.6k,56
5396,Kerakoll,4.2,(203),Building Material | Vadodara +46 other locations,686,--
5397,Sterling and Wilson Renewable Energy,4.2,(203),Power | New Delhi +31 other locations,811,15
5398,Sahajanand Laser Technology,3.2,(203),Industrial Machinery | Gandhinagar +23 other locations,834,17
5399,Kazo Fashion,3.3,(202),Fashion & Textile | New Delhi +34 other locations,541,--
5400,Ashv Finance,4.1,(202),Mumbai +37 other locations,733,--
5401,Utkal Alumina International,4.2,(202),Chemicals | Rayagada +12 other locations,675,--
5402,Hgs Services,3.7,(203),Analytics & KPO | Bengaluru +20 other locations,651,--
5403,Sagitec Solutions,3.2,(202),IT Services & Consulting | Pune +5 other locations,1.6k,3
5404,CONTUS TECH,4.2,(202),IT Services & Consulting | Chennai +3 other locations,876,2
5405,TNT Express,4.0,(202),Logistics | Mumbai +33 other locations,398,--
5406,NGK Spark Plugs,4.1,(202),Auto Components | Bawal +19 other locations,725,--
5407,Country Inns & Suites,4.1,(202),Hospitality | New Delhi +25 other locations,633,--
5408,REI Systems,3.9,(202),IT Services & Consulting | Pune,451,2
5409,Janatics India,4.1,(202),Industrial Automation | Coimbatore +26 other locations,1.2k,6
5410,Kazo Fashion,3.3,(202),Fashion & Textile | New Delhi +34 other locations,541,--
5411,Peps Industries,4.0,(202),Furniture & Furnishing | Coimbatore +48 other locations,694,--
5412,Tokai Imperial Rubber India,3.9,(202),Industrial Machinery | Faridabad +11 other locations,802,--
5413,ORISSA METALIKS,3.8,(202),Industrial Machinery | Kharagpur +10 other locations,820,--
5414,Fibe,3.6,(202),FinTech | Pune +15 other locations,1.2k,18
5415,Reserve Bank Information Technology,3.3,(202),IT Services & Consulting | Mumbai +7 other locations,1.8k,7
5416,Siemens PLM Software,4.0,(202),Industrial Automation | Pune +12 other locations,1.7k,--
5417,Radhakrishna Foodland,3.8,(202),Logistics | Mumbai +31 other locations,761,--
5418,Upstox,3.5,(205),FinTech | Mumbai +19 other locations,1.5k,--
5419,Quest Diagnostics,4.4,(202),Healthcare | Hyderabad +11 other locations,892,61
5420,Fibe,3.6,(202),FinTech | Pune +15 other locations,1.2k,18
5421,ORISSA METALIKS,3.8,(202),Industrial Machinery | Kharagpur +10 other locations,820,--
5422,CONTUS TECH,4.2,(202),IT Services & Consulting | Chennai +3 other locations,876,2
5423,Reserve Bank Information Technology,3.3,(202),IT Services & Consulting | Mumbai +7 other locations,1.8k,7
5424,BTL EPC LTD,3.6,(202),Industrial Machinery | Kolkata +20 other locations,746,5
5425,Marque Impex,4.0,(202),Import & Export | Moradabad +5 other locations,654,--
5426,Artech,3.1,(202),Architecture & Interior Design | Bengaluru +13 other locations,1.4k,--
5427,Upstox,3.5,(205),FinTech | Mumbai +19 other locations,1.5k,--
5428,Siemens PLM Software,4.0,(202),Industrial Automation | Pune +12 other locations,1.7k,--
5429,Tokai Imperial Rubber India,3.9,(202),Industrial Machinery | Faridabad +11 other locations,802,--
5430,Vnr Seeds,3.9,(202),Agriculture | Raipur +50 other locations,693,35
5431,Emirates Flight Catering,4.3,(202),Hospitality | Dubai +12 other locations,268,--
5432,Vishay Components,4.2,(202),Electronics Manufacturing | Pune +7 other locations,773,3
5433,ProcMart,3.6,(202),IT Services & Consulting | Pune +20 other locations,403,3
5434,Matter Motor Works,3.5,(202),Automobile | Ahmedabad +5 other locations,990,5
5435,SSEM,3.3,(201),Industrial Machinery | Riyadh +18 other locations,349,--
5436,Tata Lockheed Martin Aerostructures,3.9,(201),Defence & Aerospace | Hyderabad +6 other locations,967,--
5437,GEETANJALI HOMESTATE,3.7,(201),Real Estate | Gurugram +5 other locations,271,--
5438,Rama University,3.3,(201),Education & Training | Kanpur +12 other locations,540,177
5439,Hi Tech Informatics,3.5,(201),IT Services & Consulting | Mumbai +48 other locations,713,--
5440,ZKTeco Biometrics,3.0,(201),Law Enforcement & Security | Bengaluru +11 other locations,1.2k,--
5441,RineX,3.6,(201),Bengaluru +16 other locations,175,--
5442,Milan Laboratories India Private Limited,3.8,(202),Pharma | Mumbai +17 other locations,954,3
5443,Fisdom,3.3,(201),Financial Services | Bengaluru +32 other locations,819,16
5444,MSC Technology India,4.0,(201),IT Services & Consulting | Chennai +7 other locations,1.5k,16
5445,Simform,3.7,(201),IT Services & Consulting | Ahmedabad +3 other locations,1.4k,11
5446,SMC Power Generation,3.6,(201),Iron & Steel | Jharsuguda +12 other locations,776,--
5447,HIVELOOP LOGISTICS,4.2,(201),Bengaluru +69 other locations,413,--
5448,Connectwell Industries,3.7,(201),Electronics Manufacturing | Mumbai +13 other locations,1k,44
5449,Bonito Designs,3.5,(225),Architecture & Interior Design | Bengaluru +4 other locations,1.2k,4
5450,Ascendum KPS,3.6,(201),Ahmedabad +10 other locations,840,1
5451,PES Engineers,4.2,(201),Engineering & Construction | Hyderabad +35 other locations,716,2
5452,DigiCall Teleservices,4.0,(200),Telecom | Noida +13 other locations,330,--
5453,B2x Service Solutions,3.9,(200),BPO | Mumbai +32 other locations,476,--
5454,Ramoji Film City,4.1,(200),Media & Entertainment | Hyderabad +11 other locations,626,--
5455,InSync Analytics,2.5,(200),Analytics & KPO | Mumbai +5 other locations,1.3k,2
5456,SmartStream Technologies,3.5,(200),IT Services & Consulting | Bengaluru +6 other locations,1.6k,7
5457,Vinculum Solutions,2.4,(200),IT Services & Consulting | Noida +5 other locations,1.4k,5
5458,Bharat Broadband Network,3.8,(200),Telecom | New Delhi +70 other locations,784,--
5459,ICA Pidilite,4.1,(200),Furniture & Furnishing | Mumbai +41 other locations,730,--
5460,MAKEEN Energy,3.8,(200),Oil & Gas | Hyderabad +31 other locations,469,--
5461,Pacific Development Corporation Limited (Pacific Group),3.5,(200),Real Estate | New Delhi +19 other locations,1k,8
5462,Dhampur Sugar Mills,4.0,(200),Agro Chemicals | New Delhi +15 other locations,718,--
5463,Groupe Lactalis,3.5,(200),FMCG | Chennai +40 other locations,789,129
5464,Kama Ayurveda,3.9,(200),Beauty & Personal Care | New Delhi +30 other locations,763,3
5465,Codeyoung,3.6,(209),Bengaluru +6 other locations,671,3
5466,ZunRoof Tech,3.8,(200),Power | Gurugram +21 other locations,452,30
5467,iLink Digital,2.9,(200),IT Services & Consulting | Chennai +8 other locations,1.7k,16
5468,Heads Up For Tails,3.7,(200),Retail | Gurugram +19 other locations,878,17
5469,Manohar Filaments,3.8,(200),Fashion & Textile | New Delhi +16 other locations,906,1
5470,Sakura Autoparts,3.7,(200),Auto Components | Chennai +9 other locations,826,--
5471,Network Techlab,3.6,(200),Hardware & Networking | Mumbai +10 other locations,935,28
5472,Roulunds Braking,3.6,(200),Auto Components | Sonipat +8 other locations,789,--
5473,Josh Talks,4.2,(200),Broadcasting | Gurugram +15 other locations,372,--
5474,Victora Industries,3.7,(211),Auto Components | Faridabad +10 other locations,749,--
5475,Skypro Technologies,3.4,(200),IT Services & Consulting | Bengaluru +33 other locations,708,--
5476,Skandhanshi Infra Projects,4.3,(200),Real Estate | Kurnool +9 other locations,882,8
5477,Aarav Global Products & Services Private Limited,3.0,(200),IT Services & Consulting | Mumbai +8 other locations,720,3
5478,Parijat Industries (India),4.0,(200),Chemicals | New Delhi +37 other locations,735,2
5479,Prologic Web Solutions,4.0,(200),IT Services & Consulting | Noida +20 other locations,388,4
5480,Ways2excel,4.4,(199),EdTech | Kolkata +1 other locations,61,--
5481,Raksha TPA,4.1,(199),Insurance | Faridabad +22 other locations,761,--
5482,Masu Brakes,3.4,(199),Auto Components | Bahadurgarh +9 other locations,759,--
5483,Prozo,3.3,(199),Internet | Gurugram +28 other locations,869,--
5484,Jesons Industries,3.5,(200),Chemicals | Mumbai +12 other locations,1.1k,2
5485,Sapphire Software Solutions (India),4.4,(199),IT Services & Consulting | Ahmedabad +5 other locations,318,7
5486,Emiza Supply Chain Services Private Limited,3.5,(199),Logistics | Mumbai +19 other locations,726,--
5487,Aditi Consulting,3.4,(199),IT Services & Consulting | Bengaluru +7 other locations,994,1
5488,Amphenol Fci,3.8,(199),Electrical Equipment | Bengaluru +9 other locations,877,--
5489,Praxair,4.1,(199),Chemicals | Bengaluru +28 other locations,676,--
5490,Sendan International Co,2.1,(199),Engineering & Construction | Al Jubail +20 other locations,510,--
5491,UST BlueConch Technologies,3.6,(199),Software Product | Pune +6 other locations,1.2k,--
5492,Haldiram's Prabhuji,2.9,(199),FMCG | Kolkata +42 other locations,535,--
5493,Smart Energy Water,2.9,(199),IT Services & Consulting | Noida +4 other locations,1.6k,4
5494,Wings Biotech,3.2,(199),Pharma | New Delhi +33 other locations,484,5
5495,Experion Developers,4.7,(199),Real Estate | Gurugram +9 other locations,617,--
5496,Colorbar Cosmetics,3.9,(199),Beauty & Personal Care | New Delhi +35 other locations,572,--
5497,Avaali Solutions,4.4,(199),IT Services & Consulting | Bengaluru,400,11
5498,eligarf Technologies,3.9,(199),Emerging Technologies | Pune +2 other locations,224,1
5499,Altum Credo Home Finance,3.7,(199),NBFC | Pune +61 other locations,665,7
5500,Smart Energy Water,2.9,(199),IT Services & Consulting | Noida +4 other locations,1.6k,4
5501,Experion Developers,4.7,(199),Real Estate | Gurugram +9 other locations,617,--
5502,Colorbar Cosmetics,3.9,(199),Beauty & Personal Care | New Delhi +35 other locations,572,--
5503,eligarf Technologies,3.9,(199),Emerging Technologies | Pune +2 other locations,224,1
5504,Avaali Solutions,4.4,(199),IT Services & Consulting | Bengaluru,400,11
5505,Altum Credo Home Finance,3.7,(199),NBFC | Pune +61 other locations,665,7
5506,Drools,3.3,(199),FMCG | Bengaluru +50 other locations,667,3
5507,Gleeds Consulting (India) Pvt. Ltd,4.2,(199),Real Estate | Bengaluru +20 other locations,693,1
5508,ARaymond,4.1,(200),Auto Components | Pune +5 other locations,1k,8
5509,Shirdi Sai Electricals,3.6,(199),Power | Y.S.R. Kadapa +26 other locations,618,1
5510,Alghanim International,4.2,(199),Engineering & Construction | Kuwait City +12 other locations,576,1
5511,St Regis,4.2,(198),Hospitality | Mumbai +13 other locations,624,--
5512,Tresor Systems,3.6,(198),Retail | New Delhi +26 other locations,717,6
5513,ReGen Powertech,3.7,(198),Power | Chennai +21 other locations,430,--
5514,Mfine,3.7,(198),Internet | Bengaluru +15 other locations,1.2k,2
5515,Embio,3.8,(198),Pharma | Mahad +10 other locations,875,2
5516,Sigma Freudenberg NOK,4.1,(198),Auto Components | Chennai +17 other locations,925,--
5517,TRIGO Group,2.7,(198),Auto Components | Chennai +26 other locations,695,--
5518,IDBI Capital,3.6,(198),Financial Services | Mumbai +40 other locations,873,7
5519,KC Overseas Education,3.6,(198),EdTech | Nagpur +28 other locations,967,8
5520,IIMT Group of Colleges,4.2,(198),Education & Training | Greater Noida +15 other locations,555,31
5521,Six Sigma Soft Solutions,3.5,(198),IT Services & Consulting | Chennai +23 other locations,1.3k,--
5522,Logicon Facility Management,3.3,(198),Facility Management Services | Pune +14 other locations,733,--
5523,Embio,3.8,(198),Pharma | Mahad +10 other locations,875,2
5524,UFO Moviez,3.0,(198),Media & Entertainment | Mumbai +31 other locations,875,6
5525,Sanmar Group,3.7,(198),Chemicals | Chennai +19 other locations,826,--
5526,Hidesign,3.2,(199),Retail | Puducherry +31 other locations,881,13
5527,JSW Severfield Structures,3.8,(198),Engineering & Construction | Ballari +10 other locations,788,--
5528,Blackbuck Insights,3.7,(198),IT Services & Consulting | Bengaluru +12 other locations,805,--
5529,Rishabh Instruments Limited,3.7,(198),Electronics Manufacturing | Nashik +16 other locations,721,7
5530,ECOS (I) MOBILITY & HOSPITALITY,4.0,(198),Sports & Recreation | New Delhi +12 other locations,440,--
5531,KC Overseas Education,3.6,(198),EdTech | Nagpur +28 other locations,967,8
5532,Symphoni HR,4.0,(198),Recruitment | Mumbai +1 other locations,334,--
5533,WinWire,3.2,(198),IT Services & Consulting | Hyderabad +4 other locations,1.6k,37
5534,Crossword Bookstores,3.7,(198),Retail | Pune +33 other locations,527,--
5535,Aress Software and Education Technologies,2.6,(198),IT Services & Consulting | Nashik +4 other locations,1.1k,--
5536,PagarBook,3.6,(198),Software Product | Bengaluru +23 other locations,832,3
5537,Igarashi Motors,3.8,(198),Auto Components | Chennai +8 other locations,1.1k,--
5538,Caretel Infotech,3.4,(197),Analytics & KPO | New Delhi +10 other locations,442,--
5539,Doubletree By Hilton,4.0,(197),Hospitality | New Delhi +21 other locations,540,--
5540,DGS Technical Services,3.1,(197),Design | Bengaluru +10 other locations,868,9
5541,Loconav,3.0,(197),Software Product | Gurugram +10 other locations,1.2k,--
5542,Lakshmi Life Sciences,3.9,(197),Industrial Automation | Coimbatore +5 other locations,1k,--
5543,Volksoft Technologies,4.3,(197),Software Product | Hyderabad +2 other locations,164,--
5544,Energy Efficiency Services,3.8,(197),Power | New Delhi +35 other locations,753,--
5545,CIMS Hospital,4.2,(197),Healthcare | Ahmedabad +19 other locations,595,1
5546,The Cosmos Co-operative Bank,3.5,(197),Banking | Pune +25 other locations,956,--
5547,Elin Electronics,3.9,(197),Ghaziabad +10 other locations,692,--
5548,Dalmia-OCL,3.8,(197),Building Material | Rourkela +30 other locations,575,--
5549,Avis,3.7,(197),Internet | Gurugram +19 other locations,649,--
5550,TechStar Group,4.2,(197),IT Services & Consulting | Hyderabad +9 other locations,962,--
5551,Bharat Institutions,3.3,(197),Education & Training | Hyderabad +7 other locations,178,--
5552,Wingreens Farms,4.0,(197),Power | Gurugram +21 other locations,823,--
5553,Oxyzo Financial Services,3.3,(197),Financial Services | Gurugram +27 other locations,1k,2
5554,Taikisha Engineering India,3.9,(197),Industrial Machinery | Pune +13 other locations,1.1k,--
5555,TransPerfect,2.9,(198),Hardware & Networking | Pune +7 other locations,1.2k,21
5556,Cloud Analogy,3.9,(211),IT Services & Consulting | Noida +11 other locations,1.4k,--
5557,Thejo Engineering,4.0,(197),Engineering & Construction | Chennai +34 other locations,907,4
5558,Saudi Electricity Company,4.1,(197),Power | Riyadh +20 other locations,363,--
5559,Puthur Infotech,3.6,(197),IT Services & Consulting | Bengaluru +50 other locations,704,1
5560,MBL Infrastructure Limited,3.7,(200),Engineering & Construction | New Delhi +22 other locations,504,30
5561,Exel Rubber,4.0,(197),Petrochemicals | Hyderabad +9 other locations,774,2
5562,Dollar Industries,3.5,(197),Fashion & Textile | Kolkata +33 other locations,790,--
5563,PEARCE SERVICES,3.3,(197),Telecom | Sahibzada Ajit Singh Nagar +12 other locations,1k,15
5564,Ami Polymer,3.6,(197),Medical Equipment | Dadra & Nagar Haveli +14 other locations,696,21
5565,Providence Global Center,3.7,(197),IT Services & Consulting | Hyderabad +2 other locations,1.7k,23
5566,MKU,3.4,(197),Defence & Aerospace | Kanpur +10 other locations,704,10
5567,GKC Projects,4.4,(196),Engineering & Construction | Hyderabad +26 other locations,439,--
5568,Amelia,3.4,(192),Bengaluru +5 other locations,793,2
5569,Beyond Key,4.3,(196),IT Services & Consulting | Indore +5 other locations,619,8
5570,Dishnet Wireless,4.3,(196),Telecom | Kolkata +43 other locations,374,--
5571,Mashreq Bank,3.1,(196),Banking | Bengaluru +11 other locations,1.2k,--
5572,TomTom,4.1,(196),IT Services & Consulting | Pune +2 other locations,948,2
5573,Canvera,3.7,(196),Printing & Publishing | Bengaluru +28 other locations,629,--
5574,Adhaan Solutions,3.8,(196),Recruitment | Ahmedabad +63 other locations,612,--
5575,Hy Gro Chemicals Pharmtek,3.8,(196),Pharma | Hyderabad +8 other locations,677,1
5576,S.S. Kothari Mehta & Co,3.4,(196),Accounting & Auditing | New Delhi +7 other locations,823,--
5577,Entertainment Network India,3.5,(196),Media & Entertainment | Mumbai +42 other locations,1k,10
5578,Dayal Fertilizers,3.8,(196),Agro Chemicals | Meerut +48 other locations,419,1
5579,Springbord Systems,4.1,(196),IT Services & Consulting | Chennai +11 other locations,615,14
5580,Enmas O & M Services,4.2,(196),Oil & Gas | Chennai +32 other locations,643,--
5581,Rajapushpa Properties,3.8,(196),Real Estate | Hyderabad +5 other locations,889,13
5582,Dishnet Wireless,4.3,(196),Telecom | Kolkata +43 other locations,374,--
5583,Mashreq Bank,3.1,(196),Banking | Bengaluru +11 other locations,1.2k,--
5584,Springbord Systems,4.1,(196),IT Services & Consulting | Chennai +11 other locations,615,14
5585,Kirloskar Technologies,4.1,(196),Medical Equipment | Jaipur +35 other locations,519,6
5586,Ohmium,3.1,(196),Power | Bengaluru +7 other locations,703,19
5587,Paytm Money,3.2,(196),FinTech | Bengaluru +23 other locations,1.3k,7
5588,Army Medical Corps,4.8,(196),Healthcare | New Delhi +32 other locations,646,--
5589,Paychex IT Solutions India,3.3,(196),Software Product | Bengaluru +3 other locations,1k,18
5590,N.K. Realtors,4.2,(196),Real Estate | Kolkata +6 other locations,484,6
5591,E Pack Polymers,3.8,(196),Packaging | Greater Noida +18 other locations,822,--
5592,Merkle Sokrati,3.7,(192),Marketing & Advertising | Pune +3 other locations,1.5k,--
5593,InfoService,4.1,(195),IT Services & Consulting | Bengaluru +26 other locations,1k,--
5594,Samkwang India Electronic,3.2,(195),Electronics Manufacturing | Greater Noida +9 other locations,791,5
5595,Timex Group India,3.9,(195),Metals & Mining | Noida +30 other locations,825,1
5596,IIHT,3.6,(195),Bengaluru +29 other locations,859,1
5597,Blowhorn,3.3,(195),Logistics | Bengaluru +16 other locations,567,--
5598,Kalyan Toll Infrastructure,4.2,(195),Engineering & Construction | Indore +36 other locations,675,2
5599,Exeltis,4.0,(195),Pharma | Mumbai +36 other locations,527,3
5600,Exeltis,4.0,(195),Pharma | Mumbai +36 other locations,527,3
5601,Blowhorn,3.3,(195),Logistics | Bengaluru +16 other locations,567,--
5602,Timex Group India,3.9,(195),Metals & Mining | Noida +30 other locations,825,1
5603,IIHT,3.6,(195),Bengaluru +29 other locations,859,1
5604,Srg Housing Finance,4.0,(195),NBFC | Udaipur +56 other locations,582,24
5605,Embassy Services,3.9,(197),Facility Management Services | Bengaluru +16 other locations,919,2
5606,Prasol Chemicals,3.5,(195),Chemicals | Mumbai +10 other locations,1.2k,7
5607,Pin Click,2.8,(195),Real Estate | Bengaluru +6 other locations,451,14
5608,Food Corporation of India,4.1,(195),Government | New Delhi +68 other locations,676,--
5609,Beckman Coulter,3.5,(195),Medical Equipment | Bengaluru +18 other locations,1.2k,215
5610,Comcast India Engineering Center,3.8,(195),Software Product | Chennai +3 other locations,2.2k,37
5611,Colruyt Group,3.8,(195),IT Services & Consulting | Hyderabad +4 other locations,1k,8
5612,Arihant Superstructures,3.5,(195),Real Estate | Mumbai +6 other locations,637,--
5613,Itvedant Education,4.0,(195),Education & Training | Mumbai +10 other locations,438,69
5614,Maahi Milk Producer Company,4.2,(195),Food Processing | Rajkot +29 other locations,495,--
5615,Globus Spirits,3.9,(195),Beverage | New Delhi +27 other locations,892,--
5616,Tata Asset Management Private Limited,3.8,(195),Financial Services | Mumbai +53 other locations,934,4
5617,i-exceed technology solutions,2.7,(195),FinTech | Bengaluru +6 other locations,1.5k,18
5618,VIS Networks,3.9,(195),Telecom | Bengaluru +19 other locations,1.1k,11
5619,S.R.Batliboi & Co.,3.0,(195),Accounting & Auditing | New Delhi +15 other locations,1k,--
5620,Frontizo Business Services,3.5,(195),BPO | Chandigarh +12 other locations,591,--
5621,Schreiber Dynamix Dairies,4.0,(195),Electronics Manufacturing | Pune +15 other locations,645,15
5622,Marengo Asia Hospitals,4.0,(195),Healthcare | Gurugram +6 other locations,383,14
5623,IILM,4.0,(194),Education & Training | New Delhi +9 other locations,450,4
5624,Ganesh Grains,3.3,(194),FMCG | Kolkata +22 other locations,608,4
5625,Sri Ramachandra Institute of Higher Education and Research,3.9,(194),Education & Training | Chennai +10 other locations,907,--
5626,Bhutani Group,4.3,(194),Real Estate | Noida +14 other locations,693,--
5627,JNET Technologies,3.7,(194),IT Services & Consulting | Hyderabad +25 other locations,704,2
5628,IG Petrochemicals,3.5,(194),Chemicals | Mumbai +11 other locations,1k,--
5629,Ushodaya Enterprises,4.1,(194),FMCG | Hyderabad +28 other locations,746,20
5630,OnMobile Global,3.4,(194),Telecom | Bengaluru +14 other locations,1.4k,--
5631,Revolt Motors,3.3,(194),Internet | Gurugram +23 other locations,741,21
5632,Nutanix,3.6,(194),Software Product | Bengaluru +6 other locations,2.3k,68
5633,DE Shaw,3.6,(194),Financial Services | Hyderabad +6 other locations,2.8k,8
5634,Black & Veatch,4.1,(194),Engineering & Construction | Mumbai +13 other locations,983,71
5635,Simplify Healthcare,2.7,(195),Software Product | Pune +3 other locations,1.7k,47
5636,VDart,4.0,(194),IT Services & Consulting | Tiruchirappalli +6 other locations,916,8
5637,Service Master Clean,3.9,(194),Facility Management Services | New Delhi +47 other locations,683,--
5638,DST Worldwide Services,4.2,(194),Hyderabad +6 other locations,940,--
5639,SCIO Management Solutions,4.3,(194),BPO | Chennai +5 other locations,671,--
5640,Getix Health,3.8,(194),Analytics & KPO | Bengaluru +6 other locations,948,7
5641,Orbit Techsol,3.6,(194),IT Services & Consulting | New Delhi +21 other locations,1.1k,17
5642,Extentia Information Technology,3.4,(194),IT Services & Consulting | Pune +3 other locations,1.4k,6
5643,Green Park Hotels,4.2,(194),Hospitality | Hyderabad +14 other locations,665,1
5644,Simplify Healthcare,2.7,(195),Software Product | Pune +3 other locations,1.7k,47
5645,Alp Nishikawa,4.1,(194),Auto Components | Gurugram +12 other locations,779,4
5646,Lizmontagens India,4.1,(205),Mumbai +20 other locations,662,--
5647,Destek Infosolutions,4.1,(194),IT Services & Consulting | Pune +3 other locations,215,--
5648,Modern Business Solutions,3.7,(194),Recruitment | Bengaluru +78 other locations,582,--
5649,Luthra Group Company,4.2,(194),Waste Management | Surat +18 other locations,853,14
5650,JNET Technologies,3.7,(194),IT Services & Consulting | Hyderabad +25 other locations,704,2
5651,IG Petrochemicals,3.5,(194),Chemicals | Mumbai +11 other locations,1k,--
5652,Ludhiana Beverages,3.9,(194),Beverage | Ludhiana +11 other locations,764,--
5653,Valethi Technologies,3.1,(194),Analytics & KPO | Nagpur +6 other locations,967,2
5654,Go Speedy Go,4.5,(195),Automobile | Bhubaneswar +12 other locations,99,--
5655,SACHA Engineering,3.4,(194),IT Services & Consulting | Chennai +9 other locations,1.3k,--
5656,Manika Plastech Private Limited,3.9,(194),Building Material | Dehradun +16 other locations,550,4
5657,Gulf Spic General Trading & Contracting Company,3.5,(194),Engineering & Construction | Chennai +13 other locations,759,3
5658,Margadarsi Chit Fund,3.8,(194),Financial Services | Hyderabad +32 other locations,645,--
5659,Black & Veatch,4.1,(194),Engineering & Construction | Mumbai +13 other locations,983,71
5660,Modern Business Solutions,3.7,(194),Recruitment | Bengaluru +78 other locations,582,--
5661,NSL Textiles,4.0,(194),Fashion & Textile | Guntur +14 other locations,638,--
5662,ICE Data Services,3.3,(194),Financial Services | Hyderabad +5 other locations,1.3k,25
5663,PP Rolling Mills,3.9,(194),Industrial Machinery | Faridabad +9 other locations,825,5
5664,DevTown,3.7,(193),Education & Training | Bengaluru +12 other locations,123,--
5665,Anu Industries,3.4,(193),Packaging | Gurugram +14 other locations,711,--
5666,SCON Projects,4.5,(193),Engineering & Construction | Pune +19 other locations,621,--
5667,Arvind Techno Engineers,4.0,(193),Engineering & Construction | New Delhi +32 other locations,776,--
5668,DTC Projects,3.9,(194),Real Estate | Kolkata +7 other locations,590,28
5669,Indobevs,3.9,(193),Beverage | New Delhi +24 other locations,812,--
5670,Linux Laboratories,3.7,(193),Pharma | Chennai +34 other locations,485,3
5671,Roots Multiclean,3.9,(194),Industrial Machinery | Coimbatore +27 other locations,1k,53
5672,AccSource KPO,3.2,(193),Accounting & Auditing | Chennai +4 other locations,824,2
5673,Clarion Technologies,3.8,(193),IT Services & Consulting | Pune +8 other locations,1.5k,17
5674,Bharat Oman Refineries,3.9,(193),Oil & Gas | Bina +14 other locations,790,--
5675,RJ Corp,4.3,(193),Retail | Gurugram +38 other locations,565,--
5676,Amentum,3.8,(187),Defence & Aerospace | Bengaluru +22 other locations,252,16
5677,Accord Synergy,3.2,(193),Hardware & Networking | Vadodara +27 other locations,403,1
5678,Pratibha Industries,4.4,(193),Engineering & Construction | New Delhi +21 other locations,432,--
5679,Techmagnate,4.2,(193),Marketing & Advertising | New Delhi +5 other locations,748,32
5680,Bharat Oman Refineries,3.9,(193),Oil & Gas | Bina +14 other locations,790,--
5681,RJ Corp,4.3,(193),Retail | Gurugram +38 other locations,565,--
5682,Svasti Microfinance,4.1,(193),Financial Services | Mumbai +61 other locations,502,5
5683,In2IT Technologies,3.2,(193),IT Services & Consulting | Noida +15 other locations,1.1k,7
5684,DAIMLER TRUCKS ASIA,3.8,(193),Chennai +17 other locations,1.2k,--
5685,Biophore India Pharmaceuticals,3.2,(193),Pharma | Hyderabad +4 other locations,884,15
5686,Abellon Clean Energy,3.0,(193),Other | Ahmedabad +21 other locations,860,3
5687,Ksolves India Limited,3.0,(193),IT Services & Consulting | Noida +12 other locations,1.1k,22
5688,Marathon Electric India,3.5,(193),Electrical Equipment | Faridabad +12 other locations,839,1
5689,Amentum,3.8,(187),Defence & Aerospace | Bengaluru +22 other locations,252,16
5690,Apache Footwear,3.6,(193),Fashion & Textile | Nellore +10 other locations,663,--
5691,CENTRUM HOUSING FINANCE,4.0,(193),Financial Services | Mumbai +67 other locations,493,4
5692,Indobevs,3.9,(193),Beverage | New Delhi +24 other locations,812,--
5693,Astec LifeSciences,3.7,(193),Agro Chemicals | Mahad +10 other locations,728,--
5694,Roots Multiclean,3.9,(194),Industrial Machinery | Coimbatore +27 other locations,1k,53
5695,Kohler Power,4.0,(193),Power | Pune +13 other locations,948,--
5696,SEW Eurodrive india,4.2,(193),Auto Components | Chennai +24 other locations,810,--
5697,Cerium Systems,2.8,(193),IT Services & Consulting | Bengaluru +8 other locations,1.1k,--
5698,Jubilant Motorworks,4.0,(193),Automobile | Bengaluru +18 other locations,626,--
5699,RLabs Enterprise Services,3.0,(193),Recruitment | Bengaluru +12 other locations,1.3k,--
5700,Infojini,3.0,(193),IT Services & Consulting | Mumbai +11 other locations,680,9
5701,NullClass,3.6,(193),Bengaluru +23 other locations,157,--
5702,Al-Futtaim Group,3.9,(192),Retail | Dubai +18 other locations,505,--
5703,Vijay Tanks & Vessels,4.2,(192),Engineering & Construction | Vadodara +20 other locations,741,--
5704,OEN India,4.1,(192),Auto Components | Pune +12 other locations,890,--
5705,Laxmi India Finleasecap,3.9,(197),Jaipur +59 other locations,482,9
5706,Affine,3.3,(192),IT Services & Consulting | Bengaluru +5 other locations,1.4k,8
5707,A3logics,3.6,(192),IT Services & Consulting | Jaipur +5 other locations,772,--
5708,Cholayil Private Limited,4.0,(192),FMCG | Chennai +32 other locations,657,1
5709,Nuance Transcription Services,4.1,(192),IT Services & Consulting | Bengaluru +10 other locations,536,--
5710,Axalta Coating Systems,4.0,(192),Chemicals | Vadodara +25 other locations,803,5
5711,Knoldus Inc,3.8,(192),IT Services & Consulting | Noida +3 other locations,503,1
5712,Jagran New Media,3.3,(192),Internet | Noida +8 other locations,633,1
5713,Three D Integrated Solutions Ltd,3.1,(192),Aviation | Gurugram +27 other locations,619,25
5714,Medecins Sans Frontieres,4.3,(192),Non-Profit | Mumbai +38 other locations,395,--
5715,Abu Dhabi National Hotels,4.0,(192),Hospitality | Abu Dhabi +9 other locations,277,--
5716,Marolix Technology Solutions,2.8,(192),IT Services & Consulting | Hyderabad +3 other locations,1k,--
5717,Hurix Digital,3.1,(192),IT Services & Consulting | Mumbai +6 other locations,1.1k,--
5718,CodSoft,3.8,(192),New Delhi +34 other locations,145,--
5719,Cosmos Impex,4.2,(192),Industrial Machinery | Vadodara +20 other locations,953,9
5720,Vensure Employer Services,3.8,(192),Recruitment | Noida +4 other locations,247,34
5721,Air India Express,3.3,(192),Aviation | New Delhi +26 other locations,969,6
5722,Nyx-medical Solutions,3.2,(192),Analytics & KPO | Bengaluru +7 other locations,725,--
5723,Indel Money,3.9,(192),NBFC | Kochi +71 other locations,560,28
5724,Google Maps,4.8,(192),Internet | Hyderabad +26 other locations,156,--
5725,Eurofins Scientific,3.3,(192),"Testing, Inspection and Certification (TIC) | Bengaluru +20 other locations",1.4k,392
5726,Maharaja Agrasen Hospital,3.7,(192),Healthcare | New Delhi +13 other locations,728,12
5727,Flender,3.7,(192),Industrial Machinery | Chennai +5 other locations,1k,3
5728,Manitou Equipment India,4.3,(192),Industrial Machinery | Greater Noida +11 other locations,854,--
5729,Jindal (India) Limited,4.0,(192),Iron & Steel | Kolkata +8 other locations,277,--
5730,Godrej Appliances,3.7,(192),Consumer Electronics & Appliances | Pune +46 other locations,656,--
5731,NMDC Steels,3.8,(192),Iron & Steel | Jagdalpur +17 other locations,599,--
5732,AXIS Solutions,3.3,(191),Industrial Automation | Hyderabad +17 other locations,734,5
5733,ICT Service Management Solutions,3.4,(191),IT Services & Consulting | Bengaluru +11 other locations,614,1
5734,Vegrow,3.8,(191),Internet | Bengaluru +25 other locations,879,7
5735,Motorola Solutions,3.9,(191),Telecom | Bengaluru +25 other locations,1.6k,47
5736,Jasmin Infotech,3.9,(191),Hardware & Networking | Chennai +2 other locations,1.5k,4
5737,University Living Accommodation,3.9,(191),Internet | Noida +6 other locations,503,24
5738,FedServ,3.6,(191),Banking | Visakhapatnam +24 other locations,1k,2
5739,Adcock Ingram,3.9,(191),Pharma | Bengaluru +12 other locations,851,--
5740,AXIS Solutions,3.3,(191),Industrial Automation | Hyderabad +17 other locations,734,5
5741,University Living Accommodation,3.9,(191),Internet | Noida +6 other locations,503,24
5742,CETPA InfoTech,3.5,(191),IT Services & Consulting | Noida +10 other locations,758,1
5743,FedServ,3.6,(191),Banking | Visakhapatnam +24 other locations,1k,2
5744,Cadsys,3.5,(191),IT Services & Consulting | Hyderabad +4 other locations,501,1
5745,Philip Morris International,4.2,(192),FMCG | New Delhi +44 other locations,678,--
5746,Jasmin Infotech,3.9,(191),Hardware & Networking | Chennai +2 other locations,1.5k,4
5747,Motorola Solutions,3.9,(191),Telecom | Bengaluru +25 other locations,1.6k,47
5748,Vertafore,3.8,(191),IT Services & Consulting | Hyderabad +2 other locations,1.7k,2
5749,Hi-Tech,3.7,(191),Education & Training | New Delhi +58 other locations,1.2k,2
5750,Oasis Infobyte,4.1,(191),IT Services & Consulting | Pune +27 other locations,136,--
5751,Ruby General Hospital,3.3,(191),Healthcare | Kolkata +6 other locations,693,8
5752,Anion Healthcare Services,3.9,(191),Healthcare | Hyderabad +4 other locations,651,4
5753,Exponentia.ai,3.7,(191),Emerging Technologies | Mumbai +7 other locations,765,57
5754,Sun Direct TV,3.8,(191),Telecom | Chennai +50 other locations,627,4
5755,Brnd.Me,3.7,(191),Internet | Bengaluru +12 other locations,832,13
5756,Sula Vineyards,4.1,(191),Food Processing | Nashik +16 other locations,777,--
5757,Solugenix India Private Limited,3.1,(191),IT Services & Consulting | Hyderabad +3 other locations,1.7k,20
5758,SOS Children's Village,3.4,(191),Non-Profit | New Delhi +31 other locations,484,13
5759,Empower Pragati,3.7,(190),Education & Training | New Delhi +54 other locations,473,3
5760,Oswal Castings,3.6,(190),Metals & Mining | Faridabad +10 other locations,702,--
5761,Epitome Components,3.3,(190),Electrical Equipment | Ahilyanagar +10 other locations,824,1
5762,Osam Dairy,3.9,(190),Agriculture | Ranchi +20 other locations,444,4
5763,HeyCoach,4.0,(190),Education & Training | Bengaluru +7 other locations,188,8
5764,Epson,4.2,(190),IT Services & Consulting | Bengaluru +52 other locations,626,--
5765,Clean Science And Technology,3.5,(190),Chemicals | Pune +5 other locations,988,6
5766,Ester Industries,4.0,(190),Petrochemicals | Khatima +12 other locations,785,--
5767,Nipro India Corporation,3.2,(190),Healthcare | Pune +16 other locations,931,1
5768,Vivimed Labs,3.3,(190),Chemicals | Hyderabad +12 other locations,828,3
5769,The Souled Store,3.2,(190),Fashion & Textile | Mumbai +19 other locations,659,--
5770,Repro India,3.3,(190),FMCG | Mumbai +15 other locations,870,7
5771,Vandana Global,2.9,(190),Iron & Steel | Raipur +5 other locations,801,10
5772,Laxmi Remote India,3.3,(190),Pharma | Noida +8 other locations,701,6
5773,Sel Manufacturing Co.,3.8,(190),Fashion & Textile | Ludhiana +14 other locations,678,--
5774,Radheya Machining,3.6,(190),Industrial Machinery | Pune +17 other locations,673,--
5775,Competition Team Technology,3.6,(190),Electronics Manufacturing | Chennai +5 other locations,1.1k,--
5776,Green Gene Enviro Protection And Infrastructure,3.5,(190),Waste Management | Faridabad +27 other locations,537,--
5777,Talentica Software,4.1,(190),IT Services & Consulting | Pune +5 other locations,1.5k,27
5778,Godrej Capital,3.5,(216),Financial Services | Mumbai +26 other locations,1.4k,--
5779,Apps Associates,3.8,(190),IT Services & Consulting | Hyderabad +6 other locations,1.4k,13
5780,Green Gene Enviro Protection And Infrastructure,3.5,(190),Waste Management | Faridabad +27 other locations,537,--
5781,Godrej Capital,3.5,(216),Financial Services | Mumbai +26 other locations,1.4k,--
5782,Competition Team Technology,3.6,(190),Electronics Manufacturing | Chennai +5 other locations,1.1k,--
5783,Apps Associates,3.8,(190),IT Services & Consulting | Hyderabad +6 other locations,1.4k,13
5784,Talentica Software,4.1,(190),IT Services & Consulting | Pune +5 other locations,1.5k,27
5785,ILJIN AUTOMOTIVE,3.6,(190),Automobile | Chennai +13 other locations,753,--
5786,Gennova Biopharmaceuticals,4.3,(190),Pharma | Pune +9 other locations,818,1
5787,Webasto Roofsystems India,3.9,(190),Automobile | Pune +9 other locations,892,--
5788,Mangalam Landmarks,4.7,(190),Real Estate | Pune +2 other locations,130,17
5789,Jabsons Foods,4.0,(190),Food Processing | Bharuch +33 other locations,428,6
5790,Mantra Softech,3.9,(190),IT Services & Consulting | Ahmedabad +23 other locations,1.1k,7
5791,Monnet Group,4.5,(189),Metals & Mining | Raigarh +18 other locations,447,--
5792,Karuna Greentech,4.5,(189),Electrical Equipment | Kolkata +17 other locations,132,--
5793,Reventics,3.9,(189),Healthcare | Hyderabad +1 other locations,873,--
5794,EDR Continuous Information,2.9,(192),IT Services & Consulting | Chennai +2 other locations,804,4
5795,Bhansali Engineering Polymers,3.4,(189),Petrochemicals | Abu Road +13 other locations,740,1
5796,Txd (india) Technology,3.9,(189),Electronics Manufacturing | Rewari +12 other locations,781,--
5797,Tonglit Autogistic,3.7,(190),Logistics | Chennai +14 other locations,733,3
5798,VAYA Finserv,4.0,(189),Financial Services | Hyderabad +48 other locations,448,--
5799,Neosym Industry,3.9,(189),Auto Components | Pune +8 other locations,737,--
5800,Tonglit Autogistic,3.7,(190),Logistics | Chennai +14 other locations,733,3
5801,Karuna Greentech,4.5,(189),Electrical Equipment | Kolkata +17 other locations,132,--
5802,Monnet Group,4.5,(189),Metals & Mining | Raigarh +18 other locations,447,--
5803,Tirupati Medicare,4.4,(189),Pharma | Paonta Sahib +14 other locations,631,3
5804,Reventics,3.9,(189),Healthcare | Hyderabad +1 other locations,873,--
5805,Neosym Industry,3.9,(189),Auto Components | Pune +8 other locations,737,--
5806,EDR Continuous Information,2.9,(192),IT Services & Consulting | Chennai +2 other locations,804,4
5807,Bullmen Realty,3.1,(189),Real Estate | Noida +13 other locations,753,6
5808,Hoonartek,3.5,(189),IT Services & Consulting | Pune +7 other locations,1.5k,11
5809,J Mitra And Co,3.8,(189),Medical Equipment | New Delhi +22 other locations,523,10
5810,Expeditors International,3.8,(189),Logistics | Chennai +21 other locations,1.2k,2
5811,Nippon Data Systems,3.6,(189),IT Services & Consulting | New Delhi +26 other locations,1.1k,4
5812,Integrated Resources,3.8,(189),Recruitment | Gurugram +6 other locations,684,--
5813,Monocept,3.4,(189),Software Product | Hyderabad +5 other locations,1.2k,1
5814,Godavari Krishna Co-operative Society,4.8,(189),Financial Services | Vijayawada +17 other locations,91,6
5815,Advids,3.7,(189),Marketing & Advertising | Pune +12 other locations,309,--
5816,Sahyadri Industries,3.3,(189),Building Material | Pune +27 other locations,796,--
5817,Illusion Dental Laboratory,3.3,(189),Medical Equipment | Mumbai +27 other locations,565,6
5818,HPM Chemicals & Fertilizers,4.2,(188),Agro Chemicals | New Delhi +32 other locations,450,--
5819,"L&T Construction, Mining and Industrial Machinery",4.0,(188),Industrial Machinery | Bengaluru +42 other locations,369,--
5820,HPM Chemicals & Fertilizers,4.2,(188),Agro Chemicals | New Delhi +32 other locations,450,--
5821,"L&T Construction, Mining and Industrial Machinery",4.0,(188),Industrial Machinery | Bengaluru +42 other locations,369,--
5822,DSM Infocom,2.7,(188),IT Services & Consulting | Mumbai +38 other locations,433,--
5823,Cogniter Technologies,3.4,(188),IT Services & Consulting | Hyderabad +21 other locations,2.6k,56
5824,Ducat,3.4,(188),Education & Training | Noida +12 other locations,654,--
5825,Ministry of Home Affairs,4.2,(188),Government | New Delhi +30 other locations,2k,--
5826,Aeon Credit Service,3.4,(188),Financial Services | Mumbai +12 other locations,612,--
5827,Arabtec Construction,4.7,(187),Engineering & Construction | New Delhi +13 other locations,428,--
5828,Tata Institute of Social Sciences,4.3,(188),Education & Training | Mumbai +35 other locations,701,--
5829,DS-MAX Properties,3.5,(188),Real Estate | Bengaluru +8 other locations,894,4
5830,Hubergroup,3.9,(188),Chemicals | Vapi +13 other locations,839,--
5831,Kiran Foreign Trade,3.0,(188),Software Product | Sahibzada Ajit Singh Nagar +10 other locations,861,--
5832,Gulf Asia Contracting,3.3,(188),Engineering & Construction | Chennai +21 other locations,615,--
5833,CoLive,3.9,(188),Real Estate | Bengaluru +9 other locations,666,12
5834,Krishi Rasayan Exports,3.9,(188),Import & Export | Ankleshwar +39 other locations,653,--
5835,Rexel,3.6,(188),Industrial Automation | Pune +25 other locations,930,3
5836,Primus Techsystems,3.4,(188),IT Services & Consulting | Pune +10 other locations,1.2k,--
5837,Deutsche Telekom Digital Labs,3.6,(202),Software Product | Gurugram +5 other locations,1.7k,15
5838,Laxmi-Agni Components and Forging,3.5,(188),Industrial Machinery | Chhatrapati Sambhajinagar +8 other locations,619,--
5839,Timezone Entertainment,3.5,(188),Events | Mumbai +34 other locations,499,--
5840,Krishi Rasayan Exports,3.9,(188),Import & Export | Ankleshwar +39 other locations,653,--
5841,Rexel,3.6,(188),Industrial Automation | Pune +25 other locations,930,3
5842,Dew Solutions,3.5,(188),IT Services & Consulting | Gurugram +11 other locations,1.2k,--
5843,Primus Techsystems,3.4,(188),IT Services & Consulting | Pune +10 other locations,1.2k,--
5844,Icl Fincorp,3.2,(188),NBFC | Thrissur +32 other locations,622,14
5845,SmartWorld Developers,4.2,(188),Real Estate | Gurugram +3 other locations,832,1
5846,Kifs Housing Finance,3.6,(189),Financial Services | Mumbai +68 other locations,515,4
5847,Mobile Premier League,3.7,(187),Gaming | Bengaluru +12 other locations,1.4k,7
5848,Dmi Housing Finance,4.0,(187),Financial Services | New Delhi +39 other locations,574,20
5849,CapitalVia,4.0,(187),Analytics & KPO | Indore +8 other locations,373,--
5850,DB Engineering & Consulting,4.2,(187),Engineering & Construction | Bengaluru +12 other locations,791,1
5851,i-Source Infosystems,3.7,(187),IT Services & Consulting | Pune +17 other locations,778,2
5852,Mitsubishi Power India,4.4,(187),Industrial Machinery | Bengaluru +16 other locations,812,1
5853,Jayanita Exports,3.5,(187),Furniture & Furnishing | Greater Noida +11 other locations,667,1
5854,E2logy Software Solutions,4.1,(188),IT Services & Consulting | Noida +2 other locations,215,10
5855,Azure Hospitality,4.0,(187),Hospitality | New Delhi +13 other locations,566,--
5856,Kumaran Systems,3.4,(187),IT Services & Consulting | Chennai +5 other locations,1.6k,23
5857,Emirates NBD,2.8,(187),Banking | Bengaluru +14 other locations,1.1k,--
5858,Oliva Skin and Hair Clinics,3.8,(187),Healthcare | Hyderabad +11 other locations,597,8
5859,Mentorsity,4.4,(187),EdTech | New Delhi +11 other locations,56,--
5860,Paranjape Schemes (Construction) Limited,3.2,(187),Real Estate | Pune +9 other locations,849,--
5861,Royal Cyber,3.3,(187),IT Services & Consulting | Bengaluru +9 other locations,1.3k,80
5862,CIGNEX,3.9,(187),IT Services & Consulting | Bengaluru +11 other locations,1.2k,36
5863,Edunext Technologies,3.4,(187),EdTech | Noida +12 other locations,571,5
5864,Emversity,4.0,(187),Education & Training | Bengaluru +23 other locations,188,4
5865,Gameskraft,4.2,(187),Software Product | Bengaluru +2 other locations,1.3k,20
5866,R-Logic Technology Services,4.1,(186),IT Services & Consulting | Bengaluru +8 other locations,560,--
5867,FreshersNow,4.0,(186),Hyderabad +39 other locations,217,--
5868,CloudMoyo,4.0,(186),Software Product | Pune +3 other locations,1.2k,11
5869,Government of Bihar,3.5,(186),Government | Patna +33 other locations,531,--
5870,BookMyShow,3.7,(186),Internet | Mumbai +13 other locations,1.2k,1
5871,Goibibo,2.6,(186),Internet | Gurugram +19 other locations,811,26
5872,Systopic Laboratories,4.4,(186),Pharma | New Delhi +51 other locations,342,16
5873,Agrim,2.9,(186),Agriculture | Gurugram +14 other locations,782,32
5874,Truemeds,3.5,(186),Pharma | Mumbai +21 other locations,858,90
5875,M*Modal,3.6,(186),IT Services & Consulting | Bengaluru +10 other locations,472,--
5876,Eglo India,3.3,(186),Consumer Electronics & Appliances | Bawal +9 other locations,771,--
5877,Ican BPO,4.4,(186),BPO | Thane +3 other locations,239,--
5878,Param Renewable Energy,3.9,(190),Power | Bengaluru +38 other locations,518,--
5879,Vmoksha Technologies,4.5,(186),IT Services & Consulting | Bengaluru +4 other locations,524,--
5880,LawSikho,4.0,(186),New Delhi +9 other locations,362,4
5881,Delhi World Public School,3.6,(187),Education & Training | Kolkata +58 other locations,668,5
5882,Sims Hospital,3.9,(186),Healthcare | Chennai +18 other locations,832,1
5883,insightsoftware,3.6,(186),Software Product | Hyderabad +5 other locations,948,8
5884,Object Technology Solutions,3.8,(186),IT Services & Consulting | Hyderabad +11 other locations,1.3k,8
5885,Fortune Marketing,3.7,(186),Hardware & Networking | New Delhi +31 other locations,833,--
5886,House Of Diagnostics,4.1,(186),Healthcare | New Delhi +4 other locations,718,6
5887,Soch Apparels,4.4,(186),Fashion & Textile | Bengaluru +41 other locations,657,--
5888,Cheema Boilers,4.2,(186),Industrial Machinery | Sahibzada Ajit Singh Nagar +13 other locations,756,5
5889,Maharishi Markandeshwar University,3.6,(186),Education & Training | Ambala +9 other locations,542,1
5890,LS Automotive India,3.5,(186),Auto Components | Chennai +6 other locations,980,--
5891,Danblock Brakes,3.9,(186),Industrial Machinery | Sonipat +8 other locations,695,--
5892,Massive Restaurants,3.9,(186),Hospitality | New Delhi +17 other locations,635,--
5893,Biorad Medisys,3.8,(186),Healthcare | Pune +13 other locations,918,2
5894,BGD Tech PVT LTD,4.3,(186),IT Services & Consulting | Bengaluru +2 other locations,195,--
5895,TekisHub Consulting Services,3.9,(186),IT Services & Consulting | Hyderabad +13 other locations,973,--
5896,NTC Logistics India,4.1,(185),Logistics | Chennai +23 other locations,918,--
5897,Enrich Hair And Skin Solutions,3.6,(185),Beauty & Personal Care | Mumbai +11 other locations,667,--
5898,Aditya Anagha Multi State Credit Co-Operative Society,4.8,(185),Banking | Nagpur +30 other locations,106,--
5899,HLE Glascoat,3.3,(185),Industrial Machinery | Anand +9 other locations,768,--
5900,Amtex Systems,3.0,(186),IT Services & Consulting | Chennai +7 other locations,1.1k,6
5901,ARC Document Solutions,2.8,(185),Printing & Publishing | Kolkata +4 other locations,797,4
5902,Zuari Agro Chemicals,3.9,(185),Agro Chemicals | Vasco Da Gama +55 other locations,643,--
5903,Givaudan,4.1,(185),Beauty & Personal Care | Pune +10 other locations,1k,13
5904,World Health Organization,3.9,(185),Government | New Delhi +85 other locations,347,--
5905,Fermenta Biotech,4.2,(185),Biotechnology | Bharuch +12 other locations,1k,--
5906,Tech Mahindra Foundation,4.1,(185),Non-Profit | New Delhi +23 other locations,550,20
5907,Lubrizol Corporation,4.2,(185),Chemicals | Mumbai +10 other locations,873,18
5908,Meritto,3.4,(185),Internet | Gurugram +11 other locations,1k,17
5909,Ubique Systems,3.8,(185),Recruitment | Kolkata +11 other locations,707,1
5910,Apollo Telehealth Services,3.9,(185),Healthcare | Hyderabad +41 other locations,614,--
5911,Profinch Solutions,3.5,(185),FinTech | Bengaluru +6 other locations,1.4k,12
5912,NRP Projects,4.0,(185),Engineering & Construction | Chennai +28 other locations,698,1
5913,PS Group,3.7,(185),Real Estate | Kolkata +10 other locations,719,--
5914,KayBee Bio Organics,3.8,(186),Agro Chemicals | Pune +15 other locations,349,15
5915,Gokul Agro Resources,3.8,(185),FMCG | Gandhidham +17 other locations,850,9
5916,Tata Main Hospital,3.8,(185),Healthcare | Jamshedpur +11 other locations,523,--
5917,Open Financial Technologies Private Limited,3.2,(185),FinTech | Bengaluru +12 other locations,1.1k,4
5918,India Post Payments Bank,4.3,(198),Government | New Delhi +85 other locations,624,--
5919,Fiat Chrysler Automobiles,3.7,(185),Automobile | Chennai +12 other locations,1.1k,2
5920,Value Rcm Solutions,4.1,(185),Analytics & KPO | Kolkata +1 other locations,363,2
5921,INDIA TODAY GROUP,3.6,(185),Media & Entertainment | Noida +12 other locations,1.1k,--
5922,Modern Automotives,3.9,(185),Auto Components | Gurugram +20 other locations,745,11
5923,Samsung Semiconductor,3.2,(185),Semiconductors | Bengaluru +6 other locations,1.5k,--
5924,ACUTAAS CHEMICALS LIMITED,3.7,(185),Pharma | Surat +8 other locations,1k,--
5925,TALENTEDGE,3.2,(184),EdTech | Pune +11 other locations,938,1
5926,Hyundai Heavy Industries,3.7,(184),Industrial Machinery | Pune +17 other locations,370,--
5927,Psychotropics India,3.9,(184),Pharma | Haridwar +17 other locations,653,1
5928,Biesse Manufacturing,3.6,(184),Architecture & Interior Design | Bengaluru +8 other locations,924,--
5929,INFRES METHODEX,3.2,(184),Industrial Automation | New Delhi +40 other locations,564,--
5930,Carwale,3.4,(184),Internet | Mumbai +21 other locations,1.1k,7
5931,Walstar Technologies,4.1,(184),IT Services & Consulting | Kolhapur +3 other locations,438,6
5932,NexTurn,3.9,(184),IT Services & Consulting | Hyderabad +2 other locations,303,57
5933,Salasar Techno Engineering,4.1,(185),Iron & Steel | Ghaziabad +24 other locations,889,8
5934,Roha Housing Finance,3.6,(184),Financial Services | New Delhi +38 other locations,591,1
5935,Ginni Filaments,4.0,(184),Fashion & Textile | Noida +15 other locations,744,--
5936,HEUBACH Colour,4.0,(184),Chemicals | Ankleshwar +14 other locations,907,--
5937,Gates,3.7,(184),Industrial Automation | Faridabad +19 other locations,929,8
5938,SPJ group,4.1,(185),Real Estate | New Delhi +14 other locations,197,6
5939,ASK-EHS Engineering & Consultants,3.6,(184),Engineering & Construction | Surat +32 other locations,608,11
5940,Programming.Com,3.5,(184),IT Services & Consulting | Gurugram +13 other locations,633,98
5941,Fabtech Projects & Engineers,3.8,(184),Engineering & Construction | Pune +20 other locations,781,1
5942,Inteva Products,3.6,(184),Auto Components | Bengaluru +3 other locations,1.1k,--
5943,Eagle Infra,4.0,(188),Engineering & Construction | Mumbai +46 other locations,862,--
5944,International Travel House,3.9,(184),Hospitality | New Delhi +20 other locations,644,5
5945,Hotel Parle International,3.8,(184),Travel & Tourism | Mumbai +71 other locations,851,2
5946,Futurism Technologies,3.6,(184),IT Services & Consulting | Pune +3 other locations,1.1k,--
5947,Bygging India,3.9,(184),Engineering & Construction | New Delhi +35 other locations,633,10
5948,Nandi Toyota,3.8,(184),Automobile | Bengaluru +6 other locations,525,--
5949,Accutest Research Laboratories,3.2,(184),Clinical Research | Mumbai +7 other locations,766,--
5950,Celon Laboratories,3.4,(184),Pharma | Hyderabad +23 other locations,795,4
5951,Hogarth Worldwide,3.4,(184),Marketing & Advertising | Chennai +7 other locations,1.6k,2
5952,L&T Infrastructure Development Projects,4.0,(184),Engineering & Construction | Chennai +39 other locations,1.1k,--
5953,Lumiq,3.3,(184),IT Services & Consulting | Noida +4 other locations,794,4
5954,Capricorn Logistics,3.6,(184),Logistics | Mumbai +23 other locations,704,10
5955,Kumar Organic Products,3.6,(184),Chemicals | Bengaluru +16 other locations,877,9
5956,Stedman Pharmaceuticals,4.1,(184),Pharma | Chennai +30 other locations,332,6
5957,CPC Diagnostics,3.7,(184),Medical Equipment | Chennai +29 other locations,605,1
5958,Privi Speciality Chemicals,3.8,(185),Chemicals | Mahad +13 other locations,833,4
5959,Zentiva,4.2,(184),Pharma | Ankleshwar +7 other locations,791,15
5960,Towell Engineering Group,3.7,(183),Engineering & Construction | Muscat +13 other locations,499,--
5961,Sunera Technologies,3.5,(183),IT Services & Consulting | Hyderabad +5 other locations,1.7k,--
5962,Excel Industries,3.9,(183),Agro Chemicals | Mumbai +24 other locations,917,--
5963,Ambuja Cement Foundation,3.9,(183),Non-Profit | Jaipur +62 other locations,481,2
5964,Virbac Animal Health,4.1,(183),Pharma | Mumbai +57 other locations,378,--
5965,Gangavaram Port,3.4,(183),Ports & Shipping | Visakhapatnam +8 other locations,593,--
5966,Godrej Tyson Food,4.0,(183),Food Processing | Mumbai +34 other locations,720,--
5967,Four Seasons Hotel,3.8,(183),Hospitality | Mumbai +20 other locations,581,17
5968,Solverminds Solutions and Technologies,3.3,(183),IT Services & Consulting | Chennai +4 other locations,1.3k,13
5969,C.G. Marketing,4.0,(183),Marketing & Advertising | Pune +20 other locations,528,--
5970,CivilMantra Infracon Private Limited,3.8,(190),Engineering & Construction | Gurugram +4 other locations,214,4
5971,Mukand Sumi Special Steel,3.7,(191),Iron & Steel | Hosapete +9 other locations,666,--
5972,UTI Asset Management Company,3.8,(183),Financial Services | Mumbai +58 other locations,774,--
5973,TalentServe,2.0,(183),Software Product | Mumbai +8 other locations,123,--
5974,"MIDLAND CREDIT MANAGEMENT, INC.",3.7,(183),Financial Services | Gurugram +6 other locations,837,11
5975,Toyo INK,4.1,(183),Chemicals | Greater Noida +14 other locations,857,--
5976,Overseas Health Care,3.1,(183),Pharma | Phillaur +42 other locations,440,--
5977,Kundan Group,3.2,(183),Jewellery | New Delhi +21 other locations,631,9
5978,Celio Future Fashion,4.5,(183),Retail | Mumbai +47 other locations,421,--
5979,APOLLO POWER SYSTEMS,3.8,(183),Electrical Equipment | Bengaluru +9 other locations,571,1
5980,Target Engineering Construction Company,3.9,(183),Engineering & Construction | Abu Dhabi +16 other locations,474,--
5981,HomeBazaar.com,3.7,(183),Real Estate | Mumbai +9 other locations,629,112
5982,SILA Group (India),3.6,(183),Internet | Mumbai +22 other locations,646,--
5983,Symed Labs,3.7,(183),Pharma | Hyderabad +5 other locations,639,2
5984,The Hindu Group,3.9,(183),Printing & Publishing | Chennai +19 other locations,899,2
5985,AlmaBetter,3.8,(183),Bengaluru +11 other locations,746,3
5986,Citylife Retail,4.0,(182),Retail | Kolkata +46 other locations,361,--
5987,Advantage One Tax Consulting,4.0,(182),Financial Services | Hyderabad +4 other locations,541,--
5988,JK Agri Genetics,3.6,(183),Biotechnology | Hyderabad +51 other locations,417,3
5989,Childline India Foundation,4.2,(182),Non-Profit | Mumbai +69 other locations,398,--
5990,Sadhu Forging,3.6,(182),Industrial Machinery | Faridabad +8 other locations,724,--
5991,Heavy Engineering Corporation,3.6,(182),Engineering & Construction | Ranchi +9 other locations,729,--
5992,NMTronics India Private Limited,3.2,(182),Electronics Manufacturing | Noida +10 other locations,447,6
5993,Accurate Engineering Company,3.2,(182),Industrial Machinery | Pune +26 other locations,911,18
5994,SkilloVilla,4.1,(182),Education & Training | Bengaluru +3 other locations,248,4
5995,DesiCrew Solutions,3.2,(182),Financial Services | Chennai +14 other locations,695,16
5996,Krystal Integrated Services Limited,4.1,(182),Facility Management Services | Mumbai +25 other locations,715,4
5997,Fangs Technology,4.1,(182),Consumer Electronics & Appliances | Chennai +24 other locations,734,--
5998,Monginis Foods,3.5,(182),Food Processing | Mumbai +28 other locations,682,--
5999,Sequretek It Solutions,3.4,(182),Emerging Technologies | Mumbai +10 other locations,1.1k,12
6000,Cyient DLM,3.9,(182),Hyderabad +5 other locations,784,--
6001,Raptim Research,4.4,(182),Clinical Research | Mumbai +4 other locations,921,--
6002,Edunet Foundation,4.1,(182),Non-Profit | Bengaluru +44 other locations,336,--
6003,EbixCash Financial Technologies,2.9,(182),IT Services & Consulting | Pune +14 other locations,1.1k,8
6004,SAT n paper,4.4,(182),New Delhi +4 other locations,137,2
6005,Burman Hospitality,3.8,(182),Hospitality | New Delhi +26 other locations,642,9
6006,Phenix Construction Technologies,4.0,(182),Engineering & Construction | Ahmedabad +13 other locations,769,--
6007,Zenoti,2.8,(182),IT Services & Consulting | Hyderabad +3 other locations,1.5k,35
6008,Invenio Business Solutions,3.5,(182),IT Services & Consulting | Hyderabad +6 other locations,1.5k,17
6009,Jehangir Hospital,3.9,(182),Healthcare | Pune +5 other locations,655,13
6010,Maksat Technologies,3.4,(182),Telecom | New Delhi +36 other locations,618,--
6011,Ring Plus Aqua,4.2,(182),Auto Components | Nashik +7 other locations,694,--
6012,Dr. Willmar Schwabe India,3.9,(182),Healthcare | Noida +29 other locations,470,1
6013,Bambino Agro Industries,4.0,(182),Food Processing | Hyderabad +30 other locations,753,1
6014,Private Practice,4.5,(182),New Delhi +74 other locations,3.1k,--
6015,Evonith Steel,3.9,(182),Iron & Steel | Wardha +6 other locations,508,--
6016,Afflatus Gravures,3.8,(182),Printing & Publishing | Noida +13 other locations,680,5
6017,The Pride Hotel,3.1,(182),Hospitality | Pune +22 other locations,686,15
6018,Reliance Smart Point,4.3,(182),Bengaluru +77 other locations,404,--
6019,DesignCafe,3.3,(182),Architecture & Interior Design | Bengaluru +9 other locations,1.2k,40
6020,Essencea Infoserv,2.7,(182),BPO | Hyderabad +7 other locations,464,--
6021,Rimini Street,4.0,(182),IT Services & Consulting | Hyderabad +2 other locations,907,35
6022,SEO Discovery,4.8,(182),Financial Services | Sahibzada Ajit Singh Nagar +4 other locations,198,3
6023,Shakti Hormann,3.7,(182),Building Material | Hyderabad +16 other locations,681,26
6024,Incrementors Web Solutions,3.9,(181),Financial Services | New Delhi +3 other locations,186,--
6025,Prione Business Services,4.4,(181),Retail | Bengaluru +24 other locations,809,--
6026,Jeena & Company,3.6,(182),Logistics | Mumbai +24 other locations,624,11
6027,Simpa Energy,4.6,(181),Power | Noida +32 other locations,338,--
6028,Laminaar Aviation Infotech,2.6,(181),IT Services & Consulting | Bengaluru +5 other locations,1.2k,--
6029,KerryIndev Logistics,3.8,(181),Logistics | Chennai +32 other locations,1.1k,--
6030,TechMojo Solutions,4.0,(181),IT Services & Consulting | Hyderabad +1 other locations,1.3k,13
6031,Cex Webuy Entertainment,3.4,(181),Retail | Mumbai +10 other locations,1.1k,9
6032,Gunnebo,3.7,(181),Defence & Aerospace | Vadodara +13 other locations,769,--
6033,C-quel Management Services,4.3,(181),Accounting & Auditing | Kolkata +14 other locations,208,--
6034,Central Institute of Plastics Engineering & Technology,3.8,(181),Education & Training | Chennai +36 other locations,630,--
6035,Commerce Pundit,4.3,(181),IT Services & Consulting | Ahmedabad +7 other locations,601,2
6036,Flowmore,3.5,(181),Industrial Machinery | Ghaziabad +16 other locations,809,--
6037,Creative Group,4.1,(181),Architecture & Interior Design | New Delhi +19 other locations,720,--
6038,Gpt Infraprojects,3.9,(181),Engineering & Construction | Kolkata +26 other locations,544,--
6039,Corrtech International,3.2,(181),Engineering & Construction | Ahmedabad +44 other locations,706,--
6040,Sagar Hospital,4.3,(181),Healthcare | Bengaluru +7 other locations,601,5
6041,Pegasus InfoCorp,2.8,(181),IT Services & Consulting | Mumbai +10 other locations,1.1k,--
6042,Ilensys Technologies,4.1,(182),Engineering & Construction | Hyderabad +3 other locations,1.1k,49
6043,Hurix Systems,3.6,(181),Content Development | Chennai +4 other locations,921,15
6044,DSM SOFT,3.0,(181),IT Services & Consulting | Tiruchirappalli +5 other locations,800,4
6045,Source One Management Services,3.6,(181),IT Services & Consulting | Bengaluru +11 other locations,768,--
6046,PC Financial Services,4.1,(181),Financial Services | Gurugram +4 other locations,510,1
6047,A2Z Infraservices,4.0,(181),Facility Management Services | New Delhi +22 other locations,456,3
6048,Panchshil Realty,4.2,(181),Real Estate | Pune +3 other locations,892,--
6049,Eicher Trucks and Buses,4.5,(181),Automobile | Indore +54 other locations,522,--
6050,SEG Automotive,3.9,(181),Auto Components | Bengaluru +7 other locations,1.2k,3
6051,U.S. Polo Assn,4.4,(181),Retail | Bengaluru +54 other locations,477,--
6052,Impresario Entertainment & Hospitality,4.2,(181),Travel & Tourism | Mumbai +16 other locations,622,2
6053,Intense Technologies,3.5,(181),IT Services & Consulting | Hyderabad +13 other locations,1.2k,1
6054,Graygraph Technologies Private Limited,4.4,(181),IT Services & Consulting | Noida +5 other locations,598,5
6055,WNS Denali,3.4,(181),Management Consulting | Pune +10 other locations,750,--
6056,Bajaj Markets,3.0,(196),FinTech | Pune +17 other locations,1.2k,--
6057,Shemaroo Entertainment,3.5,(181),Media & Entertainment | Mumbai +3 other locations,1k,5
6058,Vehere Technologies,4.5,(181),IT Services & Consulting | Kolkata +7 other locations,296,19
6059,Sigma Supply Chain Solutions,3.4,(181),Logistics | Noida +46 other locations,458,--
6060,DSM SOFT,3.0,(181),IT Services & Consulting | Tiruchirappalli +5 other locations,800,4
6061,Hurix Systems,3.6,(181),Content Development | Chennai +4 other locations,921,15
6062,SEG Automotive,3.9,(181),Auto Components | Bengaluru +7 other locations,1.2k,3
6063,Auto Ignition,3.6,(181),Auto Components | Faridabad +9 other locations,639,--
6064,Burger Singh,3.6,(181),Hospitality | New Delhi +30 other locations,551,14
6065,Vikas Money,4.7,(181),NBFC | Palakkad +9 other locations,53,--
6066,PPMS Field Marketing,3.9,(181),Marketing & Advertising | Chennai +34 other locations,483,--
6067,Hero Future Energies,4.1,(181),Power | New Delhi +19 other locations,937,--
6068,Indian Council of Medical Research,4.2,(180),Healthcare | New Delhi +40 other locations,659,--
6069,Cloudstrats Technologies,3.1,(180),IT Services & Consulting | Mumbai +12 other locations,359,--
6070,OASYS Tech Solutions,3.7,(180),IT Services & Consulting | Bhubaneswar +16 other locations,531,--
6071,Labtron Equipment,3.4,(180),Hyderabad +9 other locations,295,--
6072,Reliance Corporate IT Park,4.0,(180),Mumbai +38 other locations,677,--
6073,Bharat Benz,4.3,(180),Automobile | Chennai +78 other locations,544,--
6074,Appiness Interactive,4.4,(180),IT Services & Consulting | Bengaluru +5 other locations,578,6
6075,Ess Kay Group,3.6,(180),Industrial Machinery | Greater Noida +15 other locations,615,1
6076,Li & Fung,3.9,(180),Electrical Equipment | Gurugram +12 other locations,704,4
6077,Inspiredge IT Solutions,3.9,(180),IT Services & Consulting | Visakhapatnam +4 other locations,969,3
6078,Muthoot Mercantile,3.4,(183),NBFC | Thiruvananthapuram +52 other locations,559,4
6079,Sistema Shyam Teleservices,4.9,(180),Telecom | Gurugram +42 other locations,242,--
6080,Muthoot Mercantile,3.4,(183),NBFC | Thiruvananthapuram +52 other locations,559,4
6081,Euronet Worldwide,3.5,(180),FinTech | Mumbai +10 other locations,1.3k,4
6082,Li & Fung,3.9,(180),Electrical Equipment | Gurugram +12 other locations,704,4
6083,Virinchi Technologies,3.2,(180),IT Services & Consulting | Hyderabad +5 other locations,1.1k,1
6084,Inspiredge IT Solutions,3.9,(180),IT Services & Consulting | Visakhapatnam +4 other locations,969,3
6085,AMBITION JOB,4.1,(180),Recruitment | Hyderabad +27 other locations,77,--
6086,Apollo Spectra Hospitals,4.4,(180),Healthcare | New Delhi +20 other locations,470,--
6087,GVK Group,3.8,(180),Engineering & Construction | Hyderabad +38 other locations,710,--
6088,Axa Parenterals,3.7,(180),Medical Equipment | Roorkee +9 other locations,733,--
6089,Birla Cellulose,3.5,(180),Pulp & Paper | Bharuch +15 other locations,737,--
6090,Ess Kay Group,3.6,(180),Industrial Machinery | Greater Noida +15 other locations,615,1
6091,Minda Stoneridge Instruments,3.4,(180),Auto Components | Pune +7 other locations,898,--
6092,Monomark Engineering,4.2,(180),Engineering & Construction | Chittorgarh +25 other locations,616,11
6093,Jarvis Technology and Strategy Consulting,3.3,(180),Management Consulting | New Delhi +38 other locations,790,2
6094,Labtron Equipment,3.4,(180),Hyderabad +9 other locations,295,--
6095,American InfoSource,3.4,(180),IT Services & Consulting | Vadodara +2 other locations,837,23
6096,Naresh i Technologies,4.0,(180),IT Services & Consulting | Hyderabad +10 other locations,653,9
6097,RT Network Solutions,3.3,(180),IT Services & Consulting | Kolkata +33 other locations,604,1
6098,IFB Agro Industries,4.0,(180),Beverage | Kolkata +31 other locations,679,--
6099,Bureau of Indian Standards,4.0,(180),Government | New Delhi +28 other locations,905,--
6100,Corient Business Solutions,3.2,(180),Accounting & Auditing | Mumbai +8 other locations,788,8
6101,Appiness Interactive,4.4,(180),IT Services & Consulting | Bengaluru +5 other locations,578,6
6102,Cinda Engineering & Construction,4.1,(180),Engineering & Construction | Noida +13 other locations,744,1
6103,cFIRST,3.8,(180),Recruitment | Ahmedabad +7 other locations,651,--
6104,Feedback Energy Distribution Company,3.5,(180),Power | Bhubaneswar +31 other locations,567,--
6105,Kent,3.6,(180),Financial Services | Noida +54 other locations,731,--
6106,Swipewire Technologies,3.8,(181),Software Product | Chennai +4 other locations,994,--
6107,Oswal Group,3.8,(180),Fashion & Textile | Ludhiana +15 other locations,670,1
6108,CTR Manufacturing Industries,3.7,(181),Industrial Machinery | Pune +10 other locations,829,51
6109,Kapil Chit Funds,4.0,(179),FinTech | Hyderabad +47 other locations,366,--
6110,Aptonline,3.3,(179),IT Services & Consulting | Hyderabad +6 other locations,1.2k,--
6111,Mitsuba,3.6,(179),Auto Components | Gurugram +12 other locations,712,--
6112,Radiant Appliances,4.1,(179),Electronics Manufacturing | Hyderabad +6 other locations,701,--
6113,Ghatge Patil Industries,3.9,(179),Industrial Machinery | Kolhapur +8 other locations,883,1
6114,Tata Memorial Hospital,4.1,(179),Healthcare | Mumbai +10 other locations,615,--
6115,Indus Motors,4.0,(179),Automobile | Kochi +32 other locations,649,5
6116,Tropilite Foods,3.6,(179),Food Processing | Gwalior +28 other locations,570,7
6117,Kamdhenu,3.7,(179),Building Material | Gurugram +45 other locations,550,9
6118,Mangal Industries,3.9,(179),Auto Components | Tirupati +19 other locations,738,--
6119,Teleminds Infotech,2.8,(179),BPO | Kolkata +2 other locations,656,2
6120,Vardhman Special Steels,4.0,(179),Iron & Steel | Ludhiana +5 other locations,673,9
6121,Cadworks India,4.8,(179),Design | New Delhi +6 other locations,61,--
6122,Qube Cinema Technologies,3.8,(179),Media & Entertainment | Chennai +11 other locations,779,43
6123,Miraj Group,4.0,(179),Printing & Publishing | Udaipur +26 other locations,757,--
6124,NHPC,4.2,(179),Power | Faridabad +25 other locations,480,--
6125,TPF Engineering,3.8,(179),Engineering & Construction | Mumbai +31 other locations,613,40
6126,Prgx India,3.4,(179),Accounting & Auditing | Pune +2 other locations,1.2k,63
6127,Elsevier,3.8,(179),Printing & Publishing | Bengaluru +10 other locations,1.3k,155
6128,Swelect Energy Systems,4.0,(179),Electrical Equipment | Chennai +41 other locations,502,--
6129,Target Publications,3.7,(179),Printing & Publishing | Mumbai +10 other locations,311,25
6130,Wepsol,3.6,(179),IT Services & Consulting | Bengaluru +21 other locations,806,2
6131,Allset Business Solutions,3.8,(179),BPO | Chennai +11 other locations,938,--
6132,S kant Healthcare Ltd,4.7,(179),Pharma | Vapi +8 other locations,481,4
6133,Zeon Lifesciences,4.0,(179),Fitness & Wellness | Paonta Sahib +6 other locations,682,14
6134,Swal Corporation,4.2,(179),Agro Chemicals | Pune +78 other locations,339,--
6135,Sulphur Mills,3.6,(179),Agro Chemicals | Mumbai +31 other locations,821,18
6136,Collage,4.2,(178),Retail | Hyderabad +78 other locations,435,--
6137,Tripjack,4.0,(178),Internet | Mumbai +11 other locations,600,42
6138,KP GROUP,4.1,(179),Logistics | Surat +28 other locations,520,594
6139,Sakarni Plaster,4.4,(178),Building Material | New Delhi +28 other locations,354,--
6140,National Aerospace Laboratories,4.3,(178),Defence & Aerospace | Bengaluru +2 other locations,781,--
6141,Lithium Urban Technologies,3.5,(178),Urban Transport | Bengaluru +13 other locations,663,3
6142,River Engineering,3.6,(178),Industrial Machinery | Greater Noida +10 other locations,839,--
6143,SmartSchool Education,4.6,(179),EdTech | Noida +13 other locations,434,2
6144,CR Asia,3.9,(178),Oil & Gas | Jamnagar +12 other locations,638,--
6145,Nippon Konpo,4.1,(178),Logistics | Gurugram +16 other locations,535,--
6146,alliantgroup,2.2,(190),Management Consulting | Hyderabad +3 other locations,1k,--
6147,Ansal Api,3.8,(178),Real Estate | New Delhi +17 other locations,456,--
6148,Cadmaxx Solutions,3.5,(178),IT Services & Consulting | Bengaluru +14 other locations,757,--
6149,MSV International,3.8,(178),Engineering & Construction | Gurugram +64 other locations,498,15
6150,Trellix,3.5,(178),Software Product | Bengaluru +3 other locations,1.4k,43
6151,SYNCHRONIZED SUPPLY SYSTEMS,4.0,(178),Logistics | Gurugram +19 other locations,621,--
6152,KDK Software,2.8,(179),Software Product | Jaipur +13 other locations,396,32
6153,Jubilant Industries,3.8,(178),Agro Chemicals | New Delhi +35 other locations,1.2k,--
6154,MaxVal Group,3.2,(178),IT Services & Consulting | Coimbatore +8 other locations,1k,13
6155,Qatar Petroleum,4.3,(178),Oil & Gas | Doha +11 other locations,388,--
6156,United Nations Development Programme,4.1,(178),Non-Profit | New Delhi +57 other locations,502,1
6157,Groupe SEB,3.4,(178),Consumer Electronics & Appliances | New Delhi +35 other locations,730,--
6158,Institute of Language Management,4.2,(178),Education & Training | Bengaluru +12 other locations,210,--
6159,Don Bosco Tech Society,4.0,(178),Non-Profit | New Delhi +50 other locations,329,10
6160,Starworth Infrastructure Construction,3.6,(178),Engineering & Construction | Bengaluru +8 other locations,739,7
6161,DESIGNCO,3.9,(178),Import & Export | Moradabad +7 other locations,724,7
6162,Market Xcel Data Matrix,2.6,(178),Analytics & KPO | New Delhi +28 other locations,613,1
6163,Gangar Eyenation,3.7,(178),Retail | Mumbai +22 other locations,516,34
6164,S V S Projects India,3.2,(178),Engineering & Construction | Hyderabad +9 other locations,568,--
6165,Hitek Syndicate,3.6,(178),Banking | New Delhi +16 other locations,426,1
6166,Vestian Global Workplace Services,3.3,(178),Real Estate | Bengaluru +16 other locations,813,13
6167,GoMechanic,3.3,(178),Internet | Gurugram +23 other locations,2k,--
6168,Diksha Technologies,3.1,(178),IT Services & Consulting | Bengaluru +6 other locations,817,17
6169,Kyb Motorcycle Suspension,3.7,(179),Industrial Machinery | Chennai +13 other locations,553,--
6170,VBeyond Corporation,4.0,(178),Recruitment | Lucknow +8 other locations,747,22
6171,Crescon Projects & Services,3.6,(178),Engineering & Construction | Chennai +21 other locations,685,1
6172,Holy Family Hospital,3.5,(178),Healthcare | New Delhi +12 other locations,651,26
6173,Ayoki Fabricon,3.8,(177),Engineering & Construction | Pune +25 other locations,699,14
6174,Anytime Fitness,3.6,(177),Fitness & Wellness | New Delhi +31 other locations,741,65
6175,SeQuent Scientific,3.8,(177),Pharma | Mumbai +17 other locations,722,2
6176,Ultra Engineers,4.0,(177),Industrial Machinery | Pune +8 other locations,861,--
6177,AMS Comtel BPMS,3.2,(177),IT Services & Consulting | New Delhi +13 other locations,725,6
6178,Cipla Industries,3.9,(177),Pharma | Indore +31 other locations,705,--
6179,Matrix Cellular Services,4.0,(177),Telecom | New Delhi +20 other locations,452,--
6180,Impact Analytics,3.8,(177),IT Services & Consulting | Bengaluru +4 other locations,1.3k,30
6181,Apollo Cradle,4.2,(177),Healthcare | Bengaluru +13 other locations,366,--
6182,Ayoki Fabricon,3.8,(177),Engineering & Construction | Pune +25 other locations,699,14
6183,SHREE VASU LOGISTICS,3.1,(177),Logistics | Raipur +21 other locations,468,10
6184,Cipla Industries,3.9,(177),Pharma | Indore +31 other locations,705,--
6185,Ultra Engineers,4.0,(177),Industrial Machinery | Pune +8 other locations,861,--
6186,AMS Comtel BPMS,3.2,(177),IT Services & Consulting | New Delhi +13 other locations,725,6
6187,Vilcart,3.7,(177),Internet | Bengaluru +49 other locations,397,--
6188,MSL Driveline Systems,4.2,(177),Auto Components | Nashik +8 other locations,626,--
6189,Zen Technologies,3.9,(195),Defence & Aerospace | Hyderabad +8 other locations,819,1
6190,Blue Tokai Coffee Roasters,3.8,(177),Beverage | New Delhi +10 other locations,610,6
6191,Mansukh Securities & Finance,3.2,(177),Financial Services | Ahmedabad +11 other locations,803,2
6192,ANEWA Engineering,3.7,(177),Engineering & Construction | Hyderabad +1 other locations,948,1
6193,Wintax Solution,4.6,(177),Recruitment | Surat +61 other locations,26,--
6194,Republic TV,2.9,(177),Media & Entertainment | Noida +8 other locations,781,--
6195,Hyderabad Metro Rail,4.1,(177),Railways | Hyderabad +5 other locations,517,--
6196,Eros Group,4.1,(177),Real Estate | New Delhi +13 other locations,719,8
6197,Gainwell Technologies,4.0,(177),IT Services & Consulting | Bengaluru +10 other locations,1.5k,23
6198,Asianet Satellite Communications,4.4,(177),Internet | Thiruvananthapuram +23 other locations,539,5
6199,OneAdvanced,3.0,(177),IT Services & Consulting | Bengaluru +6 other locations,1k,10
6200,Zen Technologies,3.9,(195),Defence & Aerospace | Hyderabad +8 other locations,819,1
6201,Blue Tokai Coffee Roasters,3.8,(177),Beverage | New Delhi +10 other locations,610,6
6202,Geno Pharmaceuticals,2.8,(177),Pharma | Mumbai +41 other locations,448,3
6203,Mansukh Securities & Finance,3.2,(177),Financial Services | Ahmedabad +11 other locations,803,2
6204,OneAdvanced,3.0,(177),IT Services & Consulting | Bengaluru +6 other locations,1k,10
6205,Hyderabad Metro Rail,4.1,(177),Railways | Hyderabad +5 other locations,517,--
6206,Aster MIMS,4.4,(177),Healthcare | Kozhikode +19 other locations,759,--
6207,Bajaj Steel Industries,3.3,(177),Industrial Machinery | Nagpur +8 other locations,1.1k,7
6208,LiquidHub,3.6,(176),IT Services & Consulting | Hyderabad / Secunderabad +8 other locations,761,--
6209,KNNX Corp,2.6,(176),IT Services & Consulting | Noida +7 other locations,857,--
6210,Ravi Foods,3.9,(176),Food Processing | Hyderabad +34 other locations,588,--
6211,L&T Buildings & Factories,3.8,(176),Engineering & Construction | Mumbai +27 other locations,158,--
6212,Polyplastics,3.8,(176),Petrochemicals | Ahmedabad +23 other locations,820,--
6213,Mandovi Motors,3.7,(176),Auto Components | Bengaluru +6 other locations,533,6
6214,Saatvik Green Energy,4.0,(176),Power | Ambala +12 other locations,656,--
6215,Nabard Consultancy Services,3.8,(176),Management Consulting | New Delhi +56 other locations,488,2
6216,Lalitpur Power Generation,4.3,(176),Power | Lalitpur +10 other locations,591,--
6217,Lakme Salon,3.9,(176),Beauty & Personal Care | Bengaluru +47 other locations,461,--
6218,Talwalkars Better Value Fitness,4.2,(176),Fitness & Wellness | Mumbai +55 other locations,436,--
6219,Macmet Engineering,3.9,(176),Industrial Machinery | Kolkata +16 other locations,651,5
6220,ABT Maruti,4.0,(176),Automobile | Chennai +20 other locations,749,3
6221,Wellspring Healthcare,2.9,(176),Healthcare | Mumbai +27 other locations,491,--
6222,RPP Infra Projects,3.8,(176),Engineering & Construction | Chennai +32 other locations,725,--
6223,Thriveni Sainik Mining,4.2,(176),Metals & Mining | Hazaribag +11 other locations,556,--
6224,Bhavna Corp.,3.5,(176),IT Services & Consulting | Noida +7 other locations,960,--
6225,Crif Solutions,3.3,(176),FinTech | Pune +2 other locations,1.2k,--
6226,Eshopbox Ecommerce,2.9,(176),Internet | Gurugram +5 other locations,614,18
6227,Natural Remedies,3.8,(176),Pharma | Bengaluru +20 other locations,744,2
6228,Hindustan Platinum,3.5,(176),Metals & Mining | Mumbai +4 other locations,1.2k,12
6229,Ashish Life Science,3.7,(176),Pharma | Mumbai +10 other locations,564,5
6230,Jaslok Hospital and Research Centre,4.0,(176),Healthcare | Mumbai +10 other locations,731,4
6231,Archean Chemical Industries,3.8,(176),Chemicals | Bhuj +18 other locations,773,--
6232,Karam Safety,4.2,(176),Industrial Machinery | Lucknow +22 other locations,705,--
6233,General Industrial Controls,3.6,(176),Industrial Automation | Pune +14 other locations,1.1k,11
6234,Digital Web Solutions,3.9,(176),IT Services & Consulting | Gurugram +7 other locations,652,46
6235,Bentley Systems,4.2,(176),Software Product | Pune +7 other locations,1.4k,9
6236,Kolors Healthcare,3.6,(177),Healthcare | Hyderabad +30 other locations,674,6
6237,Epimoney,3.3,(176),Financial Services | Mumbai +17 other locations,798,6
6238,Donear Industries,3.2,(176),Fashion & Textile | Mumbai +19 other locations,805,--
6239,Aster Cmi Hospital,3.8,(176),Healthcare | Bengaluru +7 other locations,626,--
6240,Aster Cmi Hospital,3.8,(176),Healthcare | Bengaluru +7 other locations,626,--
6241,Manikaran Power Limited,3.3,(175),Power | New Delhi +13 other locations,712,1
6242,Little Nap Recliners,4.7,(175),Furniture & Furnishing | New Delhi +17 other locations,28,--
6243,Applus Velosi,3.6,(175),Oil & Gas | Chennai +22 other locations,407,--
6244,Relyon Softech,3.9,(175),Software Product | Bengaluru +15 other locations,900,2
6245,Leena Powertech Engineers,3.6,(175),Engineering & Construction | Mumbai +12 other locations,532,1
6246,Infibeam Avenues,3.4,(175),IT Services & Consulting | Mumbai +11 other locations,1.3k,12
6247,Vinsum Axpress,2.9,(175),Logistics | Gurugram +22 other locations,517,9
6248,EASTMAN EXPORTS GLOBAL CLOTHING PVT.LTD,3.6,(175),Fashion & Textile | Tiruppur +10 other locations,892,8
6249,Healthplix Technologies,3.0,(175),Fitness & Wellness | Bengaluru +28 other locations,1.1k,20
6250,Thinksynq Solutions,3.9,(175),Management Consulting | Chennai +15 other locations,671,1
6251,Indian School of Business,3.3,(175),Analytics & KPO | Hyderabad +9 other locations,999,12
6252,Cornerstone OnDemand,3.2,(175),Software Product | Pune +6 other locations,1.6k,74
6253,Admiral Solutions,3.2,(175),IT Services & Consulting | New Delhi +4 other locations,907,4
6254,Divgi Torqtransfer Systems,3.2,(175),Auto Components | Pune +7 other locations,805,--
6255,Accurate Global Alliances,4.7,(175),Recruitment | Noida +6 other locations,59,--
6256,Denso Ten Minda India,4.1,(175),Auto Components | Bawal +10 other locations,730,--
6257,IPL Biologicals,4.1,(175),Agriculture | Gurugram +34 other locations,610,7
6258,Presidency University,2.6,(175),Education & Training | Bengaluru +7 other locations,726,4
6259,Ananda Dairy,4.0,(175),Agriculture | Noida +34 other locations,549,--
6260,Ananda Dairy,4.0,(175),Agriculture | Noida +34 other locations,549,--
6261,Birdeye,3.2,(175),Marketing & Advertising | Gurugram +4 other locations,1k,25
6262,Harbinger Systems,3.6,(175),Software Product | Pune +2 other locations,1.2k,7
6263,Apptunix,4.2,(174),Software Product | Sahibzada Ajit Singh Nagar +5 other locations,451,3
6264,Compuage Infocom,4.2,(174),Hardware & Networking | Mumbai +41 other locations,851,8
6265,nurture.farm,3.2,(174),Agriculture | Bengaluru +45 other locations,718,--
6266,Magnit Global,3.3,(175),Software Product | Vadodara +6 other locations,705,--
6267,Fichtner Consulting Engineers,3.7,(174),Engineering & Construction | Chennai +23 other locations,722,11
6268,RattanIndia Power,3.1,(174),Power | Amravati +9 other locations,736,1
6269,Opkey,4.0,(174),Software Product | Noida +8 other locations,467,40
6270,Arvind Smartspaces Limited,3.6,(174),Real Estate | Ahmedabad +6 other locations,630,--
6271,Cashfree Payments,3.0,(174),FinTech | Bengaluru +6 other locations,1.5k,26
6272,INOXCVA,3.3,(174),Engineering & Construction | Vadodara +15 other locations,741,--
6273,Escorts Construction Equipment,4.1,(174),Industrial Machinery | Faridabad +25 other locations,682,--
6274,Translumina Therapeutics,3.6,(174),Healthcare | New Delhi +16 other locations,563,8
6275,Ghv India,4.2,(174),Engineering & Construction | Mumbai +31 other locations,675,--
6276,Maccaferri,3.7,(174),Real Estate | Gurugram +31 other locations,660,--
6277,SPIE Oil & Gas Services,4.2,(174),Oil & Gas | Doha +22 other locations,269,--
6278,iNeuron.ai,4.1,(169),Bengaluru +6 other locations,773,--
6279,Careers360,3.0,(174),Education & Training | Gurugram +10 other locations,1.1k,--
6280,Anand Rathi Wealth Limited,3.2,(174),Financial Services | Mumbai +23 other locations,1.3k,--
6281,NeST Digital,3.5,(174),IT Services & Consulting | Kochi +9 other locations,1.2k,108
6282,Lal Baba Seamless Tubes,3.1,(174),Industrial Machinery | Haldia +6 other locations,790,--
6283,Traya Health,3.6,(174),Fitness & Wellness | Mumbai +7 other locations,427,22
6284,CFlo,4.5,(174),Industrial Machinery | Kolkata +10 other locations,409,--
6285,Opporture,4.8,(173),Content Development | Hyderabad +1 other locations,62,--
6286,Informatica,3.8,(174),Software Product | Bengaluru +10 other locations,2.2k,--
6287,VASANTHA TOOL CRAFTS,3.9,(174),Industrial Machinery | Hyderabad +1 other locations,582,--
6288,S.M. Consultants,3.6,(174),Management Consulting | Bhubaneswar +23 other locations,604,--
6289,Radix Electrosystems,3.4,(174),Electronics Manufacturing | Mumbai +14 other locations,766,3
6290,Unilog Content Solutions ( P),3.5,(174),Software Product | Mysuru +5 other locations,1.2k,7
6291,Eurofins Advinus,3.4,(174),Pharma | Bengaluru +7 other locations,1.1k,9
6292,SBL Knowledge Services,2.9,(174),IT Services & Consulting | Madurai +15 other locations,919,--
6293,Poonawalla Finance,3.7,(174),NBFC | Pune +82 other locations,962,--
6294,Automotive Stampings and Assemblies,3.7,(174),Auto Components | Pune +10 other locations,636,--
6295,Brandix India Apparel City,3.9,(174),Fashion & Textile | Visakhapatnam +4 other locations,559,7
6296,Unify Technologies,2.9,(174),IT Services & Consulting | Hyderabad +8 other locations,1.2k,52
6297,MEP Infrastructure Developers,3.8,(174),Engineering & Construction | Mumbai +20 other locations,876,16
6298,Automation Anywhere,3.8,(174),Industrial Automation | Bengaluru +13 other locations,1.6k,16
6299,Sri Ranganathar Industries,3.3,(174),Industrial Machinery | Coimbatore +6 other locations,800,3
6300,Tata Power Renewable Energy,3.9,(174),Power | Bengaluru +37 other locations,480,--
6301,Gopalan Enterprises,4.1,(174),Real Estate | Bengaluru +6 other locations,695,2
6302,O2 Power,4.5,(174),Power | Gurugram +32 other locations,481,3
6303,Jagatjit Industries,3.6,(174),Beverage | New Delhi +23 other locations,590,4
6304,Globe Capital Market,3.5,(174),Investment Banking / Venture Capital / Private Equity | New Delhi +32 other locations,642,47
6305,Dr ITM,3.3,(173),BPO | Jaipur +15 other locations,456,--
6306,Wibmo,3.1,(173),FinTech | Bengaluru +4 other locations,1.1k,--
6307,Lawrence & Mayo,3.9,(173),Retail | Hyderabad +28 other locations,477,--
6308,Goel Ganga Group,3.4,(173),Real Estate | Pune +4 other locations,656,--
6309,Vertex,3.9,(173),Pharma | Hyderabad +22 other locations,499,--
6310,AIG,3.8,(173),Insurance | Bengaluru +13 other locations,992,1
6311,GUVI,3.5,(173),EdTech | Chennai +9 other locations,800,6
6312,Cubastion Consulting,3.0,(173),IT Services & Consulting | Gurugram +5 other locations,1.1k,16
6313,B.L. Agro Industries,3.6,(173),Bareilly +21 other locations,681,--
6314,Miles Education - CPA & CMA Review (Hyderabad),,,Education & Training | Bangalore / Bengaluru +12 other locations,--,--
6315,Qicpic,2.3,(173),Internet | Bengaluru +58 other locations,91,--
6316,Aurus,2.7,(173),FinTech | Pune +4 other locations,1.4k,6
6317,Finecure Pharmaceuticals,3.8,(173),Pharma | Ahmedabad +15 other locations,770,4
6318,Saraca Solutions,4.1,(173),IT Services & Consulting | Noida +9 other locations,534,48
6319,Eazy ERP Technologies,3.6,(174),IT Services & Consulting | Gurugram +11 other locations,633,41
6320,GD Goenka University,3.6,(173),Education & Training | Gurugram +29 other locations,767,19
6321,TVS Automobiles Solutions,3.7,(173),Chennai +37 other locations,735,--
6322,Altius Customer Services,3.1,(173),BPO | Nagpur +5 other locations,659,10
6323,Doordarshan,4.0,(173),Broadcasting | New Delhi +39 other locations,804,3
6324,Garden Reach Shipbuilders & Engineers,4.2,(173),Ports & Shipping | Kolkata +6 other locations,475,--
6325,Sree Metaliks,3.8,(173),Industrial Machinery | Barbil +21 other locations,686,--
6326,Integrated Enterprises,3.8,(173),Financial Services | Chennai +32 other locations,605,3
6327,Infinity Data Technologies,3.6,(173),IT Services & Consulting | Pune +7 other locations,1.2k,1
6328,Paisalo Digital,3.7,(173),NBFC | New Delhi +60 other locations,418,1
6329,MGNREGA,3.5,(173),Government | Hyderabad +96 other locations,346,--
6330,Gnrc Hospital,3.6,(173),Healthcare | Guwahati +12 other locations,593,--
6331,Keihin India Manufacturing,4.4,(172),Auto Components | Neemrana +9 other locations,620,--
6332,Mayoor School,4.3,(172),Education & Training | Noida +9 other locations,137,10
6333,Valiant Organics,3.6,(172),Chemicals | Bharuch +12 other locations,945,--
6334,Yashashvi Rasayan,4.1,(172),Metals & Mining | Bharuch +11 other locations,703,--
6335,Sharda Hospital,3.8,(172),Healthcare | Greater Noida +7 other locations,684,--
6336,Singer India,4.0,(172),Consumer Electronics & Appliances | New Delhi +39 other locations,569,--
6337,Layam Flexi Solutions,3.6,(172),Recruitment | Chennai +35 other locations,609,--
6338,Trawex Technologies,4.5,(172),Software Product | Bengaluru +1 other locations,136,6
6339,Carrefour,3.5,(172),Retail | Gurugram +26 other locations,515,--
6340,Amnet Systems,3.7,(172),IT Services & Consulting | Chennai +6 other locations,777,4
6341,IQ City Medical College,3.4,(172),Education & Training | Durgapur +4 other locations,488,--
6342,Dr Shroff Charity Eye Hospital,3.7,(172),Healthcare | New Delhi +12 other locations,435,4
6343,ObjectWin Technology,3.7,(172),Recruitment | Bengaluru +8 other locations,1.1k,--
6344,Pratibha Syntex,4.0,(172),Fashion & Textile | Indore +12 other locations,595,8
6345,Mervice Infotech,3.8,(180),Kolkata +4 other locations,418,--
6346,Liquiloans,2.9,(172),FinTech | Mumbai +11 other locations,814,14
6347,First Abu Dhabi Bank,3.2,(172),Banking | Bengaluru +8 other locations,917,--
6348,St. Joseph's School,4.3,(172),Education & Training | Lucknow +65 other locations,528,1
6349,Bharat Coking Coal,4.3,(172),Metals & Mining | Dhanbad +22 other locations,436,--
6350,SEForge,3.3,(172),Engineering & Construction | Coimbatore +6 other locations,848,--
6351,Digamber Finance,4.1,(172),Financial Services | Jaipur +53 other locations,419,2
6352,Xrbia Developers,2.8,(172),Real Estate | Pune +7 other locations,854,--
6353,Sitics Logistic Solutions,2.9,(172),Financial Services | Palakkad +51 other locations,633,5
6354,Pan Gulf Technologies,4.0,(172),Design | Mumbai +8 other locations,835,4
6355,Micromatic Grinding Technologies,3.9,(172),Industrial Machinery | Ghaziabad +7 other locations,685,7
6356,Fare Labs,2.8,(172),Analytics & KPO | Gurugram +6 other locations,664,25
6357,Mafatlal Industries,3.7,(172),Mumbai +21 other locations,618,12
6358,APAC Financial Services,4.0,(172),Financial Services | Mumbai +77 other locations,498,80
6359,Bonanza Portfolio,3.4,(172),Financial Services | Mumbai +33 other locations,828,26
6360,Lohum Cleantech,3.4,(172),Semiconductors | Greater Noida +9 other locations,630,--
6361,Novopor Advanced Science,4.2,(172),Pharma | Visakhapatnam +5 other locations,812,4
6362,Gujarat Guardian Ltd.,3.7,(172),Building Material | Ankleshwar +18 other locations,719,--
6363,Acer India,3.8,(172),IT Services & Consulting | Bengaluru +35 other locations,781,--
6364,DMI,3.9,(172),IT Services & Consulting | Noida +17 other locations,1.2k,3
6365,Caparo Group,4.0,(172),Oil & Gas | Chennai +29 other locations,736,1
6366,Tech2Globe,4.1,(172),IT Services & Consulting | New Delhi +1 other locations,290,17
6367,Ascendum Solutions,3.1,(172),IT Services & Consulting | Bengaluru +8 other locations,762,--
6368,Antino,2.4,(172),Emerging Technologies | Gurugram +6 other locations,827,58
6369,Olive Bar & Kitchen,4.0,(171),Hospitality | Mumbai +15 other locations,484,34
6370,Linkquest Telecom,3.4,(171),Telecom | Noida +31 other locations,463,--
6371,Jayem Automotives,3.3,(176),Auto Components | Coimbatore +8 other locations,719,1
6372,Meditrina Hospital,4.0,(171),Healthcare | Kollam +14 other locations,494,22
6373,Mega Rubber Technologies,3.6,(171),Auto Components | Gurugram +15 other locations,720,--
6374,Cytecare Cancer Hospital,4.7,(171),Healthcare | Bengaluru +3 other locations,443,10
6375,FunnL,3.3,(171),Marketing & Advertising | Hyderabad +1 other locations,830,1
6376,Gateway Group of Companies,2.4,(171),IT Services & Consulting | Ahmedabad +7 other locations,1.1k,14
6377,Sinch,3.6,(172),Internet | Noida +10 other locations,1.2k,7
6378,Tata Realty and Infrastructure,3.9,(171),Real Estate | Mumbai +25 other locations,913,38
6379,Kuantum Papers,4.2,(171),Pulp & Paper | Hoshiarpur +11 other locations,672,5
6380,L&T Transportation Infrastructure,4.1,(171),Engineering & Construction | Mumbai +34 other locations,152,--
6381,Bajaj Financial Securities,4.3,(171),Financial Services | Pune +25 other locations,449,44
6382,Kaff Appliances (india),3.2,(171),Consumer Electronics & Appliances | Gurugram +32 other locations,648,--
6383,Ginger Webs,2.6,(171),IT Services & Consulting | Noida +7 other locations,979,1
6384,Toyota Boshoku Automotive,4.1,(173),Auto Components | Bengaluru +18 other locations,690,--
6385,J Pan Tubular Components,3.5,(171),Industrial Machinery | Greater Noida +10 other locations,555,10
6386,Deccan Cements,4.1,(171),Building Material | Hyderabad +15 other locations,669,--
6387,Daebu Automotive Seat,3.3,(171),Auto Components | Chennai +9 other locations,678,--
6388,Sun Technologies,3.4,(171),IT Services & Consulting | Bengaluru +7 other locations,1.4k,11
6389,Epp Composites,3.3,(171),Industrial Machinery | Rajkot +12 other locations,672,5
6390,Bewakoof,3.8,(171),Fashion & Textile | Mumbai +14 other locations,874,4
6391,Unique Engineers,3.6,(171),Industrial Machinery | Gurugram +33 other locations,771,1
6392,Holostik,3.8,(171),Packaging | Noida +13 other locations,717,13
6393,Sowparnika,3.9,(171),Real Estate | Bengaluru +12 other locations,781,9
6394,All Time Plastics,4.0,(171),Petrochemicals | Mumbai +11 other locations,736,2
6395,Rane Group,4.0,(171),Auto Components | Chennai +24 other locations,721,--
6396,RC Plasto Tanks And Pipes,3.7,(171),Nagpur +27 other locations,666,--
6397,Toyota Kirloskar Auto Parts,4.2,(171),Auto Components | Bengaluru +9 other locations,631,--
6398,Connect Broadband,4.2,(171),Telecom | Sahibzada Ajit Singh Nagar +18 other locations,663,1
6399,Rabwin Industries,3.9,(171),Industrial Machinery | Coimbatore +4 other locations,780,--
6400,Dayal Group,4.0,(171),Lucknow +41 other locations,512,17
6401,ShopX,4.4,(170),Internet | Bengaluru +30 other locations,731,--
6402,Kenstar,3.7,(170),Consumer Electronics & Appliances | Gurugram +51 other locations,569,--
6403,Ranjit Buildcon,4.3,(170),Engineering & Construction | Ahmedabad +21 other locations,522,--
6404,Lanson Toyota,4.2,(170),Automobile | Chennai +10 other locations,502,3
6405,IREO,4.5,(170),Real Estate | Gurugram +10 other locations,575,--
6406,Visible Alpha Solutions,3.6,(170),Analytics & KPO | Mumbai +6 other locations,1.1k,--
6407,Gulf Oil Corporation,4.3,(170),Oil & Gas | Hyderabad +23 other locations,625,--
6408,ABP Network,3.9,(170),Broadcasting | Noida +14 other locations,1.1k,--
6409,Kriya NextWealth,3.7,(170),Chittoor +9 other locations,683,--
6410,rebootXP,3.1,(170),Management Consulting | Noida +4 other locations,224,11
6411,Ramee Group of Hotels,3.6,(170),Hospitality | Mumbai +17 other locations,615,3
6412,SEW Infrastructure,3.4,(170),Engineering & Construction | Hyderabad +23 other locations,507,10
6413,NaviSite,3.9,(170),IT Services & Consulting | Gurugram +4 other locations,1.4k,--
6414,Umang Dairies,3.8,(170),FMCG | New Delhi +16 other locations,511,--
6415,Hiranandani group,3.9,(170),Real Estate | Mumbai +20 other locations,857,--
6416,Lamprell,4.0,(170),Oil & Gas | Sharjah +13 other locations,352,17
6417,Gowtham Model School,3.8,(170),Education & Training | Hyderabad +15 other locations,539,--
6418,Simplify3x Software,3.8,(176),Software Product | Bengaluru +6 other locations,1.2k,--
6419,Indian Council of Agricultural Research,3.8,(170),Education & Training | New Delhi +38 other locations,555,--
6420,SVN SYSTECH INDIA,3.4,(170),IT Services & Consulting | Mumbai +22 other locations,777,1
6421,Indian Council of Agricultural Research,3.8,(170),Education & Training | New Delhi +38 other locations,555,--
6422,Gowtham Model School,3.8,(170),Education & Training | Hyderabad +15 other locations,539,--
6423,Visible Alpha Solutions,3.6,(170),Analytics & KPO | Mumbai +6 other locations,1.1k,--
6424,Simplify3x Software,3.8,(176),Software Product | Bengaluru +6 other locations,1.2k,--
6425,Kriya NextWealth,3.7,(170),Chittoor +9 other locations,683,--
6426,Gulf Oil Corporation,4.3,(170),Oil & Gas | Hyderabad +23 other locations,625,--
6427,Narayana Medical College & Hospital,3.8,(170),Healthcare | Nellore +12 other locations,503,--
6428,3F Industries,3.5,(170),Food Processing | Nellore +23 other locations,757,9
6429,ABP Network,3.9,(170),Broadcasting | Noida +14 other locations,1.1k,--
6430,Theon Pharmaceuticals,3.6,(170),Pharma | Baddi +12 other locations,745,2
6431,W3Global,3.3,(170),Recruitment | Hyderabad +6 other locations,881,--
6432,Maya Academy of Advanced Cinematics,2.9,(170),Animation & VFX | Mumbai +39 other locations,576,2
6433,Yamaha Music India,3.6,(170),Media & Entertainment | Chennai +11 other locations,743,7
6434,Dmi Finance,3.6,(170),NBFC | New Delhi +18 other locations,1.1k,25
6435,Bengal Energy,3.8,(170),Power | Kharagpur +11 other locations,577,--
6436,NuSummit,3.5,(170),IT Services & Consulting | Mumbai +8 other locations,1.2k,34
6437,CPA Global,3.8,(169),IT Services & Consulting | Noida +6 other locations,866,--
6438,Mepro Pharmaceuticals,3.7,(169),Pharma | Vadodara +11 other locations,836,--
6439,Bharat Petroleum Mumbai Refinery,4.2,(169),Oil & Gas | Mumbai +12 other locations,667,--
6440,Kepler Healthcare,3.4,(169),Pharma | Ahmedabad +53 other locations,386,--
6441,MRCC Solutions,2.9,(170),IT Services & Consulting | Mumbai +9 other locations,921,5
6442,Solenis,3.7,(169),Chemicals | Hyderabad +9 other locations,986,--
6443,Conviction HR,4.1,(169),Recruitment | Mumbai +12 other locations,409,10
6444,ThinkPalm Technologies,3.9,(169),IT Services & Consulting | Kochi +5 other locations,1.4k,6
6445,Qualsquad Infotech,3.1,(169),IT Services & Consulting | Pune +3 other locations,704,--
6446,Impressions Services,3.9,(169),Facility Management Services | Gurugram +15 other locations,698,2
6447,Synergy Property Development Services,3.8,(169),Real Estate | Bengaluru +20 other locations,501,--
6448,Ferring Pharmaceuticals,4.0,(169),Pharma | Hyderabad +18 other locations,825,--
6449,Inmakes Infotech,3.9,(169),Kochi +12 other locations,405,5
6450,Ray Engineering,4.1,(169),Engineering & Construction | Mumbai +29 other locations,542,--
6451,AIG Business Solution,3.4,(169),IT Services & Consulting | Gurugram +5 other locations,327,--
6452,Lynk,3.2,(169),Logistics | Chennai +14 other locations,959,--
6453,Ingenero Technologies,4.3,(169),IT Services & Consulting | Mumbai +4 other locations,905,--
6454,Express Roadways,3.6,(169),Logistics | New Delhi +36 other locations,687,--
6455,Sellcraft Global Solutions,3.4,(169),IT Services & Consulting | Pune +10 other locations,1k,--
6456,VISION,3.8,(169),Management Consulting | New Delhi +72 other locations,643,--
6457,Peerless Hospital,4.1,(169),Healthcare | Kolkata +7 other locations,490,--
6458,Safdarjung Hospital,4.4,(169),Healthcare | New Delhi +5 other locations,696,--
6459,Nahar Industrial Enterprises,3.8,(169),Fashion & Textile | Chandigarh +15 other locations,664,13
6460,Ciklum,3.6,(169),IT Services & Consulting | Pune +2 other locations,856,77
6461,Amalgam Steel,3.8,(169),Iron & Steel | Jamshedpur +11 other locations,791,4
6462,Tynor Orthotics,3.2,(169),Fitness & Wellness | Sahibzada Ajit Singh Nagar +25 other locations,629,8
6463,Smiiel - A Unit Of Motherson Sumi System,3.6,(169),Semiconductors | Noida +8 other locations,430,--
6464,Vastu Finserve,4.0,(169),NBFC | Jaipur +66 other locations,402,11
6465,CRED,3.6,(169),FinTech | Bengaluru +15 other locations,2.1k,--
6466,Azmeel Contracting,4.2,(169),Engineering & Construction | Al Jubail +9 other locations,248,--
6467,Expedien eSolutions,3.3,(169),IT Services & Consulting | Noida +9 other locations,845,1
6468,Wonderchef Home Appliances,3.9,(169),Consumer Electronics & Appliances | Mumbai +31 other locations,681,4
6469,UTILITY PROJECTS AND SERVICES,3.9,(169),Engineering & Construction | Chennai +18 other locations,802,16
6470,Ind swift ltd. Gbu,3.5,(169),Chandigarh +21 other locations,731,--
6471,All India Council Technical Education,4.4,(169),New Delhi +30 other locations,195,--
6472,Bry-Air (Asia),3.8,(169),Gurugram +16 other locations,727,36
6473,ePack Durables Solutions,3.8,(183),Dehradun +12 other locations,938,--
6474,The Millennium School,4.0,(169),Education & Training | Noida +25 other locations,552,8
6475,ABEC,4.0,(184),Events | Mumbai +13 other locations,415,16
6476,Wyzmindz Solutions,3.5,(169),IT Services & Consulting | Bengaluru +6 other locations,611,4
6477,SSK Group,3.5,(169),FMCG | Pune +61 other locations,497,--
6478,Delivery.com,3.8,(169),Internet | Hyderabad +69 other locations,631,--
6479,Jamboree Education,3.4,(169),EdTech | New Delhi +19 other locations,644,11
6480,ValueFirst Digital Media,3.6,(169),Software Product | Gurugram +8 other locations,1.1k,--
6481,bloom Hotel Group,4.2,(169),Internet | New Delhi +19 other locations,660,12
6482,Savills,3.8,(169),Real Estate | Bengaluru +15 other locations,1.1k,5
6483,Claris Lifesciences Ahmedabad,3.3,(168),Healthcare | Ahmedabad +16 other locations,382,--
6484,Allahabad Bank,4.1,(168),Banking | Kolkata +53 other locations,321,--
6485,Katyayani Organics,4.0,(168),Agriculture | Bhopal +1 other locations,131,12
6486,Nisa Industrial Services,3.6,(168),Law Enforcement & Security | Mumbai +37 other locations,460,--
6487,Coverfox,3.7,(168),Insurance | Mumbai +9 other locations,641,13
6488,Rain Carbon,4.1,(168),Visakhapatnam +5 other locations,549,--
6489,Carryfast group,3.5,(168),Logistics | Indore +17 other locations,570,1
6490,Imerys,3.7,(168),Metals & Mining | Visakhapatnam +18 other locations,734,2
6491,Graphite India,3.5,(168),Electrical Equipment | Nashik +10 other locations,683,--
6492,Fraazo,3.4,(168),Internet | Mumbai +13 other locations,660,--
6493,OM Careers,2.4,(168),Recruitment | Ludhiana +7 other locations,334,--
6494,TerraCIS Technologies,3.7,(168),IT Services & Consulting | Gurugram +40 other locations,474,--
6495,Nerdy Turtlez,2.5,(168),EdTech | Kolkata +4 other locations,413,--
6496,Bobst India,3.8,(169),Industrial Machinery | Pune +10 other locations,856,1
6497,Deshpande Foundation,4.0,(168),Non-Profit | Hubballi +20 other locations,550,8
6498,Facebook,4.4,(168),Internet | Bengaluru +27 other locations,1.2k,--
6499,MUFG Intime India,3.5,(168),Mumbai +9 other locations,733,--
6500,Brose India Automotive Systems,3.6,(168),Auto Components | Pune +3 other locations,1k,5
6501,Thinksys Software,3.8,(168),IT Services & Consulting | Noida +3 other locations,971,11
6502,Ganges Internationale,2.7,(169),Power | Puducherry +9 other locations,801,1
6503,SPX Flow Technology,4.4,(168),Industrial Machinery | Bengaluru +7 other locations,967,--
6504,NSL Sugars,3.9,(168),Food Processing | Hyderabad +21 other locations,541,12
6505,MasterSoft ERP Solutions,2.6,(169),Software Product | Nagpur +14 other locations,929,7
6506,GDX Group,4.1,(168),Law Enforcement & Security | New Delhi +43 other locations,454,3
6507,Neelachal Ispat Nigam,4.2,(168),Metals & Mining | Jajpur +13 other locations,521,--
6508,Gsa Industries,3.9,(168),Patiala +7 other locations,557,11
6509,Sterling Software Private Limited,3.5,(168),Software Product | Chennai +3 other locations,1.4k,8
6510,Salzer Electronics,3.9,(168),Electrical Equipment | Coimbatore +14 other locations,836,--
6511,Way.com,4.1,(168),Internet | Thiruvananthapuram +4 other locations,484,3
6512,Croma Campus,3.9,(168),Education & Training | Noida +16 other locations,446,7
6513,UMSL,3.6,(168),Engineering & Construction | Bhubaneswar +19 other locations,593,21
6514,Indian Terrain Fashions,4.3,(168),Fashion & Textile | Chennai +40 other locations,547,--
6515,Alexander Mann Solutions,3.2,(168),Recruitment | Bengaluru +12 other locations,653,2
6516,Peninsula Land,4.0,(168),Real Estate | Mumbai +6 other locations,640,1
6517,Continental Tyres,3.4,(167),Auto Components | Meerut +23 other locations,588,--
6518,SEED Infotech,3.9,(167),IT Services & Consulting | Pune +18 other locations,510,9
6519,Bose,3.5,(167),Consumer Electronics & Appliances | New Delhi +30 other locations,544,--
6520,iBall,4.1,(167),Consumer Electronics & Appliances | Mumbai +38 other locations,456,--
6521,Da Milano Leathers,2.7,(167),Leather | New Delhi +24 other locations,573,--
6522,Oceanic Pharmachem,4.1,(167),Pharma | Mumbai +2 other locations,126,3
6523,Federal Mogul Powertrain,3.7,(167),Auto Components | Bhiwadi +14 other locations,542,--
6524,Arvind Technocrats & Engineers LLP,3.6,(167),Engineering & Construction | New Delhi +31 other locations,281,4
6525,MyGlamm,3.5,(167),Internet | Mumbai +32 other locations,756,4
6526,Lepton Software Export & Research,3.6,(167),Software Product | Gurugram +9 other locations,725,11
6527,Filo,3.4,(167),Internet | Gurugram +17 other locations,570,9
6528,Okinawa Autotech,3.5,(167),Auto Components | Gurugram +26 other locations,591,1
6529,ONKAR DIES,3.7,(167),Engineering & Construction | Pune +5 other locations,692,--
6530,Harvest Gold Industries,3.8,(167),Food Processing | New Delhi +19 other locations,561,--
6531,D.B ENGINEERING,4.2,(167),Industrial Machinery | New Delhi +16 other locations,348,74
6532,Omega,3.8,(167),Industrial Machinery | Chennai +20 other locations,711,--
6533,Technocraft Industries,3.6,(167),Industrial Machinery | Mumbai +11 other locations,816,--
6534,Atlassian,3.1,(167),Software Product | Bengaluru +6 other locations,4.1k,3
6535,BG Distributors,3.6,(167),FMCG | Kolkata +34 other locations,373,--
6536,ART Housing Finance (India),3.7,(167),Financial Services | Gurugram +36 other locations,550,--
6537,MiM-Essay,4.3,(167),Education & Training | New Delhi +2 other locations,242,--
6538,Intellect Bizware Services,3.9,(167),IT Services & Consulting | Mumbai +7 other locations,969,10
6539,Innovel Energy Services,3.2,(168),Power | Kolkata +14 other locations,391,5
6540,M&G Global Services,3.4,(167),Financial Services | Mumbai +5 other locations,1.4k,14
6541,Omega,3.8,(167),Industrial Machinery | Chennai +20 other locations,711,--
6542,Zebra Technologies,3.6,(167),IT Services & Consulting | Bengaluru +8 other locations,1.7k,4
6543,Atlassian,3.1,(167),Software Product | Bengaluru +6 other locations,4.1k,3
6544,Woodrock Infotech Private Limited,3.1,(167),BPO | Kolkata +5 other locations,276,2
6545,Technocraft Industries,3.6,(167),Industrial Machinery | Mumbai +11 other locations,816,--
6546,D.B ENGINEERING,4.2,(167),Industrial Machinery | New Delhi +16 other locations,348,74
6547,BYD Electronics,3.5,(167),Electronics Manufacturing | Chennai +14 other locations,800,--
6548,Scribe EMR,4.0,(167),Analytics & KPO | Bengaluru +11 other locations,544,19
6549,Alliant Talent,2.2,(167),Accounting & Auditing | Hyderabad +3 other locations,856,31
6550,Srijan Realty,3.8,(167),Real Estate | Kolkata +2 other locations,756,7
6551,SHARON BIO MEDICINE,4.1,(166),Pharma | Dehradun +6 other locations,619,2
6552,Nirvasa Healthcare,3.2,(166),Healthcare | Gurugram +4 other locations,417,3
6553,SKYMAP PHARMACEUTICALS,3.9,(166),Pharma | Roorkee +7 other locations,569,--
6554,Konstelec Engineers,3.5,(166),Engineering & Construction | Mumbai +35 other locations,617,6
6555,Shree Maruti Courier Service,4.1,(166),Logistics | Ahmedabad +44 other locations,770,--
6556,Crio.Do,2.9,(166),EdTech | Bengaluru +7 other locations,903,--
6557,Jindal Industries Private Limited,3.5,(167),Iron & Steel | Kolkata +20 other locations,1.7k,--
6558,SMCC Construction India,4.2,(166),Engineering & Construction | New Delhi +21 other locations,559,--
6559,Macmillan Publishers,3.4,(166),Printing & Publishing | Bengaluru +29 other locations,486,--
6560,Shree Maruti Courier Service,4.1,(166),Logistics | Ahmedabad +44 other locations,770,--
6561,Royal Bank of Scotland International,4.2,(166),Banking | Chennai +8 other locations,1.8k,--
6562,SMCC Construction India,4.2,(166),Engineering & Construction | New Delhi +21 other locations,559,--
6563,Steadfast Medishield,4.0,(166),Pharma | Noida +14 other locations,396,1
6564,Eduvanz,3.4,(166),FinTech | Mumbai +10 other locations,792,1
6565,Best Value Chem,3.9,(167),Chemicals | Vadodara +6 other locations,847,--
6566,General Diagnostics International Private Limited,3.0,(166),Healthcare | Mumbai +26 other locations,526,1
6567,Indian Register of Shipping,3.9,(166),"Testing, Inspection and Certification (TIC) | Mumbai +34 other locations",930,9
6568,Experian,3.9,(166),FinTech | Hyderabad +6 other locations,2k,200
6569,Prayag Polymers,3.7,(166),Petrochemicals | New Delhi +38 other locations,522,4
6570,Stonex,3.9,(171),Internet | New Delhi +26 other locations,1.1k,3
6571,West Bengal State Electricity Distribution Company,3.1,(166),Power | Kolkata +24 other locations,423,--
6572,Vanesa Care,4.2,(166),Beauty & Personal Care | New Delhi +39 other locations,570,--
6573,Jindal Industries Private Limited,3.5,(167),Iron & Steel | Kolkata +20 other locations,1.7k,--
6574,Lilac Insights,3.1,(166),Fitness & Wellness | Mumbai +23 other locations,572,--
6575,Amar Cars,3.9,(166),Automobile | Vadodara +11 other locations,574,4
6576,Satvat Infosol,3.2,(166),IT Services & Consulting | Chennai +5 other locations,767,4
6577,Metro Tyres,3.7,(166),Auto Components | Ludhiana +34 other locations,679,--
6578,Macmillan Publishers,3.4,(166),Printing & Publishing | Bengaluru +29 other locations,486,--
6579,Edwise International,3.8,(166),Education & Training | Mumbai +21 other locations,444,72
6580,Jivo Wellness,3.1,(166),FMCG | New Delhi +22 other locations,458,2
6581,Best Corporation,3.8,(166),Fashion & Textile | Tiruppur +14 other locations,819,4
6582,Honeywell Uop,3.4,(166),Oil & Gas | Gurugram +5 other locations,726,--
6583,Arunachala Logistics,4.0,(166),Logistics | Hyderabad +21 other locations,587,16
6584,Nina Percept,4.1,(166),Building Material | Mumbai +12 other locations,594,--
6585,Simple Energy,3.9,(166),Automobile | Bengaluru +8 other locations,684,17
6586,Vignesh Polymers,3.5,(166),Auto Components | Chennai +15 other locations,944,--
6587,NNE,3.6,(167),Engineering & Construction | Bengaluru +8 other locations,1.1k,9
6588,Podar Jumbo Kids,3.9,(166),Education & Training | Mumbai +38 other locations,427,--
6589,KodNest,4.1,(165),Bengaluru +12 other locations,218,--
6590,Thirdware Solutions,4.2,(165),IT Services & Consulting | Chennai +3 other locations,1k,--
6591,AYN InfoTech,4.5,(165),IT Services & Consulting | Pune +12 other locations,184,--
6592,iQuanti,3.8,(167),Marketing & Advertising | Bengaluru +8 other locations,1.1k,22
6593,BVC Logistics,3.6,(165),Logistics | Mumbai +28 other locations,627,2
6594,Rotex,3.8,(165),Auto Components | Vadodara +9 other locations,894,9
6595,Indian Coast Guard,4.0,(165),Defence & Aerospace | Chennai +28 other locations,473,--
6596,Texport Industries,3.6,(165),Fashion & Textile | Bengaluru +16 other locations,646,--
6597,Nordusk Led,4.4,(165),Electronics Manufacturing | Kolkata +12 other locations,118,--
6598,otsuka chemical india,3.9,(164),Chemicals | Jaipur +11 other locations,716,1
6599,Atidan Technologies,4.2,(165),Software Product | Mumbai +6 other locations,478,14
6600,Scorpion Express,3.6,(165),Logistics | Mumbai +38 other locations,622,--
6601,"CAMP Systems International, Inc.",3.9,(165),Software Product | Hyderabad +6 other locations,873,2
6602,iQuanti,3.8,(167),Marketing & Advertising | Bengaluru +8 other locations,1.1k,22
6603,BVC Logistics,3.6,(165),Logistics | Mumbai +28 other locations,627,2
6604,otsuka chemical india,3.9,(164),Chemicals | Jaipur +11 other locations,716,1
6605,Atidan Technologies,4.2,(165),Software Product | Mumbai +6 other locations,478,14
6606,AYN InfoTech,4.5,(165),IT Services & Consulting | Pune +12 other locations,184,--
6607,Indian Coast Guard,4.0,(165),Defence & Aerospace | Chennai +28 other locations,473,--
6608,Ajanta Shoes,3.5,(165),Fashion & Textile | Kolkata +29 other locations,578,5
6609,CDS Infra Projects,3.3,(165),Engineering & Construction | New Delhi +32 other locations,513,1
6610,KPI Partners,3.4,(165),IT Services & Consulting | Hyderabad +6 other locations,881,33
6611,Lince Soft Solutions,4.7,(165),Recruitment | Hyderabad +5 other locations,1.6k,--
6612,Glatt Systems,3.8,(165),Pharma | Pune +2 other locations,1.1k,--
6613,SmartQ - Bottle Lab Technologies,4.1,(165),Software Product | Bengaluru +12 other locations,888,82
6614,Bharti Foundation,3.6,(165),Non-Profit | Gurugram +34 other locations,402,1
6615,Educational Initiatives,3.2,(165),EdTech | Bengaluru +29 other locations,934,3
6616,Rotex,3.8,(165),Auto Components | Vadodara +9 other locations,894,9
6617,KRG Technologies,4.2,(165),IT Services & Consulting | Chennai +7 other locations,614,17
6618,Hire Glocal,4.4,(165),Recruitment | Mumbai +7 other locations,81,--
6619,Government of Odisha,4.0,(165),Government | Bhubaneswar +36 other locations,719,--
6620,Inditex,4.1,(165),Fashion & Textile | New Delhi +17 other locations,526,3
6621,Biotech Vision Care,3.6,(165),Healthcare | Ahmedabad +26 other locations,819,4
6622,FCS Software Solutions,3.7,(165),IT Services & Consulting | Noida +14 other locations,800,47
6623,Vishay Precision Transducers,3.4,(165),Semiconductors | Chennai +7 other locations,941,--
6624,Liyaans Properties,4.8,(165),Real Estate | Kolkata,61,--
6625,Willowood Chemicals,4.1,(165),Agro Chemicals | Vadodara +36 other locations,513,--
6626,Vulcan Express,3.6,(164),Logistics | New Delhi +40 other locations,227,--
6627,PCS Technology,3.1,(164),IT Services & Consulting | Mumbai +46 other locations,369,--
6628,Celebi Delhi Cargo Terminal Management,4.2,(164),Aviation | New Delhi +2 other locations,424,--
6629,Gibraltar Technologies,3.8,(164),Bengaluru +23 other locations,681,--
6630,BUDDI.AI,3.6,(164),Software Product | Chennai +6 other locations,533,--
6631,Ind Innovations,3.4,(164),IT Services & Consulting | New Delhi +28 other locations,786,--
6632,Corpone Staffing Solutions,3.8,(164),BPO | Hyderabad +8 other locations,542,--
6633,Allied Nippon,3.7,(164),Auto Components | Ghaziabad +15 other locations,672,1
6634,O2f info Solutions,3.5,(164),Recruitment | Hyderabad +8 other locations,985,5
6635,Ashley Global Capability Center,4.0,(164),IT Services & Consulting | Chennai +7 other locations,416,6
6636,Nv Group,3.6,(164),Beverage | New Delhi +25 other locations,623,--
6637,JioHotstar,3.4,(164),Internet | Mumbai +11 other locations,1.6k,13
6638,Aranca,3.4,(164),Analytics & KPO | Mumbai +5 other locations,1.1k,34
6639,Suven Life Sciences,3.7,(164),Pharma | Hyderabad +6 other locations,562,9
6640,Corpone Staffing Solutions,3.8,(164),BPO | Hyderabad +8 other locations,542,--
6641,JioHotstar,3.4,(164),Internet | Mumbai +11 other locations,1.6k,13
6642,Ashley Global Capability Center,4.0,(164),IT Services & Consulting | Chennai +7 other locations,416,6
6643,Nv Group,3.6,(164),Beverage | New Delhi +25 other locations,623,--
6644,Newtech Medical Devices,3.8,(164),Medical Equipment | Faridabad +9 other locations,344,13
6645,Suven Life Sciences,3.7,(164),Pharma | Hyderabad +6 other locations,562,9
6646,Kewal Kiran Clothing,3.9,(164),Fashion & Textile | Mumbai +36 other locations,571,7
6647,Damodar Valley Corporation,3.8,(164),Power | Kolkata +18 other locations,387,--
6648,Rhenus Logistics,3.6,(164),Logistics | Mumbai +20 other locations,902,1
6649,Merilytics,2.9,(164),Analytics & KPO | Hyderabad +6 other locations,1.5k,--
6650,DCW,3.7,(164),Chemicals | Thoothukudi +12 other locations,677,2
6651,Ardex Endura,4.0,(164),Building Material | Bengaluru +50 other locations,526,--
6652,Mythri Infrastructure and Mining,3.4,(164),Engineering & Construction | Visakhapatnam +12 other locations,554,--
6653,Apollo Supply Chain,3.8,(164),Logistics | Gurugram +40 other locations,598,--
6654,Confiance BizSol Private Limited,3.2,(169),Analytics & KPO | Ahmedabad +3 other locations,581,4
6655,Lulu Hypermarket,3.4,(164),Retail | Lucknow +25 other locations,487,13
6656,Border Roads Organisation,4.2,(164),Government | New Delhi +30 other locations,340,--
6657,Recykal,3.9,(164),Internet | Hyderabad +11 other locations,747,26
6658,Nehru Yuva Kendra Sangathan,4.4,(164),Non-Profit | New Delhi +94 other locations,173,--
6659,Unimrkt Research,3.2,(164),Analytics & KPO | Gurugram +4 other locations,964,--
6660,Newtech Medical Devices,3.8,(164),Medical Equipment | Faridabad +9 other locations,344,13
6661,Merilytics,2.9,(164),Analytics & KPO | Hyderabad +6 other locations,1.5k,--
6662,DCW,3.7,(164),Chemicals | Thoothukudi +12 other locations,677,2
6663,John Cockerill,3.1,(164),Industrial Machinery | Mumbai +7 other locations,828,55
6664,Global Payments,4.0,(164),FinTech | Pune +12 other locations,1.4k,--
6665,Rhenus Logistics,3.6,(164),Logistics | Mumbai +20 other locations,902,1
6666,Damodar Valley Corporation,3.8,(164),Power | Kolkata +18 other locations,387,--
6667,Kewal Kiran Clothing,3.9,(164),Fashion & Textile | Mumbai +36 other locations,571,7
6668,FloBiz,3.6,(164),IT Services & Consulting | Bengaluru +27 other locations,679,6
6669,TVS - SUNDARAM BRAKE LININGS,3.2,(164),Auto Components | Chennai +14 other locations,748,--
6670,Sfc Solutions,3.6,(176),Chennai +17 other locations,847,2
6671,Chromewell Engineering,3.6,(163),Industrial Machinery | Pune +4 other locations,708,1
6672,DIN Engineering Services,3.7,(163),Analytics & KPO | Noida +3 other locations,402,8
6673,Triveni Almirah,3.5,(163),Furniture & Furnishing | Noida +27 other locations,357,12
6674,Vee Gee Industrial Enterprises,3.9,(163),Electronics Manufacturing | Faridabad +9 other locations,646,--
6675,Motwane Manufacturing Company,3.6,(163),Electrical Equipment | Nashik +12 other locations,702,9
6676,Pramata Knowledge Solutions,3.2,(163),Software Product | Bengaluru +4 other locations,829,--
6677,Hughes Communications,3.2,(163),Gurugram +22 other locations,906,2
6678,Wanfeng Aluminum Wheel,3.7,(172),Industrial Machinery | Bawal +5 other locations,547,--
6679,Xpo Logistics,3.6,(163),Logistics | Mumbai +19 other locations,1.2k,--
6680,Ultratech India,3.8,(163),Pharma | Mumbai +60 other locations,800,11
6681,Scope eKnowledge Center,3.5,(163),IT Services & Consulting | Chennai +5 other locations,465,--
6682,St. Mary's School,3.9,(163),Education & Training | New Delhi +63 other locations,548,--
6683,Xotik Frujus,2.6,(163),Beverage | Mumbai +43 other locations,445,--
6684,Kamal Fincap,3.9,(163),Financial Services | Kota +81 other locations,352,1
6685,L&T Geostructure,3.9,(163),Chennai +29 other locations,382,--
6686,Leena AI,3.6,(163),Software Product | Gurugram +5 other locations,626,3
6687,Egniol Services Private Limited,2.4,(163),Legal | Ahmedabad +13 other locations,483,28
6688,Grupo Bimbo,3.5,(163),FMCG | New Delhi +26 other locations,803,--
6689,Sundaram Industries,3.6,(163),Auto Components | Chennai +15 other locations,799,4
6690,Trinity Mobility,2.6,(163),IT Services & Consulting | Bengaluru +8 other locations,1.2k,4
6691,VWR International,3.6,(163),Pharma | Coimbatore +6 other locations,1k,12
6692,Toluna,3.4,(163),Analytics & KPO | Gurugram +6 other locations,818,--
6693,Marsh India Insurance Brokers,4.2,(163),Insurance | Mumbai +12 other locations,965,16
6694,The House of Abhinandan Lodha,2.9,(163),Real Estate | Mumbai +7 other locations,660,8
6695,Ben Franklin,3.5,(163),Retail | Hyderabad +52 other locations,127,3
6696,Ajmal Perfumes,4.0,(163),Beauty & Personal Care | Mumbai +27 other locations,467,3
6697,Somika Sarl,4.1,(163),Metals & Mining | Vadodara +16 other locations,457,--
6698,Armstrong International,4.0,(163),Industrial Machinery | Chennai +25 other locations,704,9
6699,Zeiss Pharma,3.3,(163),Pharma | Jammu +11 other locations,614,24
6700,AMPLUS SOLAR,4.3,(163),Internet | Gurugram +19 other locations,808,--
6701,Mold Tek Packaging,3.9,(163),Packaging | Hyderabad +14 other locations,651,1
6702,AlgoShack,4.2,(163),Software Product | Bengaluru +1 other locations,434,74
6703,Abu Dhabi Oil Refining Company,4.3,(163),Oil & Gas | Abu Dhabi +13 other locations,548,--
6704,Stantec,3.8,(163),Engineering & Construction | Pune +7 other locations,1.2k,18
6705,Chembond Chemicals,3.8,(163),Agro Chemicals | Mumbai +23 other locations,701,42
6706,Chowgule Industries,3.5,(164),Auto Components | Pune +18 other locations,609,--
6707,Ellucian Higher Education Systems,3.6,(163),IT Services & Consulting | Bengaluru +3 other locations,1.4k,3
6708,Ivangel Sales & Services,3.7,(163),BPO | Mumbai +35 other locations,529,--
6709,DataTracks,3.3,(163),Financial Services | Chennai +4 other locations,1.1k,1
6710,Spun Micro Processing,3.9,(163),Auto Components | Gurugram +9 other locations,577,--
6711,Jewelex India,3.9,(163),Mumbai +4 other locations,641,--
6712,Servosys Solutions,2.9,(163),Financial Services | Mumbai +10 other locations,1.2k,5
6713,ARSS Infrastructure Projects,3.8,(162),Engineering & Construction | Bhubaneswar +19 other locations,499,--
6714,CleanMax Enviro Energy Solutions,4.3,(164),Power | Mumbai +27 other locations,819,36
6715,Agrawal Metal Works,3.9,(162),Metals & Mining | Bhiwadi +8 other locations,643,1
6716,StrategicERP,4.2,(162),Software Product | Mumbai +10 other locations,262,2
6717,Graphic Era University,3.6,(162),Education & Training | Dehradun +11 other locations,605,26
6718,Nanavati Max Super Speciality Hospital,3.5,(162),Mumbai +5 other locations,599,--
6719,Focus Softnet,3.6,(162),Software Product | Hyderabad +11 other locations,972,11
6720,Nanavati Max Super Speciality Hospital,3.5,(162),Mumbai +5 other locations,599,--
6721,Focus Softnet,3.6,(162),Software Product | Hyderabad +11 other locations,972,11
6722,Freyr Energy Services,3.6,(162),Power | Hyderabad +28 other locations,536,54
6723,Acute Informatics,3.1,(162),IT Services & Consulting | Ahmedabad +31 other locations,638,--
6724,Dar Al Handasah Consultants Shair And Partners,3.1,(163),Engineering & Construction | Pune +13 other locations,858,5
6725,Hotel Park Plaza,4.2,(162),Hospitality | New Delhi +18 other locations,451,--
6726,Enzen Global Solutions,2.7,(162),Power | Bengaluru +17 other locations,556,--
6727,Concentric,3.8,(162),Industrial Machinery | Bengaluru +18 other locations,873,1
6728,ARSS Infrastructure Projects,3.8,(162),Engineering & Construction | Bhubaneswar +19 other locations,499,--
6729,Agrawal Metal Works,3.9,(162),Metals & Mining | Bhiwadi +8 other locations,643,1
6730,StrategicERP,4.2,(162),Software Product | Mumbai +10 other locations,262,2
6731,Lapp India,4.2,(162),Electrical Equipment | Bengaluru +16 other locations,840,15
6732,Sms Integrated Facility Services,4.2,(162),Facility Management Services | Mumbai +27 other locations,635,19
6733,CGS,3.6,(162),IT Services & Consulting | Hyderabad +10 other locations,912,2
6734,Dynamic Techno Medicals,3.8,(162),Medical Equipment | Kochi +35 other locations,574,--
6735,ATYETI,4.0,(162),IT Services & Consulting | Pune +7 other locations,894,96
6736,Graphic Era University,3.6,(162),Education & Training | Dehradun +11 other locations,605,26
6737,Zodiac Clothing Company,3.3,(162),Fashion & Textile | Mumbai +26 other locations,463,1
6738,Sankara Nethralaya,3.8,(162),Non-Profit | Chennai +8 other locations,413,--
6739,Trinity Touch,4.3,(162),Electrical Equipment | Faridabad +11 other locations,775,27
6740,Medvarsity Online,3.1,(162),EdTech | Hyderabad +5 other locations,774,19
6741,Punjab & Sind Bank,3.3,(162),Banking | New Delhi +49 other locations,495,--
6742,Freyr Energy Services,3.6,(162),Power | Hyderabad +28 other locations,536,54
6743,CGS,3.6,(162),IT Services & Consulting | Hyderabad +10 other locations,912,2
6744,Acute Informatics,3.1,(162),IT Services & Consulting | Ahmedabad +31 other locations,638,--
6745,ATYETI,4.0,(162),IT Services & Consulting | Pune +7 other locations,894,96
6746,Dynamic Techno Medicals,3.8,(162),Medical Equipment | Kochi +35 other locations,574,--
6747,Dar Al Handasah Consultants Shair And Partners,3.1,(163),Engineering & Construction | Pune +13 other locations,858,5
6748,Prudent Corporate Advisory Services,4.1,(162),Investment Banking / Venture Capital / Private Equity | Ahmedabad +54 other locations,540,2
6749,Swiss Garnier Life Sciences,3.5,(162),Pharma | Chennai +11 other locations,720,3
6750,Trinity Touch,4.3,(162),Electrical Equipment | Faridabad +11 other locations,775,27
6751,Scientific Games,3.7,(166),Gaming | Bengaluru +5 other locations,286,--
6752,Arya Collateral Warehousing Services,4.3,(162),Agriculture | Noida +38 other locations,441,5
6753,Zodiac Clothing Company,3.3,(162),Fashion & Textile | Mumbai +26 other locations,463,1
6754,Sms Integrated Facility Services,4.2,(162),Facility Management Services | Mumbai +27 other locations,635,19
6755,Regal Rexnord Corporation,3.5,(162),Consumer Electronics & Appliances | Hyderabad +8 other locations,935,40
6756,NetCom Learning,3.2,(162),EdTech | Noida +19 other locations,666,38
6757,Back Office,4.0,(162),BPO | Mumbai +48 other locations,1.3k,--
6758,Aptia,2.7,(162),IT Services & Consulting | Mumbai +7 other locations,710,10
6759,Exotel,3.0,(162),Software Product | Bengaluru +7 other locations,1.3k,52
6760,Dipty Lal Judge Mal,3.9,(162),Retail | Noida +11 other locations,549,--
6761,TAL Manufacturing Solutions,3.5,(161),Industrial Machinery | Nagpur +6 other locations,442,--
6762,Wingtech Mobile Communication,4.0,(161),Electronics Manufacturing | Tirupati +7 other locations,697,--
6763,Ognibene India,3.7,(161),Industrial Machinery | Pune +7 other locations,887,--
6764,Orchid Hotel,3.7,(161),Hospitality | Mumbai +17 other locations,606,1
6765,Hansa Direct,3.3,(161),Marketing & Advertising | Mumbai +5 other locations,479,--
6766,Urban Money,2.8,(161),Mumbai +46 other locations,541,1
6767,Flovel Energy,3.9,(161),Power | Faridabad +6 other locations,643,1
6768,Acuvate Software,3.0,(161),Software Product | Hyderabad +4 other locations,1.1k,1
6769,Techno India Group,3.5,(161),EdTech | Kolkata +19 other locations,720,--
6770,Experion Technologies,4.0,(161),IT Services & Consulting | Kochi +5 other locations,1.5k,16
6771,IIT Delhi,4.2,(161),Education & Training | New Delhi +8 other locations,918,83
6772,DHL IT Services,3.8,(161),IT Services & Consulting | Chennai +8 other locations,1.4k,--
6773,JCT Limited,3.7,(161),Fashion & Textile | Phagwara +12 other locations,592,--
6774,Gujarat State Electricity Corporation,4.4,(161),Government | Ahmedabad +24 other locations,274,--
6775,Americana Group,3.7,(161),Food Processing | Hyderabad +23 other locations,333,--
6776,Delphi Automotive Systems,3.8,(161),Auto Components | Bengaluru +18 other locations,681,--
6777,Covestro,4.5,(161),Petrochemicals | Greater Noida +10 other locations,585,--
6778,Eastern Coalfields,4.1,(161),Metals & Mining | Asansol +18 other locations,278,--
6779,Exemed Pharmaceuticals,4.0,(161),Pharma | Vadodara +7 other locations,852,19
6780,Arcon TechSolutions,3.4,(161),IT Services & Consulting | Mumbai +12 other locations,981,--
6781,Semac Consultants,3.8,(161),Engineering & Construction | Bengaluru +19 other locations,633,--
6782,TruCap Finance,3.8,(161),Financial Services | Mumbai +37 other locations,510,--
6783,ARCHER Transnational Systems Private Limited,3.7,(161),Legal | Vadodara +2 other locations,466,10
6784,Mahindra Accelo,3.5,(161),Iron & Steel | Pune +13 other locations,537,17
6785,Proventech,4.1,(161),Software Product | Hyderabad +4 other locations,352,7
6786,Population Services International (PSI),3.8,(161),Non-Profit | New Delhi +41 other locations,430,--
6787,New Era Technology,3.5,(161),IT Services & Consulting | Bengaluru +4 other locations,1k,68
6788,Metayb,3.9,(161),IT Services & Consulting | Chennai +1 other locations,316,42
6789,HYOSUNG,3.5,(161),Electronics Manufacturing | Chhatrapati Sambhajinagar +11 other locations,736,--
6790,iVistec Partners India Private Limited,3.9,(161),IT Services & Consulting | Noida +5 other locations,544,4
6791,TIL,3.8,(161),Industrial Machinery | Kolkata +19 other locations,721,15
6792,Henkel,4.0,(161),Chemicals | Chennai +24 other locations,713,--
6793,efficiently,2.5,(161),Hyderabad +5 other locations,475,--
6794,J G Hosiery,3.3,(161),Fashion & Textile | Kolkata +17 other locations,644,--
6795,EssentiallySports,3.9,(161),Media & Entertainment | New Delhi +10 other locations,173,1
6796,B M Birla Heart Research Centre,3.6,(161),Healthcare | Kolkata +5 other locations,421,--
6797,Ideas2IT Technologies,3.6,(161),Software Product | Chennai +5 other locations,1.2k,--
6798,Sterling Information Resources,3.5,(161),Mumbai +5 other locations,673,--
6799,myTVS Parts & Accessories,3.8,(161),Auto Components | Chennai +30 other locations,426,--
6800,Ideas2IT Technologies,3.6,(161),Software Product | Chennai +5 other locations,1.2k,--
6801,Outlook,2.9,(160),New Delhi +14 other locations,137,--
6802,Saraswati Accountants Software,4.4,(160),IT Services & Consulting | New Delhi +4 other locations,124,--
6803,M.P. Power Transmission Company,3.8,(160),Power | Jabalpur +35 other locations,409,--
6804,Lilavati Hospital & Research Centre,3.8,(160),Healthcare | Mumbai +9 other locations,549,8
6805,Happy Forging,3.8,(160),Auto Components | Ludhiana +5 other locations,837,9
6806,EAPRO Global Ltd,4.2,(160),Consumer Electronics & Appliances | Roorkee +18 other locations,401,--
6807,University of Delhi,4.4,(160),Education & Training | New Delhi +4 other locations,943,--
6808,Net2source,3.4,(160),Recruitment | Noida +8 other locations,617,--
6809,Bimal Auto Agency,3.5,(160),Auto Components | Bengaluru +7 other locations,603,1
6810,Indo European Educational Services,4.3,(160),Education & Training | New Delhi +9 other locations,197,12
6811,India Power Corporation,3.8,(160),Power | Kolkata +8 other locations,724,--
6812,High Court Lucknow,4.5,(160),Law Enforcement & Security | Lucknow +24 other locations,1.1k,--
6813,Desai Construction,4.1,(160),Engineering & Construction | Valsad +21 other locations,557,7
6814,Innovision,3.0,(160),Facility Management Services | Gurugram +35 other locations,570,--
6815,Supple Tek Industries,3.2,(160),Food Processing | Amritsar +34 other locations,495,11
6816,Topre India,4.2,(160),Auto Components | Ahmedabad +10 other locations,636,--
6817,Welspun Specialty Solutions,3.8,(160),Iron & Steel | Bharuch +11 other locations,539,--
6818,Iprogrammer Solutions,4.1,(160),IT Services & Consulting | Pune +3 other locations,673,4
6819,Group Pharmaceuticals,3.8,(160),Pharma | Bengaluru +27 other locations,398,3
6820,Webdew,4.5,(160),IT Services & Consulting | Sahibzada Ajit Singh Nagar +9 other locations,150,3
6821,Khadi Natural Healthcare,4.1,(160),Fitness & Wellness | New Delhi +10 other locations,387,2
6822,AYTB,3.9,(160),Engineering & Construction | Al Jubail +14 other locations,337,--
6823,Amanta Healthcare,4.1,(160),Pharma | Ahmedabad +18 other locations,597,--
6824,Vitromed Healthcare,3.4,(160),Medical Equipment | Jaipur +6 other locations,621,1
6825,Mohani Tea Leaves,4.0,(160),FMCG | Kanpur +22 other locations,522,2
6826,Bayer Zydus Pharma,3.4,(160),Pharma | Mumbai +39 other locations,469,280
6827,Gea Process Engineering India,4.1,(160),Food Processing | Vadodara +7 other locations,751,13
6828,Masters' Union School of Business,3.1,(160),EdTech | Gurugram +2 other locations,723,43
6829,Yes Madam,4.2,(160),Internet | Noida +8 other locations,494,18
6830,Trafigura,3.1,(160),Logistics | Mumbai +4 other locations,1.1k,11
6831,Kesari Tours,3.5,(160),Travel & Tourism | Mumbai +14 other locations,674,8
6832,Makino,3.7,(160),Auto Components | Bengaluru +16 other locations,771,1
6833,M2P Fintech,3.0,(160),FinTech | Chennai +7 other locations,1.2k,2
6834,Billroth Hospitals,3.7,(160),Healthcare | Chennai +3 other locations,598,24
6835,Gopaljee Dairy Foods,4.4,(159),Food Processing | Noida +27 other locations,524,--
6836,Kanakadurga Finance,3.6,(159),NBFC | Vijayawada +53 other locations,461,--
6837,Innovassynth Technologies,3.4,(159),Chemicals | Khopoli +10 other locations,785,--
6838,Gmr Airport Developers,3.8,(159),Engineering & Construction | Hyderabad +10 other locations,670,--
6839,Enlist Management Consultants,3.2,(159),Recruitment | New Delhi +18 other locations,575,--
6840,Nimbus BPO,3.2,(159),BPO | Ranchi +6 other locations,521,1
6841,Melorra,3.0,(159),Internet | Bengaluru +15 other locations,811,--
6842,MResult Services,3.7,(159),IT Services & Consulting | Bengaluru +5 other locations,1.2k,4
6843,Parsons International,4.0,(159),IT Services & Consulting | Doha +14 other locations,216,--
6844,KRYFS POWER COMPONENTS,3.8,(159),Industrial Machinery | Mumbai +17 other locations,591,11
6845,Flatworld Mortgage Processing,3.6,(159),IT Services & Consulting | Bengaluru +4 other locations,681,--
6846,Seco Tools,4.3,(159),Metals & Mining | Pune +8 other locations,567,--
6847,Goel Construction,3.7,(159),Engineering & Construction | Jaipur +41 other locations,572,--
6848,Cherry Hill Interiors,4.0,(159),Architecture & Interior Design | New Delhi +11 other locations,538,1
6849,MELCO,3.7,(159),Industrial Machinery | Faridabad +31 other locations,543,--
6850,Escorts Railway Equipment Division,3.7,(159),Industrial Machinery | Faridabad +3 other locations,527,--
6851,Johnson Electric,3.7,(159),Electronics Manufacturing | Chennai +7 other locations,884,14
6852,ACI Worldwide,4.0,(159),Software Product | Bengaluru +5 other locations,1.4k,21
6853,TVS Upasana Engineering,3.7,(159),Automobile | Hosur +7 other locations,584,--
6854,Jotun Paints,3.8,(159),Petrochemicals | Pune +25 other locations,592,--
6855,Paracoat Products,3.6,(159),Auto Components | Hosur +10 other locations,802,9
6856,Oben Electric Vehicle,4.3,(159),Automobile | Bengaluru +10 other locations,385,12
6857,CollegePur,4.6,(159),Education & Training | Ghaziabad +7 other locations,7,--
6858,Hyland Software Solutions India LLP,4.1,(159),IT Services & Consulting | Kolkata +3 other locations,1.2k,41
6859,Tcs And Associates,3.4,(159),IT Services & Consulting | Chennai +22 other locations,1.6k,--
6860,Hubtown,3.5,(159),Engineering & Construction | Mumbai +9 other locations,637,2
6861,vSplash Techlabs,2.1,(159),IT Services & Consulting | Hyderabad +2 other locations,672,11
6862,Conde Nast India,2.8,(159),Printing & Publishing | Bengaluru +4 other locations,1.5k,20
6863,Sterlite Industries,3.9,(159),Other | Thoothukudi +19 other locations,614,--
6864,Johnson Electric,3.7,(159),Electronics Manufacturing | Chennai +7 other locations,884,14
6865,ACI Worldwide,4.0,(159),Software Product | Bengaluru +5 other locations,1.4k,21
6866,Escorts Railway Equipment Division,3.7,(159),Industrial Machinery | Faridabad +3 other locations,527,--
6867,GP Strategies,3.5,(159),Recruitment | Chennai +12 other locations,1.1k,11
6868,TVS Upasana Engineering,3.7,(159),Automobile | Hosur +7 other locations,584,--
6869,Zerodha,4.0,(159),FinTech | Bengaluru +22 other locations,765,1
6870,Hind Rectifiers,3.6,(159),Electrical Equipment | Mumbai +10 other locations,883,6
6871,CollegePur,4.6,(159),Education & Training | Ghaziabad +7 other locations,7,--
6872,Hyland Software Solutions India LLP,4.1,(159),IT Services & Consulting | Kolkata +3 other locations,1.2k,41
6873,AmpleLogic,3.8,(160),Software Product | Hyderabad +1 other locations,662,7
6874,Tcs And Associates,3.4,(159),IT Services & Consulting | Chennai +22 other locations,1.6k,--
6875,Equentis Wealth Advisory Services,3.3,(159),Financial Services | Mumbai +5 other locations,633,29
6876,Paracoat Products,3.6,(159),Auto Components | Hosur +10 other locations,802,9
6877,Oben Electric Vehicle,4.3,(159),Automobile | Bengaluru +10 other locations,385,12
6878,Canteen Stores Department,4.3,(159),Mumbai +60 other locations,302,--
6879,Peekay Steel Castings,4.0,(159),Iron & Steel | Coimbatore +8 other locations,659,1
6880,Webvio Technologies,4.3,(159),IT Services & Consulting | Kolkata +2 other locations,258,6
6881,Datavail Infotech,3.3,(159),IT Services & Consulting | Hyderabad +7 other locations,1.3k,42
6882,Broadcast Engineering Consultants India,3.4,(158),Government | New Delhi +26 other locations,697,--
6883,Anvil Cables,3.8,(158),Semiconductors | Kolkata +27 other locations,512,--
6884,Sharp Sight,4.0,(158),Healthcare | New Delhi +13 other locations,583,21
6885,Aakash Health Care,3.8,(158),Healthcare | New Delhi +5 other locations,533,11
6886,Grand View Research,3.0,(158),Analytics & KPO | Pune +3 other locations,985,6
6887,Milestone Gears,3.9,(158),Auto Components | Baddi +7 other locations,571,--
6888,Modi Builders & Realtors,3.0,(158),Engineering & Construction | Hyderabad +3 other locations,450,--
6889,Frick India,3.7,(158),Industrial Machinery | Faridabad +14 other locations,643,--
6890,Hartex Rubber,3.3,(158),Auto Components | Hyderabad +14 other locations,631,7
6891,Nexus Select Trust,4.0,(158),Retail | Bengaluru +17 other locations,678,1
6892,TI METAL FORMING,3.9,(158),Auto Components | Chennai +14 other locations,584,--
6893,Anthea Pharma,4.1,(158),Pharma | Hyderabad +4 other locations,449,13
6894,Dentsu Communications,3.3,(158),Marketing & Advertising | Pune +8 other locations,1.5k,1
6895,Idexcel Technologies,3.3,(158),IT Services & Consulting | Bengaluru +12 other locations,1.1k,60
6896,ICONMA,3.0,(158),Recruitment | Hyderabad +3 other locations,701,--
6897,IndianOil Skytanking,3.0,(158),Oil & Gas | New Delhi +14 other locations,599,2
6898,Basicfirst Learning,2.7,(158),EdTech | New Delhi +25 other locations,234,--
6899,Tulip Diagnostics,3.9,(158),Medical Equipment | Kolkata +39 other locations,503,--
6900,American Institute of Pathology and Laboratory Sciences,4.3,(158),Healthcare | Hyderabad +30 other locations,538,5
6901,5K Car Care,4.5,(158),Other | Coimbatore +13 other locations,255,5
6902,Kalburgi Cement,3.4,(158),Building Material | Kalaburagi +16 other locations,545,--
6903,ROI NET Solution,4.2,(158),FinTech | Gurugram +37 other locations,422,1
6904,Pyrotech Electronics,3.0,(158),Electronics Manufacturing | Udaipur +11 other locations,694,7
6905,Lotus Footwear Enterprises,4.1,(158),Fashion & Textile | Chennai +11 other locations,564,--
6906,Jyote Motors,3.8,(158),Automobile | Bhubaneswar +12 other locations,485,--
6907,Oakridge International School,3.5,(158),Education & Training | Hyderabad +11 other locations,478,20
6908,Curateq Biologics,3.3,(158),Biotechnology | Hyderabad +5 other locations,744,6
6909,Sampark Logistics,3.4,(158),Logistics | Faridabad +21 other locations,541,1
6910,Baggit,2.6,(158),Fashion & Textile | Mumbai +28 other locations,552,--
6911,Shree Technocrat Communication Systems,3.8,(158),Telecom | New Delhi +20 other locations,682,1
6912,Emmbi Industries,3.8,(158),Packaging | Dadra & Nagar Haveli +14 other locations,684,--
6913,Trayee Business Solutions,3.5,(158),BPO | Chennai +2 other locations,512,--
6914,Strategic Learning Solutions,4.0,(158),BPO | Gurugram +28 other locations,529,1
6915,Makino Auto Industries,3.9,(158),Automobile | Noida +10 other locations,573,--
6916,Petroexcel Technology Services,3.4,(158),Oil & Gas | Vadodara +10 other locations,576,8
6917,Lrs Services,3.6,(158),IT Services & Consulting | Mumbai +24 other locations,779,2
6918,Amphenol Omniconnect - India,3.9,(158),Electronics Manufacturing | Chennai +4 other locations,979,--
6919,Enaltec Labs,3.0,(158),Pharma | Mumbai +6 other locations,728,1
6920,Sharp Business Systems India,3.6,(158),Consumer Electronics & Appliances | New Delhi +26 other locations,515,--
6921,Enterslice,3.8,(158),FinTech | Noida +4 other locations,506,16
6922,Gera Developments,4.0,(158),Real Estate | Pune +5 other locations,673,2
6923,3Pillar Global,3.2,(158),Software Product | Noida +4 other locations,1k,--
6924,Auto Mechanics,2.7,(158),Kolkata +8 other locations,157,--
6925,Envision Enterprise Solutions,2.8,(158),IT Services & Consulting | Hyderabad +7 other locations,901,2
6926,Helo.ai by VivaConnect,4.3,(158),Telecom | Mumbai +2 other locations,467,11
6927,GreenCell Mobility,3.4,(158),Logistics | Mumbai +24 other locations,518,10
6928,Export Trading group,3.5,(158),IT Services & Consulting | Bengaluru +20 other locations,746,3
6929,Synchronoss Technologies,4.2,(158),Telecom | Bengaluru +4 other locations,1.3k,3
6930,Ccl Products,4.2,(158),Beverage | Hyderabad +26 other locations,646,7
6931,Tracks Components,3.2,(158),Pune +8 other locations,899,--
6932,Smart Drive Systems,3.4,(158),IT Services & Consulting | Hyderabad +3 other locations,712,--
6933,ACE Group,4.1,(158),Real Estate | Noida +26 other locations,679,--
6934,Deepak Foundation,3.8,(158),Non-Profit | Vadodara +31 other locations,382,--
6935,Inductotherm,3.9,(158),Industrial Machinery | Ahmedabad +13 other locations,660,10
6936,Verinite Technologies,4.1,(158),IT Services & Consulting | Pune +2 other locations,609,12
6937,VK Building Services,4.0,(158),Engineering & Construction | Bengaluru +14 other locations,548,12
6938,Cadeploy Engineering,3.2,(158),Engineering & Construction | Hyderabad +6 other locations,723,8
6939,Amagi Media Labs,3.4,(158),Software Product | Bengaluru +3 other locations,1.1k,19
6940,Cadeploy Engineering,3.2,(158),Engineering & Construction | Hyderabad +6 other locations,723,8
6941,ACE Group,4.1,(158),Real Estate | Noida +26 other locations,679,--
6942,Egon Zehnder International,3.6,(158),Management Consulting | Gurugram +5 other locations,939,39
6943,TC Global,3.6,(158),New Delhi +17 other locations,491,8
6944,Maharashtra State Electricity Transmission Company,4.2,(157),Government | Mumbai +36 other locations,480,--
6945,Khivraj Motors,3.9,(157),Automobile | Chennai +7 other locations,597,6
6946,Vihaan Networks,4.1,(157),Telecom | Gurugram +22 other locations,723,--
6947,GKB Opticals,4.5,(157),Retail | Kolkata +23 other locations,372,--
6948,Steer Engineering,3.3,(157),Engineering & Construction | Bengaluru +4 other locations,886,1
6949,Deepak Chem Tech,4.0,(157),Chemicals | Bharuch +7 other locations,645,--
6950,HYOSUNG T&D,3.9,(157),Electrical Equipment | Pune +5 other locations,938,15
6951,Inshorts,3.5,(157),Internet | Noida +10 other locations,646,--
6952,Niyo Solutions,3.1,(157),Financial Services | Bengaluru +14 other locations,1k,11
6953,Partha Dental,3.7,(157),Healthcare | Hyderabad +16 other locations,336,5
6954,eBIZ.com,2.6,(157),EdTech | Noida +23 other locations,152,--
6955,Prateek Group,3.8,(157),Real Estate | Noida +4 other locations,512,4
6956,Orange City Water,3.8,(157),Waste Management | Nagpur +3 other locations,453,--
6957,Aligarh Muslim University,4.6,(157),Education & Training | Aligarh +9 other locations,401,--
6958,Pravin Masalewale,4.0,(157),FMCG | Pune +39 other locations,544,--
6959,An Pharmaceuticals,4.2,(157),Pharma | New Delhi +16 other locations,153,13
6960,DCM Infotech,3.4,(157),IT Services & Consulting | New Delhi +13 other locations,799,5
6961,Manomav Engineers,4.0,(157),Engineering & Construction | Noida +12 other locations,342,--
6962,Chandak Group,4.3,(157),Real Estate | Mumbai +6 other locations,707,--
6963,Ideaforge Technology,3.5,(157),Internet | Mumbai +7 other locations,978,36
6964,Atotech,3.9,(157),Chemicals | Gurugram +11 other locations,775,1
6965,Grundfos,4.1,(157),Industrial Machinery | Chennai +18 other locations,754,26
6966,Acme Formulation,3.1,(157),Pharma | Baddi +9 other locations,720,12
6967,CTX Life Science,3.9,(157),Pharma | Surat +6 other locations,690,2
6968,Jobby Engineers,4.2,(157),Engineering & Construction | Mumbai +19 other locations,590,1
6969,Qatargas,4.6,(157),Oil & Gas | Mumbai +15 other locations,514,--
6970,Centelon,3.2,(157),IT Services & Consulting | Pune +9 other locations,543,12
6971,Anabeeb,4.0,(157),Oil & Gas | Al Jubail +14 other locations,365,--
6972,Enquero,4.1,(157),IT Services & Consulting | Bengaluru +5 other locations,1.6k,--
6973,MT Autocraft,4.0,(157),Auto Components | Rohtak +11 other locations,571,--
6974,Paushak,3.8,(157),Chemicals | Vadodara +6 other locations,720,--
6975,Gemini Edibles & Fats India,4.1,(157),Food Processing | Kakinada +22 other locations,561,--
6976,Safeguard Global,3.6,(157),Recruitment | New Delhi +8 other locations,968,4
6977,Vitech Systems Asia,3.5,(157),IT Services & Consulting | Hyderabad +2 other locations,1.4k,--
6978,Saint-Gobain Weber,3.9,(157),Engineering & Construction | Mumbai +32 other locations,625,--
6979,Verity Knowledge Solutions,3.1,(157),Investment Banking / Venture Capital / Private Equity | Hyderabad +5 other locations,1.1k,--
6980,Rayden Interactive,2.7,(157),IT Services & Consulting | Pune +2 other locations,741,--
6981,Jobby Engineers,4.2,(157),Engineering & Construction | Mumbai +19 other locations,590,1
6982,West Coast Pharmaceuticals,2.8,(157),Pharma | Ahmedabad +11 other locations,668,1
6983,Pasco Automobiles,4.1,(157),Automobile | Gurugram +10 other locations,580,1
6984,Edujobs Academy,3.3,(157),Education & Training | Kolkata +28 other locations,309,--
6985,Solera,3.1,(157),IT Services & Consulting | Bengaluru +3 other locations,1.2k,6
6986,Nipha Exports,3.7,(157),Industrial Machinery | Kolkata +9 other locations,788,3
6987,Kenvue,3.6,(157),Beauty & Personal Care | Bengaluru +26 other locations,1k,163
6988,KK Spun Pipes,3.2,(156),Industrial Machinery | New Delhi +18 other locations,700,--
6989,Prabha Engineering,3.7,(156),Auto Components | Pune +15 other locations,801,--
6990,Satec Envir Engineering (I),4.2,(156),Engineering & Construction | Mumbai +7 other locations,363,7
6991,Doms Industries,3.8,(156),Other | Umbergaon +29 other locations,709,--
6992,Skechers South Asia,4.2,(157),Retail | Mumbai +35 other locations,655,--
6993,Nivara Home Finance,3.9,(157),Financial Services | Bengaluru +35 other locations,489,10
6994,Homesfy Realty,3.6,(156),Real Estate | Mumbai +8 other locations,489,48
6995,Shimizu,4.1,(156),Engineering & Construction | Bengaluru +15 other locations,551,--
6996,Kemwell Biopharma,3.3,(156),Biotechnology | Bengaluru +4 other locations,649,--
6997,Synmac Consultants,4.1,(156),Accounting & Auditing | Chennai +3 other locations,59,31
6998,Marsh McLennan Global Services,4.1,(156),Financial Services | Mumbai +6 other locations,673,1
6999,YuppTV,3.4,(156),Broadcasting | Hyderabad +4 other locations,1.1k,--
7000,Pace Power Systems,3.5,(156),Electrical Equipment | Bengaluru +41 other locations,419,--
7001,Khushi Advertising Ideas Private Limited,4.5,(156),Marketing & Advertising | Mumbai +22 other locations,261,6
7002,Rorito International,3.7,(156),Other | Chennai +36 other locations,579,1
7003,Topsoe,3.9,(156),Chemicals | Faridabad +5 other locations,605,3
7004,PMI Electro Mobility Solutions,3.9,(156),Automobile | Dharuhera +22 other locations,601,--
7005,Chloride Metals,3.6,(156),Haldia +12 other locations,633,--
7006,Bankai Infotech,3.2,(157),IT Services & Consulting | Ahmedabad +7 other locations,902,6
7007,Krishna Buildestates,3.7,(156),Engineering & Construction | New Delhi +12 other locations,489,--
7008,HCL Foundation,4.4,(156),Non-Profit | Lucknow +12 other locations,540,--
7009,Opus Technologies,3.1,(156),FinTech | Pune +6 other locations,860,11
7010,Daramic Battery Separator India,3.7,(156),Electrical Equipment | Bharuch +8 other locations,609,--
7011,Hansa Cequity,3.0,(156),Marketing & Advertising | Mumbai +5 other locations,840,22
7012,MathWorks,3.9,(156),Software Product | Bengaluru +5 other locations,1.1k,4
7013,Gulshan Polyols,3.4,(156),Chemicals | New Delhi +16 other locations,614,--
7014,Mahanadi Coalfields,4.5,(156),Metals & Mining | Sambalpur +22 other locations,247,--
7015,bgr Mining infra pvt Ltd,4.0,(156),Metals & Mining | Hyderabad +18 other locations,569,4
7016,Axis Sales,4.5,(156),Financial Services | Mumbai +68 other locations,459,--
7017,Clearwater Analytics,2.6,(156),Internet | Noida +6 other locations,1.1k,--
7018,Cease Fire,2.8,(156),New Delhi +42 other locations,641,--
7019,Attero Recycling,4.4,(156),Semiconductors | Noida +12 other locations,424,84
7020,Vibracoustic,3.6,(156),Automobile | Noida +11 other locations,584,--
7021,Yashoda Super Speciality Hospitals,3.8,(156),Hyderabad +8 other locations,704,--
7022,Attero Recycling,4.4,(156),Semiconductors | Noida +12 other locations,424,84
7023,Hirschvogel Components,4.0,(156),Auto Components | Pune +4 other locations,728,6
7024,EMB Global,4.4,(155),Internet | Gurugram +2 other locations,420,--
7025,Avantha Technologies,3.4,(155),IT Services & Consulting | Gurugram +9 other locations,754,--
7026,Cape East,3.4,(155),Industrial Machinery | Doha +12 other locations,307,--
7027,Fairfield Inn by Marriott,4.2,(160),Hyderabad +22 other locations,339,--
7028,SKS Fasteners,3.4,(155),Auto Components | Pune +5 other locations,682,--
7029,Texila Educational And Management Services,4.0,(155),Education & Training | Coimbatore +7 other locations,533,2
7030,Milltec Machinery Pvt Ltd Bangalore,4.0,(155),Industrial Machinery | Bengaluru +23 other locations,656,--
7031,BIZONGO,3.1,(155),Emerging Technologies | Mumbai +11 other locations,968,--
7032,Him Teknoforge,3.5,(155),Auto Components | Baddi +13 other locations,536,4
7033,Anchor Health and Beauty Care,4.0,(155),Beauty & Personal Care | Mumbai +40 other locations,538,--
7034,GAIN Credit,3.9,(156),FinTech | Chennai +6 other locations,659,1
7035,Rajhans (Desai-Jain) Group,4.0,(155),Real Estate | Surat +16 other locations,442,--
7036,Jharkhand State Livelihood Promotion Society,3.6,(155),Government | Ranchi +31 other locations,366,--
7037,TAAZAA,4.0,(155),IT Services & Consulting | Noida +2 other locations,758,26
7038,Sahu Exports,4.2,(155),Fashion & Textile | Noida +6 other locations,568,--
7039,SECON Private Limited Bangalore INDIA,3.5,(155),Engineering & Construction | Bengaluru +16 other locations,534,15
7040,Nido Machineries,3.6,(155),Industrial Machinery | Mumbai +16 other locations,577,11
7041,MAT Brakes,4.1,(155),Industrial Machinery | Sonipat +9 other locations,627,3
7042,Mahavir Die Casters,4.0,(155),Auto Components | Gurugram +6 other locations,497,--
7043,Sanyo Special Steel Manufacturing,4.1,(155),Iron & Steel | Khopoli +8 other locations,680,5
7044,Eastman Industries,3.9,(155),Auto Components | Ludhiana +6 other locations,339,1
7045,Ram Kripal Singh Construction,3.7,(155),Engineering & Construction | Ranchi +32 other locations,492,--
7046,EMB Global,4.4,(155),Internet | Gurugram +2 other locations,420,--
7047,Avantha Technologies,3.4,(155),IT Services & Consulting | Gurugram +9 other locations,754,--
7048,Cape East,3.4,(155),Industrial Machinery | Doha +12 other locations,307,--
7049,Him Teknoforge,3.5,(155),Auto Components | Baddi +13 other locations,536,4
7050,GAIN Credit,3.9,(156),FinTech | Chennai +6 other locations,659,1
7051,Texila Educational And Management Services,4.0,(155),Education & Training | Coimbatore +7 other locations,533,2
7052,SKS Fasteners,3.4,(155),Auto Components | Pune +5 other locations,682,--
7053,Rajhans (Desai-Jain) Group,4.0,(155),Real Estate | Surat +16 other locations,442,--
7054,Anchor Health and Beauty Care,4.0,(155),Beauty & Personal Care | Mumbai +40 other locations,538,--
7055,Pioneer e Solutions,3.6,(155),IT Services & Consulting | New Delhi +37 other locations,579,2
7056,Euro School,3.6,(155),Education & Training | Bengaluru +16 other locations,571,--
7057,Health Prime International,3.1,(155),Analytics & KPO | Mumbai +7 other locations,739,--
7058,MRC Logistics,4.0,(155),Logistics | Pune +42 other locations,602,--
7059,BigStep Technologies,4.4,(155),IT Services & Consulting | Gurugram +2 other locations,478,13
7060,Pearl Beverages,3.1,(155),Beverage | Guntur +18 other locations,541,5
7061,TeamLease Edtech,3.1,(155),EdTech | Mumbai +26 other locations,638,2
7062,Conserve Solution,3.9,(155),Engineering & Construction | Chennai +8 other locations,461,20
7063,MRC Logistics,4.0,(155),Logistics | Pune +42 other locations,602,--
7064,Interactive Avenues,3.2,(155),Marketing & Advertising | Mumbai +6 other locations,1.1k,--
7065,Health Prime International,3.1,(155),Analytics & KPO | Mumbai +7 other locations,739,--
7066,Euro School,3.6,(155),Education & Training | Bengaluru +16 other locations,571,--
7067,BigStep Technologies,4.4,(155),IT Services & Consulting | Gurugram +2 other locations,478,13
7068,Giridhan Metal,4.0,(155),Iron & Steel | Asansol +12 other locations,480,--
7069,PMJ Gems & Jewellers,3.6,(155),Jewellery | Hyderabad +19 other locations,553,--
7070,Creditas Solutions,2.7,(155),FinTech | Gurugram +4 other locations,704,3
7071,India1 Payments,3.8,(156),Financial Services | Bengaluru +25 other locations,558,--
7072,Shubhalakshmi Polyesters,3.7,(155),Fashion & Textile | Bharuch +11 other locations,729,--
7073,Signzy Technologies,3.0,(155),Software Product | Bengaluru +8 other locations,911,27
7074,Ramco Steels,4.0,(155),Iron & Steel | Faridabad +6 other locations,656,--
7075,Colgate Global Business Services,3.6,(155),IT Services & Consulting | Mumbai +4 other locations,708,--
7076,FreshToHome,3.6,(155),Retail | Bengaluru +20 other locations,755,5
7077,Deepija Telecom,3.9,(155),Software Product | Hyderabad +14 other locations,742,5
7078,Bhartiya International,3.5,(155),Fashion & Textile | Bengaluru +12 other locations,799,--
7079,CDW,4.4,(155),IT Services & Consulting | Chennai +4 other locations,1.2k,4
7080,Sonyo Management Consultants,4.4,(155),Recruitment | New Delhi +11 other locations,356,--
7081,Enova Facilities Management LLC,4.2,(154),Facility Management Services | Dubai +15 other locations,245,--
7082,Agilent Technologies International,4.1,(154),Gurugram +7 other locations,568,--
7083,Rubicon Skill Development,2.6,(154),Pune +13 other locations,344,1
7084,Avinash Group,3.6,(154),Real Estate | Raipur +8 other locations,545,4
7085,Ankur Seeds,4.2,(154),Agriculture | Nagpur +41 other locations,388,--
7086,Modenik Lifestyle,3.7,(154),Fashion & Textile | Bengaluru +31 other locations,616,1
7087,Vortex Engineering,4.0,(154),IT Services & Consulting | Chennai +24 other locations,637,11
7088,SoftTech Engineers Limited,3.3,(154),IT Services & Consulting | Pune +23 other locations,1k,17
7089,HMD Global,3.7,(154),Electronics Manufacturing | Gurugram +43 other locations,612,6
7090,Topsel Toyota,3.7,(154),Automobile | Kolkata +9 other locations,354,22
7091,Central Coalfields,4.4,(154),Metals & Mining | Ranchi +11 other locations,297,--
7092,Future Consumer,4.4,(154),FMCG | Mumbai +28 other locations,674,--
7093,Dream Plast India,3.8,(154),Industrial Machinery | Pune +6 other locations,763,1
7094,Uniproducts,3.5,(154),Auto Components | Rewari +13 other locations,772,--
7095,Dr. Ram Manohar Lohia Hospital,4.3,(154),Healthcare | New Delhi +10 other locations,390,--
7096,Amity International School,3.8,(154),Education & Training | New Delhi +18 other locations,664,--
7097,Axis Securities and Sales,3.5,(154),Mumbai +58 other locations,764,--
7098,Replicon,3.5,(154),Software Product | Bengaluru +4 other locations,1.2k,41
7099,Ajit Industries Pvt.Ltd,4.2,(154),Chemicals | New Delhi +34 other locations,485,5
7100,IPG Mediabrands,3.3,(154),Marketing & Advertising | Pune +10 other locations,1.5k,5
7101,Mosaic Wellness,3.4,(154),Fitness & Wellness | Mumbai +8 other locations,553,57
7102,Sahyadri Farms,3.7,(168),Internet | Nashik +14 other locations,801,14
7103,Si Creva Capital Services,3.6,(154),Mumbai +60 other locations,306,--
7104,Krishna Institute of Medical Sciences,3.8,(154),Healthcare | Hyderabad +18 other locations,626,19
7105,Newton School: Pay after Placement,3.4,(154),Internet | Bengaluru +7 other locations,918,103
7106,Garuda Power,3.2,(154),Industrial Machinery | Kolkata +22 other locations,468,3
7107,Thermo Systems India,4.0,(154),Semiconductors | Hyderabad +26 other locations,638,--
7108,Netcon Technologies,3.5,(154),IT Services & Consulting | Chennai +13 other locations,1k,--
7109,Coherent Market Insights,3.5,(154),Management Consulting | Pune,337,9
7110,Premium Chick Feeds,3.6,(153),Pune +53 other locations,524,--
7111,Aptronix - Apple Premium Reseller,3.9,(155),Electrical Equipment | Hyderabad +19 other locations,615,--
7112,Zuno General Insurance,3.9,(154),Financial Services | Mumbai +9 other locations,331,--
7113,Goel Ganga Developments,3.8,(155),Real Estate | Pune +2 other locations,659,3
7114,StoreKing,3.6,(154),Internet | Bengaluru +19 other locations,707,12
7115,SmartED Innovations,4.1,(154),Education & Training | Bengaluru +4 other locations,42,--
7116,Electronics Mart India,3.4,(168),Retail | Hyderabad +26 other locations,629,--
7117,Unschool Learning,3.3,(154),EdTech | Hyderabad +7 other locations,205,--
7118,Naari Pharma,2.9,(154),Pharma | Rudrapur +12 other locations,652,--
7119,Hills Cement Company,3.1,(154),Engineering & Construction | Guwahati +10 other locations,584,5
7120,Si Creva Capital Services,3.6,(154),Mumbai +60 other locations,306,--
7121,Juspay Technologies,4.0,(154),FinTech | Bengaluru +6 other locations,2k,--
7122,Krishna Institute of Medical Sciences,3.8,(154),Healthcare | Hyderabad +18 other locations,626,19
7123,Dixcy Textiles,4.2,(154),Bengaluru +34 other locations,614,--
7124,Indovance Inc,3.1,(155),Design | Pune +3 other locations,591,1
7125,Plintron Global Technology Solutions,3.0,(153),Telecom | Chennai +3 other locations,1k,--
7126,Exim Logistics,4.1,(153),Logistics | Bhubaneswar +21 other locations,301,--
7127,MoreTasks,4.4,(153),IT Services & Consulting | Gurugram +2 other locations,249,--
7128,MBit Computraining,3.7,(153),Recruitment | Hyderabad +20 other locations,589,--
7129,CCS Computers,4.0,(153),IT Services & Consulting | New Delhi +23 other locations,690,12
7130,Maven Silicon,4.1,(153),Semiconductors | Bengaluru +7 other locations,336,10
7131,FreshMenu,3.1,(153),Internet | Bengaluru +10 other locations,539,--
7132,Intec Infra-Technologies,3.8,(153),Gurugram +5 other locations,342,3
7133,RS Software (India) Ltd.,3.4,(153),FinTech | Kolkata +4 other locations,552,11
7134,Premier Irrigation Adritec,3.8,(153),Agriculture | Kolkata +30 other locations,382,1
7135,DDB Mudra Group,3.5,(153),Marketing & Advertising | Mumbai +24 other locations,839,--
7136,Enercon,4.1,(153),Power | Bengaluru +22 other locations,496,4
7137,United Industries,3.7,(160),Industrial Machinery | Chennai +14 other locations,909,--
7138,Magma Housing Finance,4.5,(153),Financial Services | Kolkata +61 other locations,372,--
7139,Air India Engineering Services,3.6,(153),Industrial Machinery | Mumbai +11 other locations,434,--
7140,Delval Flow Controls,4.2,(153),Industrial Machinery | Pune +8 other locations,815,4
7141,Durr India,3.5,(153),Industrial Automation | Chennai +7 other locations,823,6
7142,Yotta Infrastructure Solutions,3.7,(163),IT Services & Consulting | Mumbai +11 other locations,1.1k,41
7143,Enercon,4.1,(153),Power | Bengaluru +22 other locations,496,4
7144,JCBL,3.5,(153),Auto Components | Chandigarh +18 other locations,618,24
7145,Diversey,4.1,(153),Chemicals | Mumbai +31 other locations,613,--
7146,Narayan Seva Sansthan,4.2,(153),Non-Profit | Udaipur +10 other locations,274,13
7147,High Street Essentials,3.6,(153),Retail | Noida +18 other locations,483,14
7148,United Industries,3.7,(160),Industrial Machinery | Chennai +14 other locations,909,--
7149,Sikka Group,3.4,(153),Real Estate | New Delhi +11 other locations,559,--
7150,Classcanyon,4.5,(153),Education & Training | Greater Noida +4 other locations,62,--
7151,Casino Air Caterers & Flight Services,4.1,(153),Facility Management Services | Kochi +19 other locations,604,3
7152,Sumeru Software Solutions,3.4,(153),IT Services & Consulting | Bengaluru +13 other locations,1.1k,--
7153,Eagleview,3.4,(153),Software Product | Bengaluru +4 other locations,952,20
7154,Bill Forge,4.2,(153),Auto Components | Bengaluru +8 other locations,466,--
7155,Vasant Masala,4.2,(153),Retail | Ahmedabad +24 other locations,425,6
7156,Maven Silicon,4.1,(153),Semiconductors | Bengaluru +7 other locations,336,10
7157,Srijan Technologies,3.2,(153),IT Services & Consulting | New Delhi +13 other locations,913,26
7158,DDB Mudra Group,3.5,(153),Marketing & Advertising | Mumbai +24 other locations,839,--
7159,Premier Irrigation Adritec,3.8,(153),Agriculture | Kolkata +30 other locations,382,1
7160,Diversey,4.1,(153),Chemicals | Mumbai +31 other locations,613,--
7161,JConnect Infotech,3.4,(153),Recruitment | Noida +9 other locations,664,--
7162,High Street Essentials,3.6,(153),Retail | Noida +18 other locations,483,14
7163,Casino Air Caterers & Flight Services,4.1,(153),Facility Management Services | Kochi +19 other locations,604,3
7164,Yotta Infrastructure Solutions,3.7,(163),IT Services & Consulting | Mumbai +11 other locations,1.1k,41
7165,Classcanyon,4.5,(153),Education & Training | Greater Noida +4 other locations,62,--
7166,Sikka Group,3.4,(153),Real Estate | New Delhi +11 other locations,559,--
7167,Crowe Horwath,3.7,(153),Accounting & Auditing | Noida +10 other locations,1.1k,8
7168,E C R Buildtech,3.9,(152),Engineering & Construction | New Delhi +30 other locations,420,--
7169,Simpl,2.8,(152),Internet | Bengaluru +1 other locations,858,--
7170,Chryso,3.8,(152),Chemicals | Mumbai +24 other locations,623,--
7171,Be10X,4.4,(152),Education & Training | Kolkata +4 other locations,121,--
7172,Sabyasachi Couture,3.8,(152),Fashion & Textile | Kolkata +5 other locations,668,--
7173,Aurolab,3.9,(152),Medical Equipment | Madurai +30 other locations,581,7
7174,Electrolab,3.6,(152),Medical Equipment | Mumbai +13 other locations,588,9
7175,Ceratizit,4.3,(152),Industrial Machinery | Bengaluru +14 other locations,671,6
7176,Namra Finance,3.9,(152),Financial Services | Ahmedabad +74 other locations,421,--
7177,The Knowledge Academy,2.6,(152),Education & Training | Bengaluru +7 other locations,732,--
7178,Altair Engineering,3.9,(152),IT Services & Consulting | Bengaluru +7 other locations,849,--
7179,HomeShop18,4.0,(152),Internet | Noida +14 other locations,478,1
7180,University of Engineering and Management,4.5,(152),Education & Training | Kolkata +16 other locations,300,--
7181,HomeShop18,4.0,(152),Internet | Noida +14 other locations,478,1
7182,Intelux Electronics,4.1,(152),Electronics Manufacturing | Pune +13 other locations,583,4
7183,Costa Coffee,3.7,(152),Beverage | New Delhi +27 other locations,341,--
7184,Sabyasachi Couture,3.8,(152),Fashion & Textile | Kolkata +5 other locations,668,--
7185,Aurolab,3.9,(152),Medical Equipment | Madurai +30 other locations,581,7
7186,Electrolab,3.6,(152),Medical Equipment | Mumbai +13 other locations,588,9
7187,Farmson Pharmaceutical,3.1,(154),Pharma | Vadodara +10 other locations,816,--
7188,Namra Finance,3.9,(152),Financial Services | Ahmedabad +74 other locations,421,--
7189,NELCAST,3.7,(152),Iron & Steel | Chennai +9 other locations,684,1
7190,Altair Engineering,3.9,(152),IT Services & Consulting | Bengaluru +7 other locations,849,--
7191,AKM Global,4.1,(152),Accounting & Auditing | Gurugram +12 other locations,426,22
7192,Be10X,4.4,(152),Education & Training | Kolkata +4 other locations,121,--
7193,B.P. Poddar Hospital & Medical Research,2.9,(153),Healthcare | Kolkata +4 other locations,483,--
7194,Accentuate Technology,4.1,(152),IT Services & Consulting | Bengaluru +12 other locations,975,--
7195,TV9 Network,3.6,(152),Media & Entertainment | Noida +12 other locations,832,--
7196,Advaith Motors,4.2,(152),Automobile | Bengaluru +11 other locations,497,4
7197,Corbus,3.5,(152),IT Services & Consulting | Noida +5 other locations,556,3
7198,Ceratizit,4.3,(152),Industrial Machinery | Bengaluru +14 other locations,671,6
7199,Java R & D,2.7,(152),IT Services & Consulting | Bhopal +7 other locations,644,7
7200,Encotec Energy,4.2,(155),Power | Noida +31 other locations,514,--
7201,Warner Bros. Discovery,3.7,(152),Media & Entertainment | Hyderabad +7 other locations,1.7k,66
7202,Payswiff Solutions,4.0,(152),FinTech | Hyderabad +29 other locations,829,--
7203,P.N. International,4.0,(152),Import & Export | Lucknow +8 other locations,698,--
7204,Hyatt Place,4.0,(152),Hospitality | Pune +25 other locations,352,--
7205,Simple Logic IT,3.5,(152),IT Services & Consulting | Mumbai +3 other locations,886,31
7206,BEO Software,4.2,(152),IT Services & Consulting | Kochi +3 other locations,436,9
7207,Raam Group,3.5,(152),Automobile | Hyderabad +8 other locations,557,53
7208,e-Centric Solutions,3.3,(151),IT Services & Consulting | Hyderabad +30 other locations,566,--
7209,Log 9 Materials Scientific,3.3,(151),Emerging Technologies | Bengaluru +10 other locations,690,20
7210,Oerlikon Graziano Transmission,4.2,(151),Industrial Machinery | Ahmedabad +12 other locations,286,--
7211,Global Trade Plaza,4.8,(151),Internet | Kanpur +4 other locations,57,4
7212,Solaris Chemtech,4.5,(151),Chemicals | Bhuj +13 other locations,591,--
7213,K.R.Mangalam World School,4.2,(151),Education & Training | New Delhi +10 other locations,452,13
7214,Rich Graviss Products,4.1,(151),FMCG | Pune +26 other locations,572,1
7215,Arabian Fal,2.9,(151),Oil & Gas | Ras Tanura +16 other locations,291,--
7216,Reynolds,4.3,(151),Other | Chennai +30 other locations,482,--
7217,Shrachi Group,2.5,(151),Real Estate | Kolkata +14 other locations,438,54
7218,Concorde Motors,3.8,(151),Automobile | Bengaluru +12 other locations,357,--
7219,KDDL,3.7,(151),Metals & Mining | Bengaluru +10 other locations,680,1
7220,Meenakshi Mission Hospital & Research Centre,4.2,(151),Healthcare | Madurai +13 other locations,589,--
7221,Executive Ship Management,4.0,(151),Ports & Shipping | Mumbai +15 other locations,611,2
7222,Shinhan Bank,3.5,(152),Banking | Mumbai +10 other locations,852,4
7223,Talent Corner HR Services,3.7,(151),Recruitment | Mumbai +29 other locations,349,--
7224,Sundyota Numandis Pharmaceuticals,4.0,(151),Pharma | Ahmedabad +29 other locations,450,26
7225,Deendayal Antyodaya Yojana-National Rural Livelihoods Mission,4.1,(151),Government | New Delhi +71 other locations,298,--
7226,Alcatel-Lucent,4.4,(151),Telecom | Bengaluru +24 other locations,505,--
7227,SP Apparels,4.0,(151),Fashion & Textile | Coimbatore +19 other locations,589,--
7228,Elkayem Auto Ancillaries,3.4,(151),Industrial Machinery | Hosur +6 other locations,595,10
7229,Modi Naturals,4.1,(151),Agro Chemicals | New Delhi +30 other locations,563,5
7230,Tata Ficosa Automotive Systems,3.5,(151),Auto Components | Pune +13 other locations,720,--
7231,Chandan Healthcare,3.2,(151),Healthcare | Lucknow +15 other locations,414,--
7232,VFS Capital,3.7,(151),NBFC | Kolkata +41 other locations,296,--
7233,Apollomedics Super Speciality Hospitals,4.1,(151),Healthcare | Lucknow +5 other locations,631,--
7234,Vizza Insurance Broking Services,3.3,(151),Insurance | Chennai +16 other locations,498,10
7235,Creativelipi Webtech,2.8,(151),IT Services & Consulting | Noida +7 other locations,510,3
7236,Verint Systems,3.8,(151),IT Services & Consulting | Bengaluru +5 other locations,1.1k,7
7237,IFFCO Kisan Finance,3.7,(151),New Delhi +42 other locations,426,--
7238,Sarla Advantech,4.0,(151),Engineering & Construction | Pune +12 other locations,1k,9
7239,Dedicated Freight Corridor Corporation Of India,4.0,(151),Government | New Delhi +34 other locations,581,--
7240,Everest Group,2.9,(151),Analytics & KPO | Gurugram +14 other locations,1.5k,8
7241,Muvi,3.8,(151),Internet | Bhubaneswar +3 other locations,617,9
7242,Msc Cruises,4.4,(151),Ports & Shipping | Mumbai +11 other locations,295,--
7243,Voith,3.8,(151),Pulp & Paper | Noida +13 other locations,883,8
7244,IBM Consulting,3.7,(151),Bengaluru +12 other locations,2k,--
7245,B5 Plus,3.2,(151),Iron & Steel | Vadodara +13 other locations,450,--
7246,PerkinElmer,4.2,(151),Pharma | Mumbai +18 other locations,729,21
7247,Barbrik Project Limited (PRA Group),3.6,(151),Engineering & Construction | Raipur +20 other locations,534,10
7248,RxLogix Corporation,2.2,(151),Software Product | Noida +5 other locations,1.1k,3
7249,Airtel Business,3.7,(151),Telecom | Bengaluru +43 other locations,849,--
7250,Badri Rai and Company,3.9,(151),Engineering & Construction | Guwahati +17 other locations,474,7
7251,Polaris,3.9,(151),Automobile | Bengaluru +15 other locations,1.1k,--
7252,GA Infra Private Limited,3.9,(151),Engineering & Construction | Jaipur +23 other locations,459,6
7253,Great White Global,3.9,(151),Electrical Equipment | Mumbai +30 other locations,593,10
7254,MGM Medical College & Hospital,3.8,(151),Healthcare | Chhatrapati Sambhajinagar +16 other locations,576,--
7255,Oerlikon Balzers,3.7,(151),Metals & Mining | Pune +17 other locations,688,1
7256,Metal Power Analytical,3.3,(151),Electronics Manufacturing | Mumbai +18 other locations,665,1
7257,Systech Solutions,3.6,(151),Analytics & KPO | Chennai +9 other locations,1.4k,--
7258,Rajasthan Aushdhalaya,3.5,(151),Pharma | Mumbai +25 other locations,204,--
7259,Virtuoso,3.6,(151),Industrial Automation | Pune +5 other locations,772,2
7260,Rajasthan Aushdhalaya,3.5,(151),Pharma | Mumbai +25 other locations,204,--
7261,Brigosha Technologies,2.2,(150),IT Services & Consulting | Bengaluru +3 other locations,965,3
7262,Computer Generated Solutions,3.1,(150),IT Services & Consulting | Hyderabad +6 other locations,1k,--
7263,Bhilai Iron And Steel Processing Company,3.9,(151),Iron & Steel | Bhilai Nagar +10 other locations,565,--
7264,BAIF Development Research Foundation,3.6,(150),Non-Profit | Pune +47 other locations,404,--
7265,Safeducate,4.1,(150),Education & Training | New Delhi +30 other locations,374,--
7266,IndiaLends,3.3,(150),Financial Services | Gurugram +4 other locations,848,1
7267,UAE Exchange,4.4,(150),FinTech | Kochi +40 other locations,438,--
7268,Zeta Global,3.3,(150),Software Product | Hyderabad +5 other locations,1.2k,--
7269,Hykon,4.5,(150),Electronics Manufacturing | Thrissur +14 other locations,389,16
7270,CapGrid Solutions,3.8,(150),Internet | Gurugram +16 other locations,275,1
7271,Rolls-Royce,3.7,(150),Defence & Aerospace | Bengaluru +11 other locations,1k,81
7272,Fair Exports,3.4,(150),Import & Export | New Delhi +22 other locations,806,4
7273,Automotive Research Association of India,4.0,(150),Auto Components | Pune +3 other locations,856,--
7274,HelpAge India,4.0,(150),Non-Profit | New Delhi +55 other locations,393,3
7275,AstroTalk,3.4,(150),Internet | Noida +11 other locations,501,--
7276,Dr. Amin Controllers,3.8,(150),Engineering & Construction | Mumbai +26 other locations,494,--
7277,Cyntexa,3.4,(150),IT Services & Consulting | Jaipur +2 other locations,552,46
7278,"PKF Sridhar & Santhanam LLP, Chartered Accountants",3.3,(150),Accounting & Auditing | Mumbai +8 other locations,627,--
7279,Echelon Institute of Technology,4.4,(150),Education & Training | Faridabad +4 other locations,147,--
7280,Safeducate,4.1,(150),Education & Training | New Delhi +30 other locations,374,--
7281,UAE Exchange,4.4,(150),FinTech | Kochi +40 other locations,438,--
7282,CapGrid Solutions,3.8,(150),Internet | Gurugram +16 other locations,275,1
7283,CAPLIN STERILES,2.7,(150),Pharma | Chennai +5 other locations,1k,4
7284,AstroTalk,3.4,(150),Internet | Noida +11 other locations,501,--
7285,Automotive Research Association of India,4.0,(150),Auto Components | Pune +3 other locations,856,--
7286,HelpAge India,4.0,(150),Non-Profit | New Delhi +55 other locations,393,3
7287,Bhilai Iron And Steel Processing Company,3.9,(151),Iron & Steel | Bhilai Nagar +10 other locations,565,--
7288,Computer Generated Solutions,3.1,(150),IT Services & Consulting | Hyderabad +6 other locations,1k,--
7289,Futran Solutions,3.8,(150),Software Product | Hyderabad +3 other locations,412,34
7290,Vedic International School,4.5,(150),Education & Training | Sambalpur +4 other locations,264,--
7291,RevFin,4.1,(150),Financial Services | New Delhi +29 other locations,278,8
7292,IndiaLends,3.3,(150),Financial Services | Gurugram +4 other locations,848,1
7293,Hykon,4.5,(150),Electronics Manufacturing | Thrissur +14 other locations,389,16
7294,Zeta Global,3.3,(150),Software Product | Hyderabad +5 other locations,1.2k,--
7295,ETV Bharat,4.0,(149),Broadcasting | Hyderabad +6 other locations,443,--
7296,Airpay Payment Services,2.7,(151),FinTech | Mumbai +50 other locations,735,17
7297,Agility E Services,3.7,(150),IT Services & Consulting | Hyderabad +2 other locations,979,--
7298,Paperpedia,1.9,(150),EdTech | Kolkata +7 other locations,495,--
7299,BlueBinaries Engineering and Solutions,2.7,(150),Software Product | Bengaluru +5 other locations,1k,2
7300,BlueBinaries Engineering and Solutions,2.7,(150),Software Product | Bengaluru +5 other locations,1k,2
7301,Multi Commodity Exchange of India,3.4,(150),Financial Services | Mumbai +10 other locations,970,2
7302,NASDAQ,3.6,(150),Financial Services | Bengaluru +8 other locations,1.4k,49
7303,Tamilnadu Petroproducts,4.1,(150),Petrochemicals | Chennai +4 other locations,859,--
7304,ATC (Assam),4.1,(150),Logistics | Hosur +44 other locations,707,--
7305,SembCorp,3.9,(150),Power | Gurugram +29 other locations,660,--
7306,Embassy Group,4.1,(150),Real Estate | Bengaluru +15 other locations,897,2
7307,Linedata,2.9,(150),Internet | Mumbai +8 other locations,981,2
7308,Sensiple,3.2,(150),IT Services & Consulting | Chennai,1.3k,1
7309,CignaTTk Health Insurance,3.7,(149),Insurance | Mumbai +40 other locations,443,--
7310,SAI Consulting Engineers,4.2,(149),Engineering & Construction | Ahmedabad +33 other locations,486,--
7311,Ki Mobility Solution,3.4,(149),Software Product | Chennai +29 other locations,616,--
7312,Elektrobit India,4.1,(149),IT Services & Consulting | Bengaluru +2 other locations,894,--
7313,Chiripal Industries,3.6,(149),Fashion & Textile | Ahmedabad +6 other locations,779,--
7314,Shilpa Biologicals,2.8,(149),Dharwad +10 other locations,657,--
7315,Gail Gas,3.6,(149),Oil & Gas | Bengaluru +35 other locations,709,--
7316,Quba Architectural Products,4.3,(149),Architecture & Interior Design | Mumbai +24 other locations,474,--
7317,Frost & Sullivan,3.0,(149),Management Consulting | Chennai +8 other locations,1k,--
7318,Unicorn DenMart,4.0,(149),Medical Equipment | New Delhi +22 other locations,513,13
7319,Verka milk dairy,4.1,(149),Agriculture | Chandigarh +18 other locations,369,--
7320,Mobase,3.5,(149),Auto Components | Noida +10 other locations,685,--
7321,Progility Technologies,3.5,(149),IT Services & Consulting | Mumbai +25 other locations,528,8
7322,Edac Engineering,3.7,(149),Engineering & Construction | Chennai +19 other locations,548,--
7323,Dr D Y Patil Medical College,4.1,(149),Healthcare | Pune +7 other locations,624,--
7324,CARS24 Financial Services,3.3,(149),Gurugram +27 other locations,526,--
7325,Shri Mahant Indiresh Hospital,3.4,(149),Healthcare | Dehradun +7 other locations,333,18
7326,Creative Garments,3.8,(149),Fashion & Textile | Mumbai +13 other locations,590,--
7327,Swastik Infralogics Private Limited,3.8,(149),Engineering & Construction | Mumbai +23 other locations,562,3
7328,KHD Humboldt Wedag,4.2,(149),Industrial Machinery | New Delhi +6 other locations,703,--
7329,Ayu Health Hospitals,3.5,(150),Healthcare | Bengaluru +9 other locations,675,--
7330,Apollo Medskills,3.8,(149),Healthcare | Hyderabad +25 other locations,415,--
7331,Rysun Labs,3.3,(149),IT Services & Consulting | Ahmedabad +6 other locations,783,10
7332,Reserve Bank of India,4.7,(149),Government | Mumbai +25 other locations,1.1k,--
7333,Astute Corporate Services,3.2,(149),Other | Pune +24 other locations,535,1
7334,Wysetek Systems Technologists,3.7,(150),IT Services & Consulting | Mumbai +11 other locations,755,32
7335,Norwin Technologies,3.9,(149),IT Services & Consulting | Bengaluru +5 other locations,948,1
7336,Apicore Pharmaceuticals,3.8,(149),Pharma | Vadodara +8 other locations,639,--
7337,SunTec Business Solutions,2.9,(149),IT Services & Consulting | Thiruvananthapuram +10 other locations,1.1k,1
7338,Sportz Interactive,3.1,(149),Internet | Mumbai +4 other locations,1k,40
7339,Fasal,3.3,(149),Agriculture | Bengaluru +23 other locations,411,--
7340,Rysun Labs,3.3,(149),IT Services & Consulting | Ahmedabad +6 other locations,783,10
7341,Norwin Technologies,3.9,(149),IT Services & Consulting | Bengaluru +5 other locations,948,1
7342,Astute Corporate Services,3.2,(149),Other | Pune +24 other locations,535,1
7343,Wysetek Systems Technologists,3.7,(150),IT Services & Consulting | Mumbai +11 other locations,755,32
7344,SanDisk India Device Design Centre,3.7,(149),Hardware & Networking | Bengaluru +9 other locations,1.2k,73
7345,Takenaka,4.1,(149),Architecture & Interior Design | Gurugram +17 other locations,548,2
7346,Liebherr,3.8,(149),Industrial Machinery | Mumbai +27 other locations,638,--
7347,ValGenesis,3.2,(149),Software Product | Chennai +5 other locations,1.1k,35
7348,Vega Industries,4.0,(149),Beauty & Personal Care | Noida +28 other locations,484,--
7349,Voylla,3.5,(148),Jewellery | Jaipur +36 other locations,440,8
7350,GKB RX Lens,4.0,(148),Medical Equipment | Gurugram +21 other locations,447,5
7351,Apparel Group UAE,3.5,(148),Retail | Dubai +8 other locations,19,--
7352,Million Minds Management Services,3.4,(148),Recruitment | New Delhi +39 other locations,515,--
7353,PolicyX.com,2.9,(148),FinTech | Gurugram +5 other locations,597,3
7354,Best Koki Automotive,3.5,(148),Auto Components | Gurugram +11 other locations,659,--
7355,Element14,3.8,(148),Semiconductors | Bengaluru +6 other locations,931,--
7356,Hanu Software Solutions,3.3,(148),IT Services & Consulting | Noida +5 other locations,930,--
7357,Batra Hospital,3.7,(148),Healthcare | New Delhi +7 other locations,525,21
7358,Jai Beverages,3.5,(148),Beverage | Jammu +15 other locations,474,2
7359,Shri Kshetra Dharmasthala Rural Development Project,4.0,(148),Bengaluru +49 other locations,342,--
7360,Vehant Technologies,3.9,(148),IT Services & Consulting | Noida +17 other locations,775,66
7361,Batra Hospital,3.7,(148),Healthcare | New Delhi +7 other locations,525,21
7362,K2k Infrastructure,4.0,(148),Engineering & Construction | Bengaluru +8 other locations,433,--
7363,Kantar Operations,4.0,(148),Analytics & KPO | Hyderabad +17 other locations,815,--
7364,CEC International,4.0,(148),Engineering & Construction | New Delhi +16 other locations,351,--
7365,GKB RX Lens,4.0,(148),Medical Equipment | Gurugram +21 other locations,447,5
7366,Apparel Group UAE,3.5,(148),Retail | Dubai +8 other locations,19,--
7367,Voylla,3.5,(148),Jewellery | Jaipur +36 other locations,440,8
7368,Million Minds Management Services,3.4,(148),Recruitment | New Delhi +39 other locations,515,--
7369,Amp Motors,3.9,(148),Automobile | Gurugram +12 other locations,664,--
7370,Element14,3.8,(148),Semiconductors | Bengaluru +6 other locations,931,--
7371,Hanu Software Solutions,3.3,(148),IT Services & Consulting | Noida +5 other locations,930,--
7372,Jai Beverages,3.5,(148),Beverage | Jammu +15 other locations,474,2
7373,Shri Kshetra Dharmasthala Rural Development Project,4.0,(148),Bengaluru +49 other locations,342,--
7374,Spinco Biotech,3.7,(148),Biotechnology | Chennai +16 other locations,562,4
7375,Brickwork Ratings,3.4,(148),Financial Services | Bengaluru +22 other locations,684,68
7376,Zacks Research,2.7,(148),Financial Services | Kolkata +1 other locations,495,1
7377,Altigreen Propulsion Labs,3.5,(148),Electronics Manufacturing | Bengaluru +17 other locations,757,--
7378,Ravindra Bharathi Schools,3.5,(148),Education & Training | Hyderabad +27 other locations,376,--
7379,Sohan Lal Commodity Management,3.9,(148),Logistics | New Delhi +30 other locations,472,4
7380,Casepoint,3.4,(148),IT Services & Consulting | Surat +5 other locations,812,9
7381,Volvo Construction Equipment,4.2,(148),Industrial Machinery | Bengaluru +27 other locations,654,--
7382,Community Health Center,4.3,(148),Healthcare | Lucknow +71 other locations,446,--
7383,Integrace Health,3.2,(154),Pharma | Mumbai +28 other locations,485,3
7384,Puropale Creations & IT Solutions,4.8,(148),IT Services & Consulting | Hyderabad +1 other locations,15,--
7385,SEDER GROUP,4.1,(148),Engineering & Construction | Bengaluru +15 other locations,349,--
7386,Banas Dairy,4.3,(148),Food Processing | Palanpur +21 other locations,528,--
7387,Scymes Services,3.6,(148),IT Services & Consulting | Mumbai +11 other locations,529,15
7388,BDG Metal & Power,3.9,(148),Iron & Steel | Durgapur +6 other locations,425,8
7389,STEM Learning,4.2,(148),Education & Training | Mumbai +17 other locations,268,5
7390,MAHLE Engine Components,3.8,(148),Automobile | Chennai +18 other locations,736,--
7391,Euronics Industries,3.7,(148),Building Material | Gurugram +18 other locations,736,--
7392,Qapitol Qa,3.8,(148),IT Services & Consulting | Bengaluru +7 other locations,1.2k,1
7393,Abryl Laboratories Manufacturing Unit,3.6,(148),Pharma | Chandigarh +9 other locations,722,--
7394,Specsmakers Opticians,3.6,(148),Retail | Chennai +19 other locations,648,14
7395,Kartavya Healtheon,3.7,(151),Internet | Mumbai +26 other locations,352,13
7396,Deccan iServices,3.7,(151),Chennai +7 other locations,772,--
7397,Amrit Bottlers,4.1,(148),Beverage | Faizabad +10 other locations,508,5
7398,Ritco Logistics,3.7,(148),Logistics | Gurugram +30 other locations,506,8
7399,Tarento Technologies,3.9,(148),IT Services & Consulting | Bengaluru +5 other locations,1.2k,82
7400,Volvo Construction Equipment,4.2,(148),Industrial Machinery | Bengaluru +27 other locations,654,--
7401,Specsmakers Opticians,3.6,(148),Retail | Chennai +19 other locations,648,14
7402,SightSpectrum Technology Solutions,3.4,(148),IT Services & Consulting | Chennai +3 other locations,995,8
7403,STEM Learning,4.2,(148),Education & Training | Mumbai +17 other locations,268,5
7404,Altruistic Technology Labs,3.5,(148),IT Services & Consulting | Bengaluru +15 other locations,700,--
7405,Qapitol Qa,3.8,(148),IT Services & Consulting | Bengaluru +7 other locations,1.2k,1
7406,ShopDeck,3.9,(148),Internet | Bengaluru +4 other locations,362,40
7407,Vasavi Group,3.9,(148),Real Estate | Hyderabad +5 other locations,782,--
7408,Meena Bazaar,3.4,(148),Fashion & Textile | New Delhi +22 other locations,676,6
7409,Tops Security,4.3,(147),Law Enforcement & Security | Mumbai +26 other locations,358,3
7410,Faber Sindoori Management Services,3.6,(147),Facility Management Services | Hyderabad +21 other locations,489,--
7411,Ameyo,3.7,(147),Software Product | Gurugram +7 other locations,969,--
7412,Onicra Credit Rating Agency,3.2,(147),FinTech | Noida +32 other locations,317,--
7413,Mindcrest,2.5,(147),Legal | Pune +3 other locations,594,--
7414,Aditya Birla Chemicals,3.8,(147),Chemicals | Bharuch +20 other locations,586,--
7415,Icomm Tele,4.2,(147),Telecom | Hyderabad +15 other locations,596,6
7416,thinkbridge,3.5,(147),IT Services & Consulting | Pune +7 other locations,712,5
7417,SRV Media,3.1,(147),Marketing & Advertising | Pune +6 other locations,511,12
7418,SequelOne,3.3,(147),IT Services & Consulting | Gurugram +22 other locations,717,13
7419,Etihad Airways,4.4,(146),Aviation | Abu Dhabi +13 other locations,426,--
7420,Srei Sahaj e-Village,4.5,(147),Retail | Kolkata +34 other locations,264,--
7421,Peerless Biotech,4.4,(147),Medical Equipment | Chennai +24 other locations,152,1
7422,Ewac Alloys,4.2,(147),Industrial Machinery | Ankleshwar +34 other locations,633,3
7423,Major Brands,3.9,(147),Retail | Mumbai +16 other locations,429,--
7424,Machino Polymers,3.4,(147),Petrochemicals | Gurugram +12 other locations,577,--
7425,Nelco,3.9,(147),Telecom | Mumbai +22 other locations,581,--
7426,Futures First info Services,3.4,(147),Financial Services | Gurugram +8 other locations,966,1
7427,Donaldson India Filter Systems,3.8,(147),Industrial Machinery | Gurugram +8 other locations,707,9
7428,Jasper Industries,4.1,(147),Automobile | Hyderabad +13 other locations,517,1
7429,Uno Minda Kyoraku,3.8,(147),Automobile | Bawal +12 other locations,560,--
7430,Kirloskar Ebara Pumps,3.6,(147),Industrial Machinery | Pune +10 other locations,732,7
7431,Motovolt Mobility,4.0,(147),Automobile | Kolkata +21 other locations,408,--
7432,Acies,4.1,(147),Software Product | Mumbai +5 other locations,381,35
7433,Kaseya Software,3.2,(147),Software Product | Bengaluru +4 other locations,1.3k,24
7434,Shivalik Rasayan,3.4,(147),Agro Chemicals | Bharuch +13 other locations,546,6
7435,AVIZVA,2.3,(147),IT Services & Consulting | Gurugram +4 other locations,903,9
7436,Sobha Constructions,3.6,(147),Engineering & Construction | Bengaluru +14 other locations,524,--
7437,BizGurukul,4.2,(147),EdTech | New Delhi +12 other locations,360,--
7438,Stanadyne India,4.0,(147),Auto Components | Chennai +9 other locations,762,--
7439,OakNorth,2.8,(147),Banking | Gurugram +5 other locations,1.3k,44
7440,Patil Automation,3.3,(147),Industrial Automation | Pune +10 other locations,887,2
7441,Mehta Cad Cam Systems,3.9,(147),Industrial Machinery | Ahmedabad +19 other locations,656,12
7442,Samvardhana Motherson Auto Component,3.8,(147),Electrical Equipment | Chennai +15 other locations,739,--
7443,MedTourEasy,4.7,(147),Internet | New Delhi +9 other locations,191,--
7444,GIRDHARI LAL CONSTRUCTIONS,3.8,(147),Engineering & Construction | New Delhi +25 other locations,462,2
7445,ETV Network,3.9,(147),Broadcasting | Hyderabad +12 other locations,410,--
7446,Infoblox,3.8,(147),IT Services & Consulting | Bengaluru +6 other locations,1.3k,29
7447,SRV Media,3.1,(147),Marketing & Advertising | Pune +6 other locations,511,12
7448,Etihad Airways,4.4,(146),Aviation | Abu Dhabi +13 other locations,426,--
7449,First Solar,3.9,(147),Internet | Chennai +9 other locations,642,23
7450,thinkbridge,3.5,(147),IT Services & Consulting | Pune +7 other locations,712,5
7451,Motovolt Mobility,4.0,(147),Automobile | Kolkata +21 other locations,408,--
7452,OakNorth,2.8,(147),Banking | Gurugram +5 other locations,1.3k,44
7453,Being human,4.3,(147),Fashion & Textile | Mumbai +41 other locations,459,--
7454,Acies,4.1,(147),Software Product | Mumbai +5 other locations,381,35
7455,Stanadyne India,4.0,(147),Auto Components | Chennai +9 other locations,762,--
7456,Apcotex Industries,3.7,(147),Chemicals | Navi Mumbai +11 other locations,840,1
7457,Uttam Strips,3.5,(147),Iron & Steel | Bhiwadi +10 other locations,687,5
7458,BizGurukul,4.2,(147),EdTech | New Delhi +12 other locations,360,--
7459,Sobha Constructions,3.6,(147),Engineering & Construction | Bengaluru +14 other locations,524,--
7460,STPL,3.5,(147),IT Services & Consulting | Lucknow +28 other locations,596,--
7461,Consern Pharma Limited,4.6,(147),Pharma | Ludhiana +26 other locations,211,14
7462,Arundhati Jewellers,3.8,(147),Jewellery | Bhubaneswar +10 other locations,294,6
7463,Crescendo Global,4.3,(147),Recruitment | Ludhiana +5 other locations,163,25
7464,Sakshi,3.6,(147),Printing & Publishing | Hyderabad +27 other locations,612,--
7465,Planit Testing India,3.3,(147),IT Services & Consulting | Hyderabad +5 other locations,1.1k,20
7466,Uttam Strips,3.5,(147),Iron & Steel | Bhiwadi +10 other locations,687,5
7467,SKS Business Services,3.1,(147),Accounting & Auditing | Jamnagar +21 other locations,630,--
7468,Western Coalfields,4.4,(146),Metals & Mining | Nagpur +18 other locations,341,--
7469,Prestige Estates Projects,4.4,(146),Real Estate | Bengaluru +9 other locations,652,--
7470,DOGUS SOMA JV,4.3,(146),Engineering & Construction | Mumbai +3 other locations,526,--
7471,NimbusPost,3.1,(146),Logistics | Gurugram +9 other locations,651,10
7472,DRYCHEM SOLUTIONS,4.0,(146),Building Material | Mumbai +18 other locations,567,--
7473,Klassic Wheels,2.6,(146),Auto Components | Ahilyanagar +11 other locations,736,--
7474,Bausch & Lomb,3.7,(146),Medical Equipment | Gurugram +20 other locations,580,--
7475,Vipul Motors,3.7,(146),Automobile | Faridabad +7 other locations,551,--
7476,Adhunik Metaliks,3.4,(146),Metals & Mining | Rourkela +15 other locations,478,--
7477,Chennais Amirta International Institute of Hotel Management,3.5,(146),Education & Training | Chennai +16 other locations,434,30
7478,Techouts,4.0,(146),IT Services & Consulting | Hyderabad +5 other locations,775,5
7479,Space Matrix Design Consultants,3.5,(146),Architecture & Interior Design | Bengaluru +10 other locations,680,71
7480,Isha Foundation,4.2,(146),Non-Profit | Coimbatore +15 other locations,653,55
7481,STJ Electronics,3.3,(146),Semiconductors | New Delhi +12 other locations,709,4
7482,Tekskills,3.9,(146),IT Services & Consulting | Hyderabad +12 other locations,829,19
7483,Meghmani Group,3.4,(147),Bharuch +14 other locations,574,--
7484,Louis Dreyfus Company,4.0,(146),Agriculture | Gurugram +17 other locations,402,--
7485,Cognus Technology,2.0,(146),IT Services & Consulting | Jaipur +6 other locations,486,1
7486,Ocl Iron & Steel,3.6,(146),Iron & Steel | Rourkela +16 other locations,457,--
7487,Indivillage Tech Solutions,3.7,(146),IT Services & Consulting | Yemmiganur +12 other locations,607,1
7488,L&T Power Transmission & Distribution,4.3,(146),Power | Chennai +30 other locations,140,--
7489,Thar Worx,3.9,(146),BPO | Bengaluru +7 other locations,1.1k,--
7490,Classic Marble Company,3.5,(146),Building Material | Mumbai +17 other locations,567,8
7491,ADINATH MOTORS,3.6,(146),New Delhi +80 other locations,613,3
7492,Barco Electronic Systems,4.1,(146),Consumer Electronics & Appliances | Noida +5 other locations,849,15
7493,AdamsBridge Global,3.4,(146),Internet | Chennai +5 other locations,619,2
7494,CriticalRiver,3.0,(146),IT Services & Consulting | Hyderabad +5 other locations,1.1k,43
7495,DIC India,4.0,(146),Chemicals | Noida +15 other locations,688,--
7496,Bijnis,3.7,(146),Internet | New Delhi +36 other locations,568,--
7497,Sourcefuse Technologies,2.9,(146),IT Services & Consulting | Noida +8 other locations,1.1k,10
7498,Amazon Pay,3.8,(146),Bengaluru +31 other locations,570,--
7499,Dealmoney Securities,3.1,(146),Financial Services | Mumbai +17 other locations,583,1
7500,Classic Marble Company,3.5,(146),Building Material | Mumbai +17 other locations,567,8
7501,Barco Electronic Systems,4.1,(146),Consumer Electronics & Appliances | Noida +5 other locations,849,15
7502,ADINATH MOTORS,3.6,(146),New Delhi +80 other locations,613,3
7503,Bijnis,3.7,(146),Internet | New Delhi +36 other locations,568,--
7504,ResearchAyu,4.2,(146),Healthcare | Navi Mumbai +6 other locations,37,--
7505,DIC India,4.0,(146),Chemicals | Noida +15 other locations,688,--
7506,Head Digital Works,4.2,(146),Gaming | Hyderabad +5 other locations,1.1k,--
7507,Poct Services,3.9,(146),Medical Equipment | Lucknow +35 other locations,444,2
7508,Fedora Solutions,3.3,(145),IT Services & Consulting | Ahmedabad +2 other locations,610,--
7509,Bijak,3.4,(145),Internet | Gurugram +14 other locations,648,--
7510,Dozco,3.9,(145),Industrial Machinery | Visakhapatnam +29 other locations,496,1
7511,Delux Bearings,4.2,(145),Auto Components | Surendranagar +17 other locations,623,--
7512,J&F,3.4,(145),Engineering & Construction | Chennai +5 other locations,442,1
7513,Unipath Specialty Laboratory,3.9,(145),Healthcare | Ahmedabad +23 other locations,620,--
7514,Gujarat State Petronet,4.0,(145),Oil & Gas | Ahmedabad +29 other locations,632,--
7515,Teletext Holidays,3.5,(145),Travel & Tourism | Hyderabad +4 other locations,871,6
7516,LimeRoad,2.6,(145),Internet | Gurugram +8 other locations,925,1
7517,HTIC Global,3.5,(145),Management Consulting | Kochi +6 other locations,551,59
7518,Alliance University,3.7,(145),Education & Training | Bengaluru +4 other locations,500,25
7519,Axis Mutual Fund,3.8,(146),Financial Services | Mumbai +42 other locations,809,--
7520,Geodis Overseas,3.4,(145),Logistics | Chennai +14 other locations,932,3
7521,Portescap,3.7,(145),Electronics Manufacturing | Mumbai +5 other locations,809,--
7522,B.L Agro Oils,3.9,(145),Food Processing | Bareilly +31 other locations,424,--
7523,Omninos Solutions,4.2,(145),Software Product | Sahibzada Ajit Singh Nagar +9 other locations,273,--
7524,Continuum Managed Services,4.1,(145),IT Services & Consulting | Mumbai +8 other locations,648,40
7525,Ojas Innovative Technologies,3.6,(145),IT Services & Consulting | Hyderabad +3 other locations,1.3k,9
7526,Aero Club-Woodland Store,3.4,(145),Fashion & Textile | New Delhi +55 other locations,366,--
7527,John Energy,4.0,(145),Oil & Gas | Ahmedabad +14 other locations,558,3
7528,Digital Aptech,4.3,(145),IT Services & Consulting | Kolkata +2 other locations,390,22
7529,Shipping Corporation of India,4.4,(145),Logistics | Mumbai +11 other locations,587,--
7530,Augustus Healthcare Solutions,3.8,(145),Healthcare | Pune +5 other locations,719,3
7531,Jodo,3.7,(145),FinTech | Bengaluru +20 other locations,525,11
7532,GKN Sinter Metals,3.9,(145),Auto Components | Pune +9 other locations,581,1
7533,GMP Technical Solutions,4.0,(145),Industrial Machinery | Mumbai +21 other locations,651,--
7534,Veeraraghavan & Company,3.1,(145),Accounting & Auditing | Mumbai +22 other locations,398,--
7535,Bdh Industries,4.7,(145),Pharma | Mumbai +6 other locations,321,16
7536,Nxtra Data,4.1,(145),IT Services & Consulting | Pune +12 other locations,706,2
7537,Hind Terminals,4.1,(146),Logistics | Mumbai +21 other locations,710,--
7538,Syniverse Technologies,3.6,(145),IT Services & Consulting | Bengaluru +4 other locations,1.1k,21
7539,Khatib & Alami,3.4,(145),Engineering & Construction | Bengaluru +15 other locations,707,12
7540,Indian Armed Forces,4.5,(145),Government | New Delhi +38 other locations,385,--
7541,Unicommerce Esolutions,2.9,(145),Software Product | Gurugram +7 other locations,943,4
7542,WAE,3.4,(145),Waste Management | Noida +11 other locations,269,4
7543,Bombay Hospital,3.5,(145),Healthcare | Mumbai +5 other locations,448,1
7544,GTN Engineering,4.1,(145),Metals & Mining | Coimbatore +14 other locations,644,2
7545,Krishak Bharati Cooperative,4.4,(145),Agro Chemicals | Surat +22 other locations,325,--
7546,IREP Credit Capital,4.1,(145),Financial Services | Hyderabad +56 other locations,503,6
7547,MRI Software,3.3,(145),Software Product | Bengaluru +6 other locations,924,8
7548,Drytech Processes (I),3.8,(145),Food Processing | Pandhurna +8 other locations,695,--
7549,AECC Global,3.2,(152),Financial Services | Chennai +20 other locations,597,--
7550,Thoucentric,3.8,(146),Management Consulting | Bengaluru +6 other locations,1.4k,130
7551,Sidwal Refrigeration Industries,4.2,(145),Electrical Equipment | Faridabad +19 other locations,608,--
7552,Speed Engineering Solutions,3.9,(145),Engineering & Construction | Pune +3 other locations,652,40
7553,Kitex Garments,3.6,(145),Fashion & Textile | Kochi +16 other locations,712,2
7554,PharmaZell,4.3,(145),Pharma | Visakhapatnam +5 other locations,646,--
7555,Sidel,3.6,(145),Industrial Machinery | Pune +7 other locations,749,49
7556,KLM Laboratories,3.7,(151),Pharma | Vadodara +31 other locations,622,--
7557,Jash Engineering,3.9,(145),Engineering & Construction | Indore +4 other locations,699,--
7558,Kirtane & Pandit,3.6,(145),Accounting & Auditing | Pune +11 other locations,649,1
7559,CL Educate,3.6,(145),Education & Training | New Delhi +23 other locations,658,10
7560,NIS Management Private,3.6,(145),Law Enforcement & Security | Kolkata +19 other locations,443,--
7561,Rabindranath Tagore International Institute of Cardiac Sciences,3.9,(145),Healthcare | Kolkata +8 other locations,384,--
7562,Capital Finserve,4.7,(145),NBFC | Salem +8 other locations,57,2
7563,Kimbal Technologies,3.8,(146),Power | New Delhi +10 other locations,445,2
7564,Pixon Energy,4.0,(145),Electrical Equipment | Rajkot +10 other locations,510,--
7565,Sarvatra Technologies,4.2,(146),IT Services & Consulting | Pune +10 other locations,1.2k,12
7566,Brand Factory,4.6,(144),Retail | Mumbai +39 other locations,459,--
7567,"Apollo Gleneagles Hospitals, Kolkata",4.1,(144),Healthcare | Kolkata +1 other locations,372,--
7568,Ncr Eduservices,3.1,(144),Education & Training | Noida +9 other locations,488,28
7569,Ford Motor Credit Company,4.1,(144),Financial Services | Chennai +15 other locations,727,--
7570,Agriculture Insurance Company of India,4.1,(144),Insurance | New Delhi +52 other locations,487,--
7571,YFC PROJECTS,3.6,(144),Engineering & Construction | New Delhi +16 other locations,559,--
7572,PGIMER,4.3,(144),Education & Training | Chandigarh +9 other locations,495,--
7573,Trident Automobiles,4.6,(144),Auto Components | Bengaluru +7 other locations,531,--
7574,Reliance Foundation India,4.0,(144),Education & Training | Mumbai +39 other locations,637,--
7575,Advance Auto Parts,3.4,(144),Auto Components | Hyderabad +1 other locations,1.2k,1
7576,Fourth Partner Energy,4.3,(144),Power | Hyderabad +20 other locations,657,--
7577,CommVault,3.8,(144),Software Product | Bengaluru +7 other locations,1.3k,2
7578,Mistral Solutions,3.5,(144),IT Services & Consulting | Bengaluru +6 other locations,1.1k,18
7579,Bhadra International,3.7,(144),Logistics | Chennai +8 other locations,333,--
7580,Amps Electrical Facility Services,3.2,(144),Facility Management Services | Bangalore / Bengaluru +16 other locations,529,5
7581,Byju's Future School,3.3,(144),Bangalore / Bengaluru +25 other locations,313,--
7582,Qualtech Consultants,3.6,(144),IT Services & Consulting | Noida +5 other locations,616,20
7583,Hilton Garden Inn,3.9,(144),Hospitality | New Delhi +16 other locations,412,--
7584,Ascent Meditech,3.4,(144),Other | Mumbai +31 other locations,627,1
7585,Pramati Technologies,4.4,(144),IT Services & Consulting | Hyderabad +3 other locations,1.2k,--
7586,Dangote Cement,4.1,(144),Building Material | Hyderabad +7 other locations,192,--
7587,Sunbeam School,4.3,(144),Education & Training | Varanasi +21 other locations,419,--
7588,Appsquadz Software,3.8,(144),IT Services & Consulting | Noida +5 other locations,775,--
7589,PICL,3.7,(144),Semiconductors | Faridabad +11 other locations,513,--
7590,CBNITS,3.8,(144),IT Services & Consulting | Kolkata +2 other locations,580,19
7591,Synamedia,3.3,(144),Software Product | Bengaluru +7 other locations,1.2k,1
7592,Shobhit Mediworld,4.0,(144),Lucknow +20 other locations,332,4
7593,First Step Babywear,4.1,(144),Fashion & Textile | Hosur +7 other locations,689,4
7594,Market Research Future Reports,3.4,(144),Analytics & KPO | Pune +2 other locations,402,--
7595,Mtg Learning Media,3.7,(144),Printing & Publishing | Gurugram +13 other locations,527,5
7596,Vee Gee Auto Components,3.9,(144),Auto Components | Ahmedabad +7 other locations,620,--
7597,Alpha Corp,4.4,(144),Real Estate | Gurugram +9 other locations,566,--
7598,NewAge Software & Solutions,3.7,(144),IT Services & Consulting | Chennai +8 other locations,1.2k,10
7599,Gujarat Energy Transmission Corporation,4.2,(144),Government | Vadodara +39 other locations,339,--
7600,Unify Facility Management,4.3,(144),Facility Management Services | Mumbai +14 other locations,397,--
7601,Xcaliber Infotech,3.1,(144),IT Services & Consulting | Pune +4 other locations,1.1k,--
7602,Arch Pharmalabs,3.9,(144),Pharma | Mumbai +14 other locations,646,--
7603,Allyis India,3.1,(144),IT Services & Consulting | Hyderabad +4 other locations,820,--
7604,Factspan,3.3,(144),IT Services & Consulting | Bengaluru +3 other locations,733,19
7605,Haqdarshak Empowerment Solutions,3.8,(144),Non-Profit | Pune +44 other locations,373,6
7606,Alniche Life Sciences,3.7,(144),Pharma | New Delhi +27 other locations,365,--
7607,Puma Energy,2.9,(144),Power | Mumbai +8 other locations,734,3
7608,Paras Spices,3.9,(144),Food Processing | Moga +12 other locations,675,1
7609,Teliolabs,3.8,(144),Emerging Technologies | Hyderabad +4 other locations,341,23
7610,SDP & Associates (Office),3.6,(144),Accounting & Auditing | Kolkata +6 other locations,274,--
7611,Light & Wonder,3.8,(145),Software Product | Bengaluru +9 other locations,2.9k,11
7612,Akasa Air,3.3,(158),Aviation | Mumbai +14 other locations,908,16
7613,W3Softech India,4.1,(144),IT Services & Consulting | Hyderabad +2 other locations,781,6
7614,Kabra Extrusion Technik,3.6,(144),Industrial Machinery | Pune +12 other locations,734,--
7615,Crane Consulting and Outsourcing,4.0,(144),Bengaluru +5 other locations,902,--
7616,Ecozen Solutions,4.2,(144),Internet | Pune +17 other locations,546,5
7617,Enfusion,3.3,(144),FinTech | Mumbai +6 other locations,1k,--
7618,Karnataka Co-operative Milk Producers Federation,4.1,(144),Food Processing | Bengaluru +30 other locations,410,--
7619,Drake & Scull International PJSC,4.4,(143),Engineering & Construction | Mumbai +15 other locations,229,--
7620,Drake & Scull International PJSC,4.4,(143),Engineering & Construction | Mumbai +15 other locations,229,--
7621,Fulcrum Worldwide Software,4.3,(143),IT Services & Consulting | Pune +1 other locations,900,4
7622,Sri Ramachandra University,4.3,(143),Education & Training | Chennai +6 other locations,503,7
7623,Xcelore,4.8,(143),IT Services & Consulting | Noida +3 other locations,105,12
7624,Demech Chemical Products,4.4,(143),Chemicals | Pune +24 other locations,354,3
7625,Hindustan Colas,3.4,(144),Engineering & Construction | Mumbai +16 other locations,572,--
7626,SKS Ispat & Power,3.2,(143),Industrial Machinery | Raipur +7 other locations,526,2
7627,Nirmal Industrial Controls,3.7,(143),Industrial Automation | Mumbai +19 other locations,759,37
7628,Sage Metals,3.7,(143),Metals & Mining | New Delhi +8 other locations,729,--
7629,Shiksha Financial Services India,4.4,(143),NBFC | Chennai +29 other locations,510,2
7630,Girl Power Talk,4.7,(143),Internet | Mohali +4 other locations,44,5
7631,Cresce Technology Private Limited,4.0,(143),Software Product | Gurugram +2 other locations,194,9
7632,Rapidtech IT Services,3.6,(143),IT Services & Consulting | Chennai +30 other locations,451,2
7633,Tcil,3.9,(143),Telecom | New Delhi +38 other locations,472,--
7634,Ceipal,3.1,(143),Software Product | Hyderabad +6 other locations,956,--
7635,GTT Communications,3.3,(144),Hardware & Networking | Pune +6 other locations,975,5
7636,Sirca Paints India,4.2,(143),Chemicals | New Delhi +42 other locations,513,2
7637,PubMatic,3.5,(143),IT Services & Consulting | Pune +3 other locations,1.2k,21
7638,Etraveli Group,2.8,(143),Internet | Mumbai +7 other locations,727,14
7639,Orange Health Labs,3.8,(157),Healthcare | Bengaluru +9 other locations,506,--
7640,B New Mobiles,3.2,(143),Electronics Manufacturing | Hyderabad +32 other locations,563,5
7641,Kutch Copper,3.7,(156),Mundra +10 other locations,533,--
7642,GTT Communications,3.3,(144),Hardware & Networking | Pune +6 other locations,975,5
7643,IMMCO,3.1,(143),Kochi +9 other locations,848,--
7644,Ansys Software Private Limited,4.2,(143),IT Services & Consulting | Pune +6 other locations,1.2k,--
7645,Ametek Instruments India,3.5,(143),Industrial Automation | Bengaluru +14 other locations,1.1k,39
7646,ETP International,3.2,(143),Power | Mumbai +4 other locations,777,26
7647,Chemveda Life Sciences,3.9,(144),Clinical Research | Hyderabad +5 other locations,541,8
7648,Indian Institute of Management,3.7,(143),Education & Training | Ahmedabad +21 other locations,993,--
7649,Foiwe Info Global Solution,4.4,(143),IT Services & Consulting | Bengaluru +2 other locations,713,2
7650,CBTS TECHNOLOGY SOLUTIONS INDIA LLP,3.8,(143),IT Services & Consulting | Chennai +4 other locations,1.2k,90
7651,Nirmal Industrial Controls,3.7,(143),Industrial Automation | Mumbai +19 other locations,759,37
7652,SKS Ispat & Power,3.2,(143),Industrial Machinery | Raipur +7 other locations,526,2
7653,Sirca Paints India,4.2,(143),Chemicals | New Delhi +42 other locations,513,2
7654,98thPercentile,3.9,(143),EdTech | Hyderabad +5 other locations,313,--
7655,Sun King,3.9,(143),Electronics Manufacturing | Mumbai +31 other locations,515,2
7656,Bennett University,3.9,(143),Education & Training | Greater Noida +7 other locations,722,8
7657,Orange Health Labs,3.8,(157),Healthcare | Bengaluru +9 other locations,506,--
7658,Zeco Aircon,4.2,(143),Industrial Machinery | New Delhi +10 other locations,701,--
7659,PubMatic,3.5,(143),IT Services & Consulting | Pune +3 other locations,1.2k,21
7660,Sun King,3.9,(143),Electronics Manufacturing | Mumbai +31 other locations,515,2
7661,Outbooks Outsourcing,3.7,(143),Accounting & Auditing | New Delhi +10 other locations,533,5
7662,Indian Institute of Technology Madras,4.1,(143),Education & Training | Chennai +10 other locations,1.1k,--
7663,Rotork Controls,3.4,(143),Industrial Machinery | Chennai +14 other locations,704,18
7664,Lotus Wireless Technologies,3.1,(143),IT Services & Consulting | Visakhapatnam +15 other locations,720,--
7665,4i apps solutions,3.6,(143),IT Services & Consulting | Chennai +2 other locations,983,11
7666,Dairy Classic Ice Creams,4.3,(143),Food Processing | Bengaluru +31 other locations,536,5
7667,Borosil Renewables,3.8,(143),Power | Bharuch +12 other locations,588,--
7668,Overnite Express,3.9,(142),Logistics | New Delhi +34 other locations,362,--
7669,Nayati Hospital,3.3,(142),Healthcare | Mathura +10 other locations,539,--
7670,Indian School Finance Company,4.6,(142),NBFC | Hyderabad / Secunderabad +38 other locations,510,--
7671,Annapurna Group,3.7,(143),FMCG | Guwahati +19 other locations,497,--
7672,Core Diagnostics,3.9,(142),Healthcare | Gurugram +20 other locations,543,--
7673,The Oriental Insurance Co.,4.3,(142),Insurance | New Delhi +61 other locations,360,--
7674,IVL Dhunseri Petrochem Industries,3.7,(142),Chemicals | Haldia +8 other locations,486,--
7675,Asclepius Wellness,3.7,(142),Fitness & Wellness | Jaipur +20 other locations,488,2
7676,Kamdhenu Paints,2.9,(142),Building Material | Gurugram +46 other locations,441,--
7677,Sunil Hitech Engineers,4.5,(142),Engineering & Construction | Nagpur +29 other locations,380,--
7678,Techved Consulting,3.5,(142),IT Services & Consulting | Mumbai +7 other locations,433,--
7679,New India Co-Op Bank,3.1,(142),Banking | Mumbai +6 other locations,625,--
7680,KEM Hospital,3.6,(142),Healthcare | Pune +5 other locations,528,30
7681,Frontier Business Systems,3.2,(142),IT Services & Consulting | Bengaluru +16 other locations,865,11
7682,RealEstateIndia.com,4.8,(143),Real Estate | New Delhi +2 other locations,1.4k,--
7683,Europ Assistance India,3.5,(142),Insurance | Mumbai +10 other locations,566,4
7684,Overnite Express,3.9,(142),Logistics | New Delhi +34 other locations,362,--
7685,New India Co-Op Bank,3.1,(142),Banking | Mumbai +6 other locations,625,--
7686,SurePrep,4.0,(142),Software Product | Mumbai +4 other locations,794,16
7687,Nesma Trading,4.2,(142),Engineering & Construction | Al Khobar +11 other locations,233,--
7688,Nayati Hospital,3.3,(142),Healthcare | Mathura +10 other locations,539,--
7689,Neverskip,3.7,(142),Education & Training | Chennai +27 other locations,383,--
7690,Annapurna Group,3.7,(143),FMCG | Guwahati +19 other locations,497,--
7691,Core Diagnostics,3.9,(142),Healthcare | Gurugram +20 other locations,543,--
7692,IVL Dhunseri Petrochem Industries,3.7,(142),Chemicals | Haldia +8 other locations,486,--
7693,Asclepius Wellness,3.7,(142),Fitness & Wellness | Jaipur +20 other locations,488,2
7694,Brickwork India,3.5,(142),Financial Services | Bengaluru +3 other locations,848,6
7695,ApplyBoard,2.5,(142),Internet | Gurugram +9 other locations,589,24
7696,Baxter Pharmaceuticals,4.2,(142),Pharma | Ahmedabad +6 other locations,216,--
7697,ARK Infosolutions,3.7,(142),IT Services & Consulting | Noida +13 other locations,618,12
7698,Alcove Realty,4.0,(149),Real Estate | Kolkata +5 other locations,448,--
7699,Bando India,4.0,(142),Auto Components | Bengaluru +12 other locations,532,3
7700,AL-SUWAIDI INDUSTRIAL SERVICES,3.5,(142),Oil & Gas | Al Jubail +15 other locations,254,--
7701,Academor,2.6,(142),Education & Training | Bengaluru +6 other locations,160,--
7702,Rakshit Drugs,3.7,(142),Pharma | Visakhapatnam +5 other locations,611,5
7703,Alcove Realty,4.0,(149),Real Estate | Kolkata +5 other locations,448,--
7704,Cronus Pharma Specialities India,3.6,(142),Pharma | Hyderabad +5 other locations,701,3
7705,Zimetrics Technologies,3.7,(142),IT Services & Consulting | Pune +6 other locations,972,11
7706,Bando India,4.0,(142),Auto Components | Bengaluru +12 other locations,532,3
7707,UNI Klinger,3.9,(142),Industrial Machinery | Pune +10 other locations,611,--
7708,Baxter Pharmaceuticals,4.2,(142),Pharma | Ahmedabad +6 other locations,216,--
7709,ARK Infosolutions,3.7,(142),IT Services & Consulting | Noida +13 other locations,618,12
7710,Newtronic Lifecare Equipment,4.0,(142),Pharma | Mumbai +16 other locations,530,11
7711,Lupin Diagnostics,4.0,(142),Mumbai +33 other locations,469,--
7712,Shreeji Infrastructure,3.6,(142),Engineering & Construction | Bhopal +21 other locations,401,2
7713,Akrivia Automation,4.3,(142),IT Services & Consulting | Visakhapatnam +4 other locations,552,--
7714,Karnataka Power Transmission Corporation,4.2,(142),Power | Bengaluru +36 other locations,466,--
7715,Pacific Global Solutions,3.3,(142),Ahmedabad +5 other locations,702,16
7716,Privat Hospital,4.0,(142),Healthcare | Chennai +60 other locations,1.7k,--
7717,Lester Infoservices,3.2,(142),IT Services & Consulting | Mumbai +3 other locations,533,40
7718,Frontier Business Systems,3.2,(142),IT Services & Consulting | Bengaluru +16 other locations,865,11
7719,Galderma,3.5,(142),Healthcare | Mumbai +33 other locations,470,47
7720,Accel Limited,3.5,(142),IT Services & Consulting | Chennai +31 other locations,784,--
7721,Randstad Digital,3.2,(142),Recruitment | Bengaluru +11 other locations,799,2
7722,Calix,4.0,(142),Telecom | Bengaluru +3 other locations,384,36
7723,Nippon Toyota,3.8,(141),Auto Components | Kochi +11 other locations,494,--
7724,Kamlesh Kumar Singh Engineers,4.4,(141),Engineering & Construction | Panipat +20 other locations,432,--
7725,Multani Pharmaceuticals,4.0,(141),Pharma | New Delhi +19 other locations,455,--
7726,Spinks Softech,4.1,(141),Auto Components | Gurugram +9 other locations,609,--
7727,Takahata Precision,4.1,(142),Auto Components | Neemrana +5 other locations,538,--
7728,National Oilwell Varco,4.0,(141),Oil & Gas | Mumbai +17 other locations,549,7
7729,OptiSol Business Solutions,3.8,(141),IT Services & Consulting | Chennai +5 other locations,944,30
7730,Lakshmikumaran & Sridharan,3.5,(141),Legal | New Delhi +13 other locations,527,7
7731,Cooper-Standard Automotive,4.1,(141),Auto Components | Chennai +12 other locations,701,--
7732,Moving Picture Company,3.7,(141),Media & Entertainment | Bengaluru +15 other locations,443,--
7733,G7 CR Technologies,2.9,(141),IT Services & Consulting | Bengaluru +2 other locations,596,2
7734,Government of Delhi,4.4,(141),Government | New Delhi +1 other locations,692,--
7735,Suntara Cosmetics,3.7,(141),Beauty & Personal Care | Ahmedabad +7 other locations,675,--
7736,Techno Exponent,3.5,(141),Financial Services | Kolkata +5 other locations,482,--
7737,Disposafe Health And Life Care,3.3,(141),Medical Equipment | Faridabad +5 other locations,652,3
7738,Akshara Enterprises,3.4,(141),IT Services & Consulting | Hyderabad +23 other locations,702,3
7739,Sony Pictures Networks,3.6,(150),Mumbai +19 other locations,894,--
7740,Velammal Educational Trust,3.7,(141),Chennai +10 other locations,645,9
7741,ESSPL,4.0,(141),IT Services & Consulting | Bhubaneswar +7 other locations,816,--
7742,Tanla Platforms,3.0,(141),Telecom | Hyderabad +5 other locations,1.3k,29
7743,ASA & Associates,3.5,(141),Accounting & Auditing | New Delhi +11 other locations,844,1
7744,Kohinoor Group,3.9,(141),Real Estate | Pune +6 other locations,1k,--
7745,Beekay Steel Industries,3.1,(141),Iron & Steel | Kolkata +14 other locations,562,48
7746,Redisolve Software,2.7,(141),Software Product | Chennai +8 other locations,379,1
7747,INDOASIAN,4.1,(141),Semiconductors | Noida +31 other locations,422,6
7748,yellow.ai,3.0,(141),Software Product | Bengaluru +4 other locations,1.4k,6
7749,KollegeApply,4.0,(141),EdTech | Gurugram +3 other locations,55,1
7750,Geo Designs And Research,3.5,(141),Engineering & Construction | Vadodara +32 other locations,613,26
7751,Group Surya Peb,3.6,(141),Engineering & Construction | Pune +15 other locations,580,--
7752,Polestar Consulting,4.2,(141),IT Services & Consulting | Pune +17 other locations,307,9
7753,Primus Super Speciality Hospital,3.8,(141),Healthcare | New Delhi +7 other locations,485,3
7754,Goodrich Logistics Pvt. Ltd.,3.5,(141),Ports & Shipping | Mumbai +19 other locations,815,4
7755,Primetals Technologies,4.1,(141),Industrial Machinery | Kolkata +11 other locations,732,--
7756,Kearney,3.0,(146),Management Consulting | Gurugram +8 other locations,1.4k,--
7757,Rhysley Private Limited,3.4,(141),Fashion & Textile | Faridabad +6 other locations,344,20
7758,Nitika Pharmaceutical Specialities,3.8,(141),Pharma | Nagpur +3 other locations,513,19
7759,Aczet,3.2,(141),Electronics Manufacturing | Mumbai +12 other locations,546,--
7760,OPK e Services,2.9,(141),BPO | Gurugram +5 other locations,527,--
7761,SHRI LAKSHMI STEEL SUPPLIERS,4.1,(141),Iron & Steel | Bengaluru +22 other locations,471,17
7762,Silver Consumer Electricals,3.3,(141),Industrial Machinery | Rajkot +33 other locations,493,--
7763,Hyundai Steel,3.8,(141),Iron & Steel | Chennai +10 other locations,770,--
7764,Areteans,3.5,(141),IT Services & Consulting | Hyderabad +8 other locations,1.4k,--
7765,Proziod Analytics,3.5,(141),IT Services & Consulting | Bengaluru +4 other locations,365,23
7766,Bottomline,3.3,(141),Software Product | Bengaluru +4 other locations,1.1k,26
7767,FANUC,3.2,(141),Industrial Automation | Bengaluru +9 other locations,809,14
7768,BCForward,3.1,(141),Internet | Hyderabad +4 other locations,690,2
7769,Archidply Industries,3.4,(141),Furniture & Furnishing | New Delhi +39 other locations,428,4
7770,AIDA Cruises,3.5,(140),Travel & Tourism | Mumbai +13 other locations,209,--
7771,Healthworld Hospitals,4.0,(140),Healthcare | Durgapur +6 other locations,511,3
7772,FarMart,4.0,(140),Internet | Gurugram +26 other locations,450,12
7773,MicroGenesis Techsoft,3.6,(140),IT Services & Consulting | Bengaluru +5 other locations,904,8
7774,Antraweb Technologies,3.8,(140),IT Services & Consulting | Mumbai +6 other locations,425,6
7775,Ambrane India,4.5,(140),Consumer Electronics & Appliances | New Delhi +10 other locations,391,6
7776,NCDEX,3.4,(140),Financial Services | Mumbai +19 other locations,919,26
7777,Future Market Insights,1.6,(140),Analytics & KPO | Pune +1 other locations,536,--
7778,Piramal Group,4.0,(140),Financial Services | Mumbai +48 other locations,2k,18
7779,builder.ai,2.8,(140),Software Product | Gurugram +8 other locations,970,--
7780,Luxor International,3.6,(140),Retail | Noida +6 other locations,670,--
7781,Advance Career Solutions,4.1,(140),Jaipur +9 other locations,103,--
7782,Global Consumer Products,4.3,(140),FMCG | Bengaluru +37 other locations,346,--
7783,IIT Kanpur,3.9,(140),Education & Training | Kanpur +9 other locations,545,3
7784,Shyplite,3.8,(140),Logistics | New Delhi +2 other locations,290,--
7785,Saint-Gobain Abrasives,3.5,(140),Building Material | Bengaluru +26 other locations,741,--
7786,Smart Call Center Solutions,3.3,(140),BPO | Kolkata +8 other locations,324,10
7787,Eskag Pharma,3.2,(140),Pharma | Kolkata +24 other locations,480,1
7788,Institutional Shareholder Services,3.5,(140),Analytics & KPO | Mumbai +6 other locations,1.2k,5
7789,Rus Education,4.3,(140),Education & Training | New Delhi +24 other locations,300,5
7790,Wellknown Polyesters,3.7,(140),Fashion & Textile | Vapi +13 other locations,701,6
7791,Premsons Motor Udyog,3.4,(140),Auto Components | Ranchi +8 other locations,522,13
7792,Ravi Infrabuild Projects,3.8,(140),Engineering & Construction | Udaipur +24 other locations,545,3
7793,Surya Food & Agro,3.4,(140),Food Processing | Noida +31 other locations,338,19
7794,Gsp Power Projects,3.9,(140),Electronics Manufacturing | Faridabad +45 other locations,483,--
7795,Hegde & Hegde Pharmaceutica,3.8,(140),Pharma | Mumbai +38 other locations,440,--
7796,Eldeco Infrastructure & Properties,4.2,(140),Real Estate | New Delhi +12 other locations,546,3
7797,Loyal Textile Mills,3.5,(140),Fashion & Textile | Chennai +12 other locations,685,3
7798,Dr L H Hiranandani Hospital,3.8,(140),Healthcare | Mumbai +7 other locations,513,4
7799,Dantal Hydraulics,4.2,(140),Industrial Machinery | Gurugram +10 other locations,629,--
7800,ECE Industries,3.6,(140),Electrical Equipment | Ghaziabad +24 other locations,570,--
7801,Priyagold Biscuits,2.7,(140),Food Processing | Noida +38 other locations,365,--
7802,LUCKY MINERALS,3.8,(140),Metals & Mining | Jagdalpur +15 other locations,472,--
7803,Ambience Group,3.6,(140),Real Estate | New Delhi +12 other locations,534,4
7804,Megha Gas,3.6,(140),Oil & Gas | Hyderabad +31 other locations,528,--
7805,Cairn Oil,4.0,(148),Barmer +17 other locations,246,--
7806,Pearson,3.8,(140),Education & Training | Bengaluru +18 other locations,936,--
7807,Shree Hari Infraprojects,3.3,(140),Engineering & Construction | Jaipur +20 other locations,351,--
7808,Mobineers Info Systems,4.2,(140),IT Services & Consulting | New Delhi +16 other locations,390,17
7809,Share India Securities,3.7,(140),New Delhi +12 other locations,965,15
7810,Rina India,3.8,(140),"Testing, Inspection and Certification (TIC) | Mumbai +34 other locations",508,--
7811,Schbang,2.9,(140),Marketing & Advertising | Mumbai +5 other locations,1.1k,4
7812,Preet Group,3.8,(140),Ghaziabad +9 other locations,574,--
7813,Lumax Mannoh Allied Technologies,3.7,(140),Auto Components | Gurugram +13 other locations,657,--
7814,Livesalesman,4.8,(139),BPO | Noida +6 other locations,120,--
7815,Technofab Engineering,4.1,(139),Oil & Gas | Faridabad +21 other locations,444,--
7816,All Out,3.8,(139),FMCG | Gurugram +43 other locations,289,3
7817,Accountant Anywhere Services,4.2,(139),BPO | Pune +49 other locations,1k,--
7818,Doctors for you,3.8,(139),Non-Profit | New Delhi +41 other locations,438,34
7819,Yeshshree Press Comps,3.5,(139),Auto Components | Chhatrapati Sambhajinagar +7 other locations,662,--
7820,Lokmanya Multipurpose Co-op Society,3.1,(139),Financial Services | Pune +25 other locations,547,2
7821,Housr,4.4,(139),Hospitality | Gurugram +7 other locations,350,2
7822,Gapbridge Software Services,3.1,(139),IT Services & Consulting | Bengaluru +18 other locations,421,--
7823,Christ University,3.0,(139),Education & Training | Bengaluru +5 other locations,614,--
7824,Molbio Diagnostics,3.8,(139),Internet | Visakhapatnam +25 other locations,720,3
7825,Avon Cycles,4.0,(139),Automobile | Ludhiana +5 other locations,500,9
7826,Trell,3.0,(139),Internet | Bengaluru +13 other locations,847,--
7827,Birla Century,4.1,(139),Fashion & Textile | Bharuch +11 other locations,610,--
7828,COMSTAR AUTOMOTIVE TECHNOLOGIES,3.6,(139),Auto Components | Chennai +5 other locations,791,--
7829,Adma Solutions,4.4,(139),BPO | New Delhi +64 other locations,270,--
7830,Chemie Tech,3.5,(139),Oil & Gas | Vadodara +17 other locations,527,--
7831,Napier Healthcare Solutions,2.4,(139),IT Services & Consulting | Hyderabad +6 other locations,824,--
7832,Sun Pharma Advanced Research Company,3.8,(139),Pharma | Vadodara +14 other locations,724,2
7833,Madhavbaug,4.0,(140),Healthcare | Mumbai +38 other locations,385,--
7834,INDIAN DESIGNS,3.8,(140),Fashion & Textile | Bengaluru +9 other locations,504,--
7835,Amec Foster Wheeler,3.9,(139),Oil & Gas | Chennai +14 other locations,325,--
7836,Cummins Sales and Service,4.0,(139),Auto Components | Noida +18 other locations,196,--
7837,A.t.e. Enterprises,3.9,(139),Industrial Machinery | Ahmedabad +11 other locations,702,2
7838,Madras Medical Mission,4.2,(139),Healthcare | Chennai +3 other locations,470,11
7839,Delta Technology,3.5,(139),IT Services & Consulting | Hyderabad +10 other locations,1.1k,2
7840,Shubham EPC,4.0,(139),Engineering & Construction | Pune +6 other locations,316,1
7841,New Swan Enterprises,3.7,(139),Industrial Machinery | Ludhiana +9 other locations,450,9
7842,Orion Security Solutions,2.9,(139),Law Enforcement & Security | New Delhi +31 other locations,608,2
7843,94.3 MY FM,3.6,(139),Broadcasting | Jaipur +29 other locations,371,--
7844,Cubic Transportation Systems,3.1,(139),Software Product | Hyderabad +3 other locations,1.1k,86
7845,MRL Tyres,3.5,(148),Auto Components | New Delhi +15 other locations,664,--
7846,Aditya Birla SunLife Asset Management Company,3.8,(139),Financial Services | Mumbai +53 other locations,623,--
7847,ChicMic,4.3,(139),Gaming | Sahibzada Ajit Singh Nagar +2 other locations,285,11
7848,Shri Ram Finance Corporation,3.0,(146),Raipur +51 other locations,455,7
7849,Codilar Technologies,4.0,(139),IT Services & Consulting | Bengaluru +7 other locations,601,26
7850,Nikhil Adhesives,3.9,(139),Chemicals | Mumbai +34 other locations,443,--
7851,Moris Media,4.3,(139),Marketing & Advertising | Dubai +16 other locations,23,99
7852,Aster Medcity,4.6,(139),Healthcare | Kochi +10 other locations,521,1.3k
7853,Skillinabox,4.2,(139),Noida +4 other locations,45,4
7854,Q Connect Corp,3.5,(139),BPO | Hyderabad +15 other locations,256,--
7855,Cello World,3.4,(139),Consumer Electronics & Appliances | Mumbai +25 other locations,501,--
7856,TripFactory,2.1,(139),Internet | Bengaluru +14 other locations,487,3
7857,Nucsoft,2.6,(139),IT Services & Consulting | Mumbai +7 other locations,661,--
7858,LAKME ACADEMY,3.2,(139),Beauty & Personal Care | New Delhi +40 other locations,652,--
7859,Lokal App,3.5,(139),Internet | Bengaluru +14 other locations,578,20
7860,Houzeo,3.9,(139),Thane +2 other locations,276,--
7861,Xylem Learning,3.9,(139),EdTech | Kozhikode +11 other locations,384,28
7862,Modern Insulators,3.9,(138),Electrical Equipment | Abu Road +12 other locations,567,7
7863,Shivalik Prints,4.1,(138),Fashion & Textile | Faridabad +6 other locations,574,--
7864,Techavera Solutions,4.2,(138),Education & Training | Noida +5 other locations,103,--
7865,Saudi Oger,4.4,(138),Engineering & Construction | Riyadh +13 other locations,148,--
7866,BASIX Academy for Building Lifelong Employability,3.9,(138),Education & Training | New Delhi +44 other locations,221,2
7867,Abu Dhabi Commercial Bank,3.5,(138),Banking | Mumbai +7 other locations,629,--
7868,Maneesh Pharmaceuticals,4.0,(138),Pharma | Mumbai +19 other locations,530,--
7869,SOGEFI,3.3,(138),Auto Components | Pune +7 other locations,678,--
7870,Csc Computer Education,4.4,(138),Education & Training | Chennai +52 other locations,541,--
7871,Locobuzz,2.5,(138),Software Product | Mumbai +7 other locations,510,11
7872,Lycatel BPO,2.6,(138),BPO | Chennai +3 other locations,649,2
7873,One Trust,3.1,(138),Software Product | Bengaluru +6 other locations,968,9
7874,India Retails & Hospitality,4.4,(138),Retail | New Delhi +8 other locations,161,--
7875,Azuga Telematics,3.6,(138),Software Product | Bengaluru +5 other locations,903,1
7876,Ajeet Seeds,3.7,(138),Agriculture | Chhatrapati Sambhajinagar +30 other locations,498,--
7877,Gits Food Products,4.0,(138),FMCG | Pune +34 other locations,511,3
7878,Alliance Group,4.0,(138),Real Estate | Chennai +14 other locations,884,6
7879,Bimbo Bakeries India,3.6,(138),FMCG | New Delhi +17 other locations,683,--
7880,Maple Digital Technology,3.2,(138),Retail | Mumbai +13 other locations,411,6
7881,Behr Hella Thermocontrol,4.0,(138),Auto Components | Pune +2 other locations,776,15
7882,Sushima Pharmaceuticals,3.7,(138),Pharma | Ghaziabad +40 other locations,194,4
7883,Banaras Hindu University,4.7,(138),Education & Training | Varanasi +14 other locations,368,--
7884,Hestabit Technologies,3.5,(138),IT Services & Consulting | Noida +4 other locations,607,5
7885,Quadgen Wireless Solutions,3.7,(138),Telecom | Bengaluru +18 other locations,584,--
7886,Actis Technologies,4.1,(138),IT Services & Consulting | Mumbai +11 other locations,552,6
7887,Vikram Sarabhai Space Centre,4.4,(138),Defence & Aerospace | Thiruvananthapuram +12 other locations,404,--
7888,Brady Corporation,4.3,(138),Printing & Publishing | Bengaluru +13 other locations,592,--
7889,Deutsche Telekom,3.3,(138),Telecom | Pune +6 other locations,1.3k,--
7890,Jsw Infrastructure,4.2,(138),Engineering & Construction | Mumbai +20 other locations,584,--
7891,Printo Document Services,3.6,(138),Retail | Bengaluru +10 other locations,621,11
7892,DRN Infrastructure,3.2,(138),Power | Hubballi +21 other locations,519,11
7893,KLES Dr. Prabhakar Kore Hospital & M.R.C,3.7,(138),Healthcare | Belagavi +9 other locations,371,11
7894,Ayana Renewable Power,4.3,(138),Power | Bengaluru +18 other locations,571,--
7895,Seashell Logistics,3.7,(138),Logistics | Navi Mumbai +17 other locations,528,--
7896,Sovereign Pharma,3.9,(138),Pharma | Daman & Diu +11 other locations,631,--
7897,Airef Engineers,3.9,(138),Engineering & Construction | Gurugram +15 other locations,474,2
7898,MariApps Marine Solutions,3.3,(138),IT Services & Consulting | Kochi +6 other locations,1.2k,--
7899,Sunshine Hospitals,4.1,(138),Healthcare | Hyderabad +18 other locations,655,--
7900,Rozana Rural Commerce Private Limited,3.3,(138),Internet | New Delhi +14 other locations,363,--
7901,EIH,3.7,(138),Hospitality | New Delhi +12 other locations,621,8
7902,Ceigall,3.3,(150),Ludhiana +20 other locations,646,7
7903,Rural Electrification Corporation,3.7,(138),Power | New Delhi +34 other locations,401,--
7904,V2soft,3.4,(138),IT Services & Consulting | Bengaluru +7 other locations,1.2k,13
7905,The Hackett Group,3.2,(138),Management Consulting | Hyderabad +5 other locations,985,28
7906,HealthAsyst,3.8,(138),IT Services & Consulting | Bengaluru +2 other locations,838,12
7907,Maintec Technologies,3.8,(138),IT Services & Consulting | Bengaluru +8 other locations,859,1
7908,DigiLantern,3.5,(138),IT Services & Consulting | Noida +6 other locations,284,62
7909,IFGL Refractories,3.7,(138),Industrial Machinery | Rourkela +25 other locations,533,--
7910,Nichino,3.5,(138),Hyderabad +37 other locations,463,4
7911,Monotype,3.4,(138),IT Services & Consulting | Noida +4 other locations,940,3
7912,Interactive Brokers,3.3,(138),Financial Services | Mumbai +4 other locations,926,35
7913,HealthAssure,3.3,(138),Healthcare | Mumbai +10 other locations,613,2
7914,Maiva Pharma,3.8,(138),Hosur +3 other locations,713,--
7915,Sagacious IP,3.4,(138),Gurugram +5 other locations,586,--
7916,Shiksha.com,3.4,(138),Internet | New Delhi +20 other locations,455,--
7917,Rockman Group,3.9,(138),Auto Components | Tirupati +18 other locations,526,--
7918,Sitec Labs,4.1,(138),Pharma | Mumbai +2 other locations,661,6
7919,Birla Precision Technologies,3.5,(138),Industrial Machinery | Chhatrapati Sambhajinagar +15 other locations,710,21
7920,Affiliated Computer Services,3.6,(137),IT Services & Consulting | Bangalore / Bengaluru +14 other locations,406,--
7921,Chiripal Group,4.0,(137),Fashion & Textile | Ahmedabad +10 other locations,542,--
7922,Tarasafe International Private Limited,4.6,(137),Kolkata +2 other locations,202,1
7923,Drums Food International,4.6,(137),Food Processing | Mumbai +25 other locations,533,2
7924,REC Power Development and Consultancy,4.1,(137),New Delhi +36 other locations,442,--
7925,TML Business Services,3.9,(137),IT Services & Consulting | Pune +15 other locations,482,34
7926,Valdel Engineers & Constructors,2.8,(137),Oil & Gas | Bengaluru +8 other locations,643,--
7927,Ascend Telecom Infrastructure,4.2,(137),Telecom | Bengaluru +25 other locations,391,--
7928,SPD Constructions,3.9,(137),Bhubaneswar +13 other locations,459,--
7929,Serdia Pharmaceuticals,3.7,(137),Pharma | Mumbai +24 other locations,384,--
7930,Peoplelink Unified Communications,3.7,(137),Consumer Electronics & Appliances | Hyderabad +21 other locations,732,--
7931,Naaraayani Sons,3.0,(137),Metals & Mining | Kolkata +20 other locations,417,2
7932,Viney Corporation,3.7,(137),Auto Components | Gurugram +11 other locations,563,--
7933,Radixweb,3.5,(137),IT Services & Consulting | Ahmedabad +2 other locations,840,2
7934,Freudenberg Gala Household Product,3.9,(137),Consumer Electronics & Appliances | Mumbai +26 other locations,396,--
7935,Mankind Specialities,3.8,(137),Pharma | Mumbai +47 other locations,451,--
7936,IRIS RegTech Solutions Limited,3.5,(137),IT Services & Consulting | Mumbai +10 other locations,1.2k,35
7937,NLMK India,3.6,(137),Metals & Mining | Chhatrapati Sambhajinagar +10 other locations,623,--
7938,Herman Miller,4.3,(137),Furniture & Furnishing | Bengaluru +6 other locations,830,31
7939,GoBoult,3.7,(137),Consumer Electronics & Appliances | Gurugram +4 other locations,437,19
7940,Panda Retail Company,4.2,(137),Retail | Bhubaneswar +15 other locations,177,--
7941,TQ Cert Services,3.7,(137),Hyderabad +36 other locations,331,2
7942,Ascend Telecom Infrastructure,4.2,(137),Telecom | Bengaluru +25 other locations,391,--
7943,Peoplelink Unified Communications,3.7,(137),Consumer Electronics & Appliances | Hyderabad +21 other locations,732,--
7944,Naaraayani Sons,3.0,(137),Metals & Mining | Kolkata +20 other locations,417,2
7945,Serdia Pharmaceuticals,3.7,(137),Pharma | Mumbai +24 other locations,384,--
7946,SPD Constructions,3.9,(137),Bhubaneswar +13 other locations,459,--
7947,Quinte Financial Technologies,3.7,(137),Chennai +2 other locations,671,--
7948,Herman Miller,4.3,(137),Furniture & Furnishing | Bengaluru +6 other locations,830,31
7949,Q Tech Microelectronics India,3.7,(137),Greater Noida +5 other locations,541,5
7950,Ntrust Infotech,3.4,(137),IT Services & Consulting | Chennai +3 other locations,843,--
7951,Royal HaskoningDHV,4.4,(137),Engineering & Construction | Chennai +29 other locations,432,19
7952,Aarthi Scans and Labs,3.4,(138),Healthcare | Chennai +16 other locations,577,3
7953,Symbiosis International University,3.8,(137),Education & Training | Pune +9 other locations,694,--
7954,International Crops Research Institute for the Semi-arid Tropics,3.7,(137),Analytics & KPO | Hyderabad +15 other locations,412,8
7955,Cogneesol,3.3,(137),BPO | Sahibzada Ajit Singh Nagar +5 other locations,727,15
7956,7 Eleven,3.4,(142),Retail | Bengaluru +19 other locations,1.1k,--
7957,Star Paper Mills,3.8,(138),Pulp & Paper | Saharanpur +6 other locations,452,1
7958,GoBoult,3.7,(137),Consumer Electronics & Appliances | Gurugram +4 other locations,437,19
7959,Weir Minerals,4.0,(137),Metals & Mining | Bengaluru +9 other locations,695,20
7960,IRIS RegTech Solutions Limited,3.5,(137),IT Services & Consulting | Mumbai +10 other locations,1.2k,35
7961,Aksh Optifibre,3.8,(137),Telecom | New Delhi +15 other locations,520,--
7962,Perto,3.6,(137),Electrical Equipment | Jaipur +17 other locations,619,5
7963,Altos Global Services,3.6,(137),BPO | Noida +5 other locations,337,1
7964,M Tech Innovations,3.2,(137),Electronics Manufacturing | Pune +8 other locations,610,13
7965,Luker Electric Technologies,3.8,(137),Financial Services | Coimbatore +36 other locations,566,--
7966,Pricol Engineering Industries,3.8,(137),Auto Components | Coimbatore +14 other locations,782,--
7967,"MAT Holdings, Inc",3.9,(137),Sonipat +6 other locations,541,--
7968,Radixweb,3.5,(137),IT Services & Consulting | Ahmedabad +2 other locations,840,2
7969,Viney Corporation,3.7,(137),Auto Components | Gurugram +11 other locations,563,--
7970,Worldpay,4.1,(137),FinTech | Indore +5 other locations,1.2k,--
7971,Mankind Specialities,3.8,(137),Pharma | Mumbai +47 other locations,451,--
7972,Agastya International Foundation,3.5,(137),Non-Profit | Bengaluru +34 other locations,309,6
7973,Digi Clarity Global Solutions,4.1,(137),Analytics & KPO | Chennai +1 other locations,317,3
7974,Enviro Infra Engineers,4.1,(137),Waste Management | New Delhi +31 other locations,496,9
7975,Freudenberg Gala Household Product,3.9,(137),Consumer Electronics & Appliances | Mumbai +26 other locations,396,--
7976,LRQA,3.3,(137),Analytics & KPO | Mumbai +19 other locations,574,28
7977,Decision Point,3.4,(137),Analytics & KPO | Gurugram +4 other locations,701,--
7978,MediaTek India Technology,3.8,(137),Semiconductors | Noida +7 other locations,1.2k,24
7979,THERMAL SYSTEMS,3.9,(137),Industrial Machinery | Hyderabad +6 other locations,594,4
7980,Suwasthi,2.4,(137),Beauty & Personal Care | Noida +5 other locations,281,1
7981,Sterling Auxiliaries,3.2,(137),Chemicals | Bharuch +6 other locations,777,--
7982,G Square Housing,3.8,(137),Real Estate | Chennai +9 other locations,497,23
7983,APL Logistics,3.7,(137),Logistics | Chennai +28 other locations,583,6
7984,PhableCare,2.6,(136),Internet | Bengaluru +7 other locations,823,--
7985,Solitaire World,3.9,(136),Real Estate | Pune +3 other locations,297,--
7986,MeritTrac,3.7,(136),EdTech | Bengaluru +13 other locations,528,--
7987,Preet Tractors,2.7,(136),Automobile | Nabha +26 other locations,476,--
7988,Vtc Tradewings,4.0,(136),Logistics | Noida +24 other locations,356,1
7989,Ashida Electronics,3.9,(136),Electronics Manufacturing | Mumbai +16 other locations,540,1
7990,DigitalTrack Solutions,3.8,(136),IT Services & Consulting | Chennai +13 other locations,858,--
7991,AI Engineering Services,3.5,(136),New Delhi +11 other locations,456,--
7992,Manpasand Beverages,3.7,(136),Beverage | Vadodara +31 other locations,295,--
7993,Freight Tiger,3.6,(136),Logistics | Mumbai +24 other locations,501,8
7994,Facilities And Building Solutions,3.6,(136),Engineering & Construction | Bengaluru +16 other locations,542,1
7995,Daimler,4.0,(136),Automobile | Chennai +12 other locations,877,--
7996,Lloyd Electric & Engineering,3.6,(136),Industrial Machinery | New Delhi +39 other locations,464,--
7997,HM Constructions,4.5,(136),Real Estate | Bengaluru +7 other locations,199,25
7998,Norwegian Cruise Line,4.2,(136),Travel & Tourism | Mumbai +10 other locations,184,--
7999,Eptisa,3.5,(136),Engineering & Construction | Kolkata +26 other locations,422,--
8000,Fipola Retail,3.7,(136),Food Processing | Chennai +6 other locations,306,--
8001,XSEED Education,3.0,(136),EdTech | Bengaluru +21 other locations,509,--
8002,SNS College of Technology,4.7,(136),Education & Training | Coimbatore +3 other locations,85,--
8003,Fabtech Technologies International,3.5,(136),Engineering & Construction | Mumbai +7 other locations,614,14
8004,Annet Technologies,3.7,(136),Software Product | Mumbai +6 other locations,659,4
8005,Bharuch Enviro Infrastructure,4.0,(136),Real Estate | Ankleshwar +12 other locations,620,4
8006,Ultimate Flexipack,3.7,(136),Petrochemicals | Haridwar +8 other locations,586,--
8007,Birla Fertility & IVF,3.8,(136),Healthcare | New Delhi +25 other locations,340,--
8008,Hitachi Automotive Systems,4.2,(136),Auto Components | Chennai +12 other locations,676,--
8009,Country Holidays Travel India,3.2,(136),Travel & Tourism | Noida +6 other locations,53,--
8010,Merlin Group,3.9,(136),Real Estate | Kolkata +8 other locations,580,16
8011,Bansal Hospital,4.1,(136),Healthcare | Bhopal +20 other locations,471,--
8012,Shankar Electricals,3.6,(136),Electrical Equipment | Bengaluru +8 other locations,486,--
8013,Futuresoft Solutions,3.0,(136),IT Services & Consulting | New Delhi +20 other locations,809,2
8014,Colan Infotech,3.3,(136),IT Services & Consulting | Chennai +7 other locations,1.3k,26
8015,Milacron,3.8,(139),Ahmedabad +6 other locations,926,2
8016,Cherise India,3.8,(136),Beverage | Pune +5 other locations,300,3
8017,Marwadi Shares & Finance,4.3,(136),Financial Services | Rajkot +26 other locations,660,11
8018,VLink,3.6,(137),IT Services & Consulting | Gurugram +5 other locations,726,21
8019,Apraava Energy,4.4,(136),Power | Mumbai +23 other locations,516,--
8020,K.R.Pulp & Papers,3.3,(136),Pulp & Paper | Shahjahanpur +6 other locations,446,--
8021,mPHATEK Systems,3.4,(136),IT Services & Consulting | Pune +3 other locations,996,--
8022,Sungwoo Hitech,4.0,(136),Auto Components | Chennai +9 other locations,655,--
8023,Robt Stone (ME) LLC,2.8,(136),Oil & Gas | Abu Dhabi +7 other locations,323,--
8024,Nifco India,3.7,(136),Industrial Machinery | Gurugram +9 other locations,469,--
8025,Shipsy,4.2,(136),Software Product | Gurugram +5 other locations,671,11
8026,Yanfeng Automotive Interiors,3.9,(136),Auto Components | Pune +6 other locations,653,8
8027,Deoleo,4.1,(136),Food Processing | Mumbai +34 other locations,441,5
8028,Revature,3.3,(136),IT Services & Consulting | Chennai +7 other locations,647,8
8029,Novopay Solutions,2.9,(136),Software Product | Bengaluru +21 other locations,740,2
8030,Infotech,4.4,(136),IT Services & Consulting | Hyderabad +34 other locations,1.1k,1
8031,Indus Cosmeceuticals,4.3,(136),Beauty & Personal Care | Faridabad +5 other locations,188,--
8032,3 Gen Consulting,3.1,(136),Healthcare | Pune +4 other locations,486,10
8033,APEEJAY EDUCATION SOCIETY,3.1,(136),Education & Training | New Delhi +15 other locations,543,61
8034,BrowserStack,3.5,(136),Software Product | Mumbai +5 other locations,1.8k,14
8035,Toshiba Johnson Elevators,4.1,(136),Industrial Machinery | Mumbai +13 other locations,474,--
8036,QUTONE CERAMIC,3.7,(136),Building Material | Ahmedabad +28 other locations,399,--
8037,Oman Shapoorji Llc,3.6,(136),Engineering & Construction | Muscat +10 other locations,394,--
8038,Bhate & Raje Construction Co.,4.1,(136),Engineering & Construction | Pune +7 other locations,428,7
8039,Shahnaz Husain Group Of Companies,3.2,(136),Beauty & Personal Care | New Delhi +19 other locations,379,16
8040,Apraava Energy,4.4,(136),Power | Mumbai +23 other locations,516,--
8041,Milacron,3.8,(139),Ahmedabad +6 other locations,926,2
8042,Colan Infotech,3.3,(136),IT Services & Consulting | Chennai +7 other locations,1.3k,26
8043,Sungwoo Hitech,4.0,(136),Auto Components | Chennai +9 other locations,655,--
8044,Country Holidays Travel India,3.2,(136),Travel & Tourism | Noida +6 other locations,53,--
8045,Marwadi Shares & Finance,4.3,(136),Financial Services | Rajkot +26 other locations,660,11
8046,Calling 24o7 Bpo Services,3.9,(136),BPO | Pune +9 other locations,358,2
8047,KWALITY DAIRY (INDIA),3.9,(135),FMCG | New Delhi +16 other locations,324,--
8048,DigiVersal Consultants,2.4,(135),Internet | Noida +5 other locations,361,27
8049,Mytrah Energy,4.2,(135),Power | Hyderabad +13 other locations,472,1
8050,Digicommerce Solutions LLP,4.7,(135),Internet | Noida +5 other locations,176,6
8051,Winman Software,4.2,(135),Software Product | Mangaluru,413,1
8052,Frugal Testing,4.6,(135),IT Services & Consulting | Hyderabad +1 other locations,146,6
8053,Trn Energy,3.4,(135),Power | Raigarh +9 other locations,428,--
8054,UTI Technology Services,3.4,(135),IT Services & Consulting | Hyderabad +20 other locations,552,--
8055,Gemini Consulting & Services,3.8,(135),IT Services & Consulting | Hyderabad +10 other locations,1.1k,10
8056,Dr.SNS Rajalakshmi College Of Arts and Science,4.9,(135),Education & Training | Coimbatore +1 other locations,18,--
8057,Dana TM4,4.0,(138),Power | Pune +5 other locations,545,--
8058,LC Infra Projects,3.9,(136),Engineering & Construction | Ahmedabad +30 other locations,405,3
8059,DNV,4.0,(135),Management Consulting | Pune +16 other locations,682,5
8060,Web Synergies,2.9,(135),IT Services & Consulting | Hyderabad +9 other locations,721,5
8061,Omega Elevators,3.8,(135),Industrial Machinery | Ahmedabad +27 other locations,453,3
8062,Mytrah Energy,4.2,(135),Power | Hyderabad +13 other locations,472,1
8063,FabAlley,3.9,(135),Retail | Noida +14 other locations,240,--
8064,KMC Constructions,4.3,(135),Engineering & Construction | Hyderabad +26 other locations,504,--
8065,Gemini Consulting & Services,3.8,(135),IT Services & Consulting | Hyderabad +10 other locations,1.1k,10
8066,Dana TM4,4.0,(138),Power | Pune +5 other locations,545,--
8067,Solulab inc,3.0,(135),IT Services & Consulting | Ahmedabad +3 other locations,284,3
8068,Sberbank Branch in India,3.1,(135),Banking | New Delhi +4 other locations,432,13
8069,Aligned Automation,3.8,(135),IT Services & Consulting | Pune +4 other locations,1.1k,8
8070,HexaView Technologies,3.0,(135),IT Services & Consulting | Noida +5 other locations,918,1
8071,Quatrro Mortgage Solutions,3.1,(135),Financial Services | Mumbai +8 other locations,440,--
8072,Solar Defence And Aerospace,3.8,(135),Defence & Aerospace | Nagpur +5 other locations,549,--
8073,Bansal Classes,3.3,(135),Education & Training | Pune +47 other locations,471,--
8074,Pioneer Wincon,4.2,(135),Power | Chennai +17 other locations,386,1
8075,RKC Infrabiult Private Limited,3.6,(139),Engineering & Construction | Ahmedabad +15 other locations,540,--
8076,Komatsu,3.6,(136),Industrial Machinery | Chennai +15 other locations,707,8
8077,UTI Technology Services,3.4,(135),IT Services & Consulting | Hyderabad +20 other locations,552,--
8078,rProcess Outsourcing Services,3.4,(135),Analytics & KPO | Mysuru +2 other locations,468,2
8079,Strata Geosystems,3.8,(135),Engineering & Construction | Mumbai +23 other locations,594,1
8080,Genus Innovation,3.6,(135),Power | Jaipur +19 other locations,601,3
8081,Euronet Global Development Center,3.9,(135),FinTech | Mumbai +11 other locations,939,1
8082,Detox Group,4.0,(135),Chemicals | Ankleshwar +16 other locations,568,--
8083,FICCI,3.4,(135),Government | New Delhi +14 other locations,643,5
8084,Cognifyz Technologies,4.0,(135),Hyderabad +29 other locations,102,--
8085,Besmak Components,3.9,(135),Auto Components | Chennai +8 other locations,632,8
8086,SAG Infotech,3.4,(135),IT Services & Consulting | Jaipur +5 other locations,429,15
8087,Cachet Pharmaceuticals,3.9,(135),Pharma | Mumbai +27 other locations,408,1
8088,ParamInfo,3.3,(135),IT Services & Consulting | Hyderabad +4 other locations,289,2
8089,Magna Steyr,4.2,(135),Automobile | Pune +2 other locations,910,--
8090,42Gears Mobility Systems,3.9,(135),Software Product | Bengaluru +4 other locations,724,38
8091,Vista Furnishing Limited,4.1,(135),Furniture & Furnishing | Ghaziabad +9 other locations,371,8
8092,Web Synergies,2.9,(135),IT Services & Consulting | Hyderabad +9 other locations,721,5
8093,Sberbank Branch in India,3.1,(135),Banking | New Delhi +4 other locations,432,13
8094,Solulab inc,3.0,(135),IT Services & Consulting | Ahmedabad +3 other locations,284,3
8095,Aligned Automation,3.8,(135),IT Services & Consulting | Pune +4 other locations,1.1k,8
8096,Solar Defence And Aerospace,3.8,(135),Defence & Aerospace | Nagpur +5 other locations,549,--
8097,Jio Payments Bank,3.8,(135),FinTech | Mumbai +30 other locations,707,--
8098,Pioneer Wincon,4.2,(135),Power | Chennai +17 other locations,386,1
8099,Bansal Classes,3.3,(135),Education & Training | Pune +47 other locations,471,--
8100,Jio Payments Bank,3.8,(135),FinTech | Mumbai +30 other locations,707,--
8101,Tara Consultancy Services,2.8,(135),Hyderabad +15 other locations,384,--
8102,Harley-Davidson,3.8,(135),Automobile | Gurugram +30 other locations,482,24
8103,Unique Measurement Service,4.5,(135),Auto Components | Chennai +9 other locations,228,2
8104,IMS Learning Resources,3.7,(135),Education & Training | Mumbai +27 other locations,712,6
8105,POSCO,4.0,(135),Metals & Mining | Pune +20 other locations,630,--
8106,Tata Trusts,4.3,(134),Non-Profit | Mumbai +34 other locations,719,--
8107,Mapro Foods,3.6,(134),FMCG | Pune +35 other locations,375,--
8108,Tafe Access,3.8,(134),Automobile | Chennai +14 other locations,498,--
8109,Khandelwal Laboratories,4.1,(134),Pharma | Mumbai +18 other locations,414,--
8110,Benteler Automotive,4.0,(134),Automobile | Pune +3 other locations,487,--
8111,DMI DRAEXLMAIER MANUFACTURING,3.7,(134),Industrial Machinery | Pune +4 other locations,473,--
8112,PrimeXBT,4.7,(134),FinTech | London +3 other locations,7,1
8113,Daicel Chiral Technologies,4.2,(134),Pharma | Hyderabad +2 other locations,637,--
8114,Saifee Hospital,3.1,(134),Healthcare | Mumbai +7 other locations,492,--
8115,Bluecraft Agro,3.5,(134),Food Processing | Yamunanagar +10 other locations,645,--
8116,Testhouse,4.2,(134),IT Services & Consulting | Thiruvananthapuram +5 other locations,762,3
8117,Axles India,3.4,(134),Auto Components | Chennai +10 other locations,668,1
8118,Stemmons Business Services,4.1,(134),BPO | Vadodara +1 other locations,635,1
8119,vConstruct,3.7,(134),Engineering & Construction | Pune +3 other locations,901,30
8120,Tafe Access,3.8,(134),Automobile | Chennai +14 other locations,498,--
8121,PrimeXBT,4.7,(134),FinTech | London +3 other locations,7,1
8122,Benteler Automotive,4.0,(134),Automobile | Pune +3 other locations,487,--
8123,Khandelwal Laboratories,4.1,(134),Pharma | Mumbai +18 other locations,414,--
8124,DMI DRAEXLMAIER MANUFACTURING,3.7,(134),Industrial Machinery | Pune +4 other locations,473,--
8125,Bluecraft Agro,3.5,(134),Food Processing | Yamunanagar +10 other locations,645,--
8126,vConstruct,3.7,(134),Engineering & Construction | Pune +3 other locations,901,30
8127,Testhouse,4.2,(134),IT Services & Consulting | Thiruvananthapuram +5 other locations,762,3
8128,Axles India,3.4,(134),Auto Components | Chennai +10 other locations,668,1
8129,Daicel Chiral Technologies,4.2,(134),Pharma | Hyderabad +2 other locations,637,--
8130,Stemmons Business Services,4.1,(134),BPO | Vadodara +1 other locations,635,1
8131,Propelld,3.6,(134),Internet | Bengaluru +24 other locations,578,4
8132,Tcg Digital Solutions,3.3,(134),IT Services & Consulting | Kolkata +5 other locations,952,--
8133,New Swan Multitech,4.0,(134),Industrial Machinery | Ludhiana +5 other locations,502,1
8134,Flemingo Duty Free Shop,4.1,(134),Retail | Mumbai +13 other locations,515,2
8135,Arbro Pharmaceuticals,3.8,(134),Pharma | New Delhi +8 other locations,510,17
8136,Husk Power Systems,3.3,(134),Power | Patna +22 other locations,491,12
8137,Appcino Technologies,3.4,(134),IT Services & Consulting | Jaipur +12 other locations,447,--
8138,CG Corp Global,3.1,(134),FMCG | Gurugram +23 other locations,355,--
8139,Sakal Media Group,3.5,(134),Media & Entertainment | Pune +18 other locations,709,2
8140,Jolly Containers,3.7,(134),Petrochemicals | Daman & Diu +14 other locations,556,12
8141,VaaaN Infra,3.4,(134),Urban Transport | New Delhi +22 other locations,453,1
8142,EDUGORILLA COMMUNITY,3.3,(134),Education & Training | Lucknow +5 other locations,388,--
8143,Viztar International,3.3,(134),Education & Training | Mumbai +18 other locations,548,--
8144,Vigour Mobile,3.6,(134),Consumer Electronics & Appliances | Gurugram +26 other locations,477,3
8145,Flemingo Duty Free Shop,4.1,(134),Retail | Mumbai +13 other locations,515,2
8146,New Swan Multitech,4.0,(134),Industrial Machinery | Ludhiana +5 other locations,502,1
8147,Tcg Digital Solutions,3.3,(134),IT Services & Consulting | Kolkata +5 other locations,952,--
8148,Arbro Pharmaceuticals,3.8,(134),Pharma | New Delhi +8 other locations,510,17
8149,Zaggle Prepaid Ocean Services,3.3,(134),FinTech | Hyderabad +6 other locations,867,7
8150,Smiths Detection,3.8,(134),Defence & Aerospace | Bengaluru +11 other locations,748,97
8151,Dinesh Engineers,3.9,(134),Telecom | Mumbai +24 other locations,461,4
8152,Sakal Media Group,3.5,(134),Media & Entertainment | Pune +18 other locations,709,2
8153,Weavetex Overseas,3.6,(134),Fashion & Textile | New Delhi +11 other locations,534,--
8154,TD Power Systems,3.7,(137),Electrical Equipment | Bengaluru +7 other locations,695,--
8155,NCR Atleos,3.8,(157),Mumbai +16 other locations,875,37
8156,Transformers & Rectifiers (India),4.2,(134),Electrical Equipment | Ahmedabad +5 other locations,800,--
8157,CG Corp Global,3.1,(134),FMCG | Gurugram +23 other locations,355,--
8158,Sandvik Coromant,4.1,(134),Industrial Machinery | Pune +9 other locations,629,19
8159,Comnet Solutions,3.5,(134),Telecom | Mumbai +23 other locations,722,--
8160,ClinicAnywhere,3.2,(134),Bengaluru +9 other locations,540,--
8161,Quality Evaluation And Systems Team,4.1,(134),Engineering & Construction | Bengaluru +27 other locations,484,2
8162,Homeocare International,3.4,(133),Healthcare | Hyderabad +23 other locations,401,7
8163,Pravin Electricals,4.2,(133),Electrical Equipment | Mumbai +14 other locations,582,--
8164,Akshayakalpa,3.9,(133),Internet | Bengaluru +12 other locations,402,--
8165,IPAC,3.2,(133),Retail | Kolkata +15 other locations,939,--
8166,The Nuance Group AG,4.3,(133),IT Services & Consulting | Pune +9 other locations,848,--
8167,Farida Group,4.0,(133),Leather | Chennai +8 other locations,423,--
8168,ESIC Medical College and Hospital,4.0,(134),Education & Training | New Delhi +19 other locations,646,--
8169,Amalgamated Plantations,3.7,(133),Beverage | Kolkata +20 other locations,434,--
8170,Speciality Restaurants,4.2,(133),Hospitality | Mumbai +15 other locations,464,3
8171,DAEWOO E&C,4.2,(133),Engineering & Construction | Patna +16 other locations,162,--
8172,Counsel India,3.6,(133),EdTech | Noida +3 other locations,285,9
8173,Shilpa Steel and Power,3.5,(133),Iron & Steel | Nagpur +4 other locations,484,3
8174,Securonix,2.6,(133),Internet | Bengaluru +3 other locations,876,--
8175,Malpani Group,4.1,(133),Power | Pune +18 other locations,548,9
8176,Modern Foods,3.6,(133),Food Processing | Chennai +21 other locations,567,--
8177,Mutual Industries,3.2,(133),Petrochemicals | Mumbai +12 other locations,567,--
8178,H-one India,3.9,(133),Auto Components | Noida +11 other locations,539,--
8179,Mallcom,3.8,(133),BPO | Kolkata +10 other locations,402,16
8180,The Nuance Group AG,4.3,(133),IT Services & Consulting | Pune +9 other locations,848,--
8181,Modern Foods,3.6,(133),Food Processing | Chennai +21 other locations,567,--
8182,Farida Group,4.0,(133),Leather | Chennai +8 other locations,423,--
8183,Amalgamated Plantations,3.7,(133),Beverage | Kolkata +20 other locations,434,--
8184,Speciality Restaurants,4.2,(133),Hospitality | Mumbai +15 other locations,464,3
8185,DAEWOO E&C,4.2,(133),Engineering & Construction | Patna +16 other locations,162,--
8186,Vkc Nuts,3.5,(133),Food Processing | Noida +11 other locations,522,--
8187,The Judge Group,3.2,(133),Recruitment | Noida +7 other locations,665,28
8188,Jindal Stainless Steelway,4.0,(134),Iron & Steel | Gurugram +19 other locations,656,--
8189,Sanathan Textiles,4.0,(133),Fashion & Textile | Dadra & Nagar Haveli +12 other locations,662,1
8190,Sindhuja Microcredit,3.7,(148),Noida +51 other locations,400,14
8191,Della Group,3.6,(133),Architecture & Interior Design | Mumbai +4 other locations,311,21
8192,FinAdvantage,4.0,(133),Accounting & Auditing | Bengaluru +3 other locations,350,40
8193,Jss Pro Services,3.8,(133),Financial Services | Hyderabad +5 other locations,610,3
8194,UTI Mutual Fund,4.0,(133),Financial Services | Mumbai +59 other locations,698,189
8195,Bangalore Electricity Supply Company,3.7,(133),Bengaluru +9 other locations,528,--
8196,Ashland,4.0,(133),Chemicals | Hyderabad +10 other locations,594,--
8197,Anjan Drug,3.3,(133),Pharma | Chennai +4 other locations,650,--
8198,Oman National Engineering & Investment Company,4.0,(133),Engineering & Construction | Muscat +7 other locations,391,1
8199,HPI Limited,3.7,(133),Internet | Bengaluru +12 other locations,1.2k,--
8200,Jss Pro Services,3.8,(133),Financial Services | Hyderabad +5 other locations,610,3
8201,UTI Mutual Fund,4.0,(133),Financial Services | Mumbai +59 other locations,698,189
8202,Della Group,3.6,(133),Architecture & Interior Design | Mumbai +4 other locations,311,21
8203,FinAdvantage,4.0,(133),Accounting & Auditing | Bengaluru +3 other locations,350,40
8204,Bangalore Electricity Supply Company,3.7,(133),Bengaluru +9 other locations,528,--
8205,Ashland,4.0,(133),Chemicals | Hyderabad +10 other locations,594,--
8206,Progcap,4.0,(133),Financial Services | New Delhi +16 other locations,767,6
8207,Axis Asset Management Company,3.7,(133),Financial Services | Mumbai +52 other locations,566,142
8208,YCH Logistics,3.9,(133),Logistics | Chennai +20 other locations,510,--
8209,HPI Limited,3.7,(133),Internet | Bengaluru +12 other locations,1.2k,--
8210,Rigved Technologies,3.8,(133),Emerging Technologies | Mumbai +9 other locations,654,9
8211,ToXSL Technologies,3.8,(133),IT Services & Consulting | Sahibzada Ajit Singh Nagar +14 other locations,361,18
8212,Viveks,4.0,(132),Retail | Chennai +14 other locations,463,7
8213,Shri Ram Murti Smarak Institute of Medical Sciences,3.6,(132),Education & Training | Bareilly +4 other locations,334,115
8214,FNF India,3.8,(132),IT Services & Consulting | Bengaluru +4 other locations,695,--
8215,Sical Logistics,4.0,(132),Logistics | Bengaluru +22 other locations,628,--
8216,Metalman Microturners,3.8,(132),Metals & Mining | Rudrapur +9 other locations,547,--
8217,Hemani Industries,3.6,(132),Agro Chemicals | Bharuch +8 other locations,759,--
8218,Capline Services,3.0,(133),Healthcare | Noida +4 other locations,694,6
8219,Centurion University of Technology and Management,3.5,(132),Education & Training | Bhubaneswar +15 other locations,423,3
8220,Sakthi Finance,4.0,(132),Financial Services | Coimbatore +27 other locations,537,--
8221,Svarn Infratel,3.5,(132),Hardware & Networking | Faridabad +8 other locations,602,11
8222,Sigma,3.8,(132),Pharma | Pune +35 other locations,676,--
8223,Times Network,3.2,(132),Broadcasting | Mumbai +10 other locations,992,--
8224,Chalo,3.6,(132),Internet | Mumbai +24 other locations,553,8
8225,Protiviti Consulting,3.1,(132),Management Consulting | Gurugram +12 other locations,1.4k,--
8226,Choice Equity Broking,3.2,(132),Financial Services | Mumbai +35 other locations,560,41
8227,SURYA INTERNATIONAL ENTERPRISE,4.0,(132),Power | Bhubaneswar +9 other locations,289,65
8228,TetraSoft,3.7,(132),IT Services & Consulting | Hyderabad +4 other locations,1.1k,--
8229,Ace Creative Learning,3.8,(133),Design | Bengaluru +15 other locations,514,6
8230,Electrostar Electronics,4.1,(132),Noida +57 other locations,1k,--
8231,Heranba Industries,3.8,(139),Agro Chemicals | Vapi +21 other locations,634,3
8232,7SearchPPC,4.8,(132),Marketing & Advertising | Lucknow +6 other locations,5,--
8233,APC By Schneider Electric,4.4,(132),Electrical Equipment | Bangalore / Bengaluru +16 other locations,267,--
8234,Shri Ram Murti Smarak Institute of Medical Sciences,3.6,(132),Education & Training | Bareilly +4 other locations,334,115
8235,Viveks,4.0,(132),Retail | Chennai +14 other locations,463,7
8236,Glen Appliances,4.1,(132),Consumer Electronics & Appliances | Faridabad +28 other locations,460,1
8237,Metalman Microturners,3.8,(132),Metals & Mining | Rudrapur +9 other locations,547,--
8238,D Light Energy,3.7,(132),Waste Management | Gurugram +35 other locations,433,--
8239,Hemani Industries,3.6,(132),Agro Chemicals | Bharuch +8 other locations,759,--
8240,DELTA,4.2,(132),Events | Bengaluru +27 other locations,1.3k,--
8241,Dachser,3.9,(132),Logistics | Mumbai +17 other locations,473,--
8242,Heranba Industries,3.8,(139),Agro Chemicals | Vapi +21 other locations,634,3
8243,Distacart,4.7,(132),Internet | Hyderabad +4 other locations,85,22
8244,IJM (India) Infrastructure,4.0,(132),Engineering & Construction | Hyderabad +13 other locations,420,--
8245,Publicis Global Delivery,4.0,(132),Media & Entertainment | Gurugram +10 other locations,1k,--
8246,EKA Mobility,3.4,(145),Pune +7 other locations,643,--
8247,TetraSoft,3.7,(132),IT Services & Consulting | Hyderabad +4 other locations,1.1k,--
8248,Ace Creative Learning,3.8,(133),Design | Bengaluru +15 other locations,514,6
8249,Electrostar Electronics,4.1,(132),Noida +57 other locations,1k,--
8250,Dulux,4.2,(132),Building Material | Mumbai +65 other locations,332,--
8251,Accumax,3.9,(132),Biotechnology | Ahmedabad +7 other locations,833,7
8252,Arihant Capital Markets,3.3,(132),Financial Services | Indore +18 other locations,607,22
8253,Ramdev Food Products,4.5,(132),Food Processing | Ahmedabad +20 other locations,413,1
8254,Emrill Services LLC,4.1,(132),Facility Management Services | Dubai +9 other locations,169,--
8255,Allzone Management Solutions,4.3,(132),Analytics & KPO | Chennai +5 other locations,389,18
8256,Turner & Townsend,3.9,(132),Engineering & Construction | Mumbai +12 other locations,1k,22
8257,Chalo,3.6,(132),Internet | Mumbai +24 other locations,553,8
8258,Vikram Tea,4.3,(132),Financial Services | Mumbai +41 other locations,403,5
8259,V-ensure Pharma Technologies,3.2,(132),Pharma | Mumbai +6 other locations,517,6
8260,PCS-Global,3.6,(132),Education & Training | Kolkata +9 other locations,312,--
8261,Blue Jet Healthcare,3.8,(132),Chemicals | Mumbai +5 other locations,853,--
8262,ERA's Lucknow Medical College & Hospital,3.9,(132),Education & Training | Lucknow +3 other locations,496,5
8263,Sourcedesk,4.1,(132),IT Services & Consulting | Kolkata +2 other locations,182,8
8264,Krishna Penstone Automotive,3.9,(132),Gurugram +10 other locations,451,--
8265,Svarn Infratel,3.5,(132),Hardware & Networking | Faridabad +8 other locations,602,11
8266,Idea Infinity IT Solutions,3.1,(132),IT Services & Consulting | Bengaluru +13 other locations,658,4
8267,V.Ships,4.0,(132),Ports & Shipping | Mumbai +11 other locations,446,3
8268,Obeetee,3.9,(132),Fashion & Textile | Panipat +11 other locations,593,--
8269,ARDEE INDUSTRIES LIMITED,3.9,(132),Metals & Mining | New Delhi +12 other locations,279,16
8270,Juego Studios,4.2,(132),Gaming | Bengaluru +3 other locations,388,41
8271,Presidium School,3.5,(132),Education & Training | New Delhi +7 other locations,545,4
8272,Global Cloud Xchange,3.5,(131),Telecom | Mumbai +6 other locations,764,--
8273,Signity Software Solutions,4.1,(131),IT Services & Consulting | Chandigarh +3 other locations,316,13
8274,Camp K-12,3.3,(131),EdTech | Gurugram +5 other locations,622,--
8275,Perennial Systems,4.1,(131),IT Services & Consulting | Pune +1 other locations,610,6
8276,Spykar Lifestyles,4.0,(131),Fashion & Textile | Mumbai +35 other locations,432,--
8277,Unique Infra Engineering India Private Limited,2.9,(131),Engineering & Construction | Lucknow +25 other locations,559,--
8278,Unified Infotech,4.3,(131),IT Services & Consulting | Kolkata +2 other locations,464,10
8279,Winkies,3.9,(131),Hospitality | Kolkata +32 other locations,282,--
8280,Wipro Insurance Solutions,3.5,(131),Mumbai +9 other locations,405,--
8281,Tecnics Integration Technologies,3.3,(131),Software Product | Hyderabad +4 other locations,888,15
8282,Blackstone Center of Excellence,2.6,(131),Gurugram +8 other locations,789,--
8283,Tradologie.com,2.7,(131),Internet | Noida +3 other locations,258,18
8284,Antal International,3.6,(131),Recruitment | Mumbai +10 other locations,534,16
8285,West Bengal Power Development Corporation,3.7,(131),Power | Kolkata +13 other locations,369,--
8286,Envision Overseas Education Consultants,4.0,(131),Mumbai +7 other locations,179,1
8287,Al Fara'a Group,3.1,(131),Engineering & Construction | Mumbai +11 other locations,349,--
8288,Global Cloud Xchange,3.5,(131),Telecom | Mumbai +6 other locations,764,--
8289,Camp K-12,3.3,(131),EdTech | Gurugram +5 other locations,622,--
8290,Vedang Radio Technology,4.2,(131),Telecom | Mumbai +22 other locations,291,--
8291,Phoenix Marketcity,3.9,(131),Retail | Mumbai +10 other locations,623,--
8292,Data Template Infotech,3.0,(131),IT Services & Consulting | Bengaluru +4 other locations,566,--
8293,Perennial Systems,4.1,(131),IT Services & Consulting | Pune +1 other locations,610,6
8294,DSM,3.9,(131),Chemicals | Hyderabad +25 other locations,597,4
8295,Unified Infotech,4.3,(131),IT Services & Consulting | Kolkata +2 other locations,464,10
8296,Unique Infra Engineering India Private Limited,2.9,(131),Engineering & Construction | Lucknow +25 other locations,559,--
8297,Winkies,3.9,(131),Hospitality | Kolkata +32 other locations,282,--
8298,Spectra Technovision India,3.3,(131),Electronics Manufacturing | Ahmedabad +13 other locations,698,12
8299,Multi Mantech International,2.2,(131),Engineering & Construction | Ahmedabad +27 other locations,374,9
8300,Mitel,3.7,(131),Telecom | Bengaluru +8 other locations,1.1k,--
8301,Real Ispat & Power,3.7,(132),Power | Raipur +9 other locations,601,12
8302,Hansa Research Group,3.6,(131),Analytics & KPO | Mumbai +18 other locations,554,6
8303,Rieco Industries,3.0,(131),Industrial Machinery | Pune +6 other locations,773,--
8304,Cascade Revenue Management,3.3,(131),IT Services & Consulting | Kochi +7 other locations,495,--
8305,Mittsure Technologies,2.8,(131),Education & Training | Jaipur +29 other locations,452,5
8306,MoEngage,3.5,(131),Emerging Technologies | Bengaluru +7 other locations,1.2k,34
8307,Ocean Life Spaces,3.7,(131),Engineering & Construction | Chennai +6 other locations,648,1
8308,Total Shipping & Logistics,3.1,(131),Logistics | Mumbai +33 other locations,508,13
8309,ITL Industries,3.8,(131),Industrial Machinery | Indore +13 other locations,644,--
8310,Urbanpro,3.8,(131),EdTech | Bengaluru +22 other locations,477,--
8311,Sarita Handa Exports,3.6,(131),Architecture & Interior Design | Gurugram +9 other locations,617,--
8312,Yasho Industries Limited,3.8,(131),Chemicals | Vapi +7 other locations,587,3
8313,Walko Qsr Company,4.0,(131),FMCG | Pune +20 other locations,483,6
8314,Rinac India Limited,3.9,(131),Engineering & Construction | Bengaluru +18 other locations,530,--
8315,IndiGrid,4.2,(131),Real Estate | Mumbai +28 other locations,612,1
8316,Palo Alto Networks,3.7,(131),IT Services & Consulting | Bengaluru +11 other locations,1.5k,--
8317,Wittur Elevator Components,3.8,(131),Industrial Machinery | Chennai +5 other locations,707,--
8318,Continental Coffee,4.1,(131),Food Processing | Hyderabad +29 other locations,443,--
8319,Dream11,3.9,(132),Internet | Mumbai +7 other locations,1.3k,--
8320,V-Soft Consulting,3.0,(131),IT Services & Consulting | Hyderabad +6 other locations,634,--
8321,Just Dogs,3.6,(131),Internet | Ahmedabad +14 other locations,345,9
8322,Uttar Pradesh Jal Nigam,4.1,(130),Government | Lucknow +41 other locations,315,--
8323,TalentSprint,4.0,(130),Hyderabad +3 other locations,586,1
8324,Ardom Towergen,3.9,(128),Telecom | Gurugram +18 other locations,331,--
8325,SMARTe,3.7,(130),IT Services & Consulting | Mumbai +7 other locations,868,4
8326,Jupiter Wagons,3.6,(139),Railways | Kolkata +10 other locations,647,--
8327,Tirupati Life Sciences,4.3,(130),Pharma | Paonta Sahib +8 other locations,405,--
8328,Devgiri Forgings,3.6,(130),Industrial Machinery | Chhatrapati Sambhajinagar +8 other locations,366,--
8329,Gillette,4.2,(130),FMCG | Bhiwadi +18 other locations,241,--
8330,SANY Group,3.8,(130),Industrial Machinery | Pune +25 other locations,508,--
8331,Adani Road Transport,4.4,(130),Ahmedabad +24 other locations,361,--
8332,Aqua Group,4.1,(130),Industrial Machinery | Coimbatore +15 other locations,590,--
8333,Planet EDU,3.4,(130),EdTech | Gurugram +23 other locations,413,--
8334,Connect India E Commerce Services,2.9,(130),Logistics | Bengaluru +38 other locations,372,1
8335,BMA Wealth Creators,4.4,(130),Financial Services | Kolkata +30 other locations,344,--
8336,ECS | Enterprise Change Specialists,4.4,(130),IT Services & Consulting | Hyderabad +6 other locations,136,123
8337,IT Solutions,3.5,(130),IT Services & Consulting | New Delhi +27 other locations,1.4k,3
8338,Gamma Process Hub,3.7,(130),BPO | Chennai +6 other locations,376,--
8339,Reliable Business Solutions & Services,2.9,(130),BPO | Mumbai +8 other locations,506,--
8340,Gamma Process Hub,3.7,(130),BPO | Chennai +6 other locations,376,--
8341,IT Solutions,3.5,(130),IT Services & Consulting | New Delhi +27 other locations,1.4k,3
8342,Jupiter Wagons,3.6,(139),Railways | Kolkata +10 other locations,647,--
8343,Xihi Technology,3.5,(130),Electronics Manufacturing | Noida +5 other locations,489,--
8344,SANY Group,3.8,(130),Industrial Machinery | Pune +25 other locations,508,--
8345,Adani Road Transport,4.4,(130),Ahmedabad +24 other locations,361,--
8346,MTX Group,3.2,(136),Hyderabad +4 other locations,1.1k,3
8347,Aravind Eye Hospital,4.1,(130),Healthcare | Madurai +20 other locations,400,--
8348,CLIRNet,2.5,(130),Internet | Kolkata +1 other locations,494,20
8349,Inadev,3.3,(130),IT Services & Consulting | Kolkata +7 other locations,519,16
8350,Planet EDU,3.4,(130),EdTech | Gurugram +23 other locations,413,--
8351,Sterling Manufacturing Company,3.7,(130),Gurugram +31 other locations,76,--
8352,Monotech Systems,3.5,(130),Printing & Publishing | Chennai +20 other locations,618,4
8353,Enkei Wheels India,3.6,(130),Auto Components | Pune +4 other locations,545,2
8354,Foxlink India Electric,3.8,(130),Electronics Manufacturing | Tirupati +12 other locations,573,--
8355,Devgiri Forgings,3.6,(130),Industrial Machinery | Chhatrapati Sambhajinagar +8 other locations,366,--
8356,Gillette,4.2,(130),FMCG | Bhiwadi +18 other locations,241,--
8357,MindSquare Technologies,4.5,(130),IT Services & Consulting | Bengaluru +21 other locations,485,--
8358,Abs Fujitsu General,3.8,(130),Engineering & Construction | Hyderabad +14 other locations,650,13
8359,Vishakha Glass,4.0,(130),Mundra +10 other locations,444,--
8360,J. M. Mhatre Infra,4.0,(130),Engineering & Construction | Navi Mumbai +16 other locations,502,--
8361,Nucot,4.6,(130),Recruitment | Bengaluru +1 other locations,42,--
8362,MassMutual,3.8,(130),Financial Services | Hyderabad,1.1k,--
8363,Pride Purple Group,4.0,(130),Real Estate | Pune +3 other locations,670,13
8364,PSG Hospitals,4.1,(130),Healthcare | Coimbatore +5 other locations,465,1
8365,EasyRewardz Software Services,2.8,(131),IT Services & Consulting | Gurugram +6 other locations,869,12
8366,GlowTouch Technologies,3.0,(130),BPO | Mangaluru +6 other locations,685,8
8367,Aqua Group,4.1,(130),Industrial Machinery | Coimbatore +15 other locations,590,--
8368,Narayana Superspeciality Hospital,4.0,(130),Healthcare | Kolkata +12 other locations,422,--
8369,Ashok Iron Group,3.7,(130),Iron & Steel | Belagavi +6 other locations,656,--
8370,Perceptive,3.4,(130),Clinical Research | Hyderabad +5 other locations,830,7
8371,Bristol Healthcare Services,3.1,(130),BPO | Chennai +3 other locations,416,6
8372,R.K. Group,3.3,(130),Real Estate | Bengaluru +35 other locations,774,8
8373,Greytrix,3.3,(130),IT Services & Consulting | Mumbai +3 other locations,539,10
8374,GIC Housing Finance,3.6,(130),NBFC | Mumbai +31 other locations,636,4
8375,CloudThat Technologies Private Limited,4.0,(130),IT Services & Consulting | Bengaluru +5 other locations,670,62
8376,Aurore Life Sciences,3.1,(130),Pharma | Hyderabad +2 other locations,678,5
8377,Vertex Homes,3.0,(130),Real Estate | Hyderabad +2 other locations,565,--
8378,Fragma Data Systems,3.9,(130),IT Services & Consulting | Bengaluru +4 other locations,375,4
8379,Sanzyme,3.8,(130),Biotechnology | Hyderabad +15 other locations,503,--
8380,31 Parallel,1.9,(129),BPO | Shimla +3 other locations,278,2
8381,Ferromatik Milacron,3.5,(129),Industrial Machinery | Ahmedabad +8 other locations,623,--
8382,ImagicaaWorld Entertainment Limited,3.6,(129),Events | Mumbai +9 other locations,551,5
8383,Appy Pie,3.7,(129),IT Services & Consulting | Noida +5 other locations,681,--
8384,GlobeGround India,3.6,(129),Aviation | Bengaluru +10 other locations,404,1
8385,Duroply Industries,3.8,(129),Building Material | New Delhi +33 other locations,544,3
8386,HashCash Consultants,3.4,(129),Software Product | Kolkata +5 other locations,203,8
8387,Al Hassan Engineering Company SAOG,3.9,(129),Engineering & Construction | Muscat +14 other locations,206,--
8388,Curia,3.9,(139),Hyderabad +3 other locations,680,--
8389,Anik Milk Products,3.6,(129),Indore +26 other locations,367,22
8390,B. E. Billimoria,4.0,(129),Engineering & Construction | Mumbai +14 other locations,284,--
8391,Press Fit Pipe And Profile,4.1,(129),Building Material | Mumbai +19 other locations,370,6
8392,ESRI India Technologies,3.7,(129),IT Services & Consulting | Noida +12 other locations,644,3
8393,Seeds Fincap,3.5,(129),NBFC | Gurugram +41 other locations,399,6
8394,INVENTIVE SOFTWARE SOLUTIONS,3.8,(129),IT Services & Consulting | Noida +32 other locations,415,162
8395,Kusalava International,3.8,(129),Industrial Machinery | Vijayawada +9 other locations,373,1
8396,Fertilisers and Chemicals Travancore,4.2,(129),Agro Chemicals | Kochi +10 other locations,448,--
8397,GE Capital,4.4,(129),Financial Services | Gurugram +9 other locations,419,--
8398,Junomoneta Finsol,2.9,(129),Investment Banking / Venture Capital / Private Equity | Rajkot +9 other locations,496,--
8399,Superon Schweisstechnik India,3.8,(129),Electronics Manufacturing | Gurugram +12 other locations,425,2
8400,Packt Publishing,3.0,(129),Printing & Publishing | Mumbai +5 other locations,706,--
8401,Indo-Tibetan Border Police,4.6,(129),Government | New Delhi +34 other locations,267,--
8402,Riello Power India,3.7,(129),Electronics Manufacturing | Gurugram +13 other locations,428,2
8403,Repos Energy,3.6,(129),Internet | Pune +13 other locations,563,1
8404,Sterling Accuris Wellness,4.1,(129),Healthcare | Ahmedabad +15 other locations,493,7
8405,ATPI,3.9,(129),Travel & Tourism | Mumbai +6 other locations,840,4
8406,M3bi,4.1,(129),IT Services & Consulting | Hyderabad +7 other locations,742,--
8407,River Mobility,3.9,(129),Automobile | Bengaluru +10 other locations,494,8
8408,FIL Industries,3.4,(129),Chemicals | Srinagar +10 other locations,568,3
8409,Noble Hospital,3.8,(129),Healthcare | Pune +19 other locations,565,1
8410,ADM India,4.1,(129),Food Processing | Gurugram +21 other locations,706,--
8411,Axis Clinicals,4.0,(129),Clinical Research | Hyderabad +5 other locations,622,9
8412,Idom,4.1,(129),Engineering & Construction | New Delhi +4 other locations,508,2
8413,A.K.AUTOMATICS,3.8,(129),Auto Components | Rohtak +10 other locations,423,--
8414,Kruger Ventilation Industries,3.4,(129),Industrial Machinery | Mumbai +11 other locations,543,2
8415,Crimsoune Club,3.8,(128),Fashion & Textile | New Delhi +37 other locations,413,--
8416,Nxtgen Datacenter Cloud Technologies,3.4,(129),IT Services & Consulting | Bengaluru +6 other locations,763,3
8417,Kion India,3.5,(129),Industrial Machinery | Pune +13 other locations,833,3
8418,Desire Energy Solution,3.8,(137),Financial Services | Jaipur +14 other locations,563,--
8419,Ajnara India,3.5,(130),Real Estate | Noida +4 other locations,466,1
8420,Mantle Solutions,3.2,(129),Kochi +6 other locations,746,11
8421,HP ADHESIVES,4.0,(129),Chemicals | Mumbai +40 other locations,479,1
8422,eNTrust Software & Services,3.6,(129),Software Product | Chennai +3 other locations,1.1k,--
8423,AXA,3.8,(129),Insurance | Bengaluru +9 other locations,820,--
8424,Telegence Powercomm,3.4,(129),Engineering & Construction | Vadodara +39 other locations,355,--
8425,Anand Engineering Products,3.3,(129),Engineering & Construction | Tiruchirappalli +8 other locations,546,35
8426,Spocto X,3.5,(129),Software Product | Mumbai +13 other locations,582,5
8427,Fiverr Inc.,4.4,(129),Internet | New Delhi +28 other locations,847,--
8428,CriticaLog India Private Limited,4.2,(129),Logistics | Bengaluru +26 other locations,534,2
8429,Supreme Petrochem,3.8,(129),Chemicals | Mumbai +8 other locations,718,--
8430,Crif High Mark Credit Information Services,2.7,(136),Analytics & KPO | Pune +3 other locations,1.1k,--
8431,S K Samanta & Co,3.3,(129),Engineering & Construction | Kolkata +10 other locations,438,--
8432,Growisto,4.3,(129),Marketing & Advertising | Mumbai +2 other locations,308,4
8433,PATH India,4.2,(129),Industrial Automation | Indore +32 other locations,455,--
8434,Mangalam Drugs & Organics,3.5,(129),Pharma | Vapi +6 other locations,628,9
8435,Omega Hospitals,4.0,(129),Healthcare | Hyderabad +13 other locations,539,5
8436,The George Telegraph Training Institute,2.9,(129),Education & Training | Kolkata +14 other locations,367,--
8437,Siemens Industry Software (India),4.2,(129),Industrial Automation | Pune +7 other locations,1.2k,--
8438,Marquistech,3.8,(130),Noida +12 other locations,755,--
8439,Emtec,4.3,(129),IT Services & Consulting | Pune +4 other locations,984,--
8440,Wings Pharmaceuticals,3.1,(129),Pharma | New Delhi +27 other locations,455,8
8441,Dietech India,4.1,(129),Industrial Machinery | Chennai +7 other locations,728,5
8442,Mizuho Bank,3.3,(129),Banking | Mumbai +9 other locations,805,--
8443,Elite Powertech,4.0,(128),Power | New Delhi +28 other locations,350,--
8444,Ageis,3.5,(128),Emerging Technologies | Bengaluru +17 other locations,550,--
8445,CNS Comnet,4.1,(128),BPO | Gurgaon / Gurugram +4 other locations,308,--
8446,DelEx Cargo,4.5,(128),Logistics | Mumbai +31 other locations,336,--
8447,A2z Infra Engineering,3.8,(128),Engineering & Construction | Gurugram +23 other locations,87,--
8448,Maharashtra Natural GAS,3.2,(128),Oil & Gas | Pune +9 other locations,824,--
8449,MK TRON Autoparts,3.4,(128),Auto Components | Chennai +5 other locations,655,--
8450,Gulshan Homz,4.1,(128),Real Estate | Noida +8 other locations,563,4
8451,INVESMATE,3.9,(128),Education & Training | Kolkata +3 other locations,127,1
8452,Eye7 Chaudhary Eye Centre,3.1,(128),Healthcare | New Delhi +7 other locations,430,8
8453,Swarovski India,3.9,(128),Jewellery | Pune +21 other locations,464,16
8454,Neo Metaliks,3.5,(128),Metals & Mining | Durgapur +4 other locations,524,5
8455,C-Square Info Solutions,3.5,(128),IT Services & Consulting | Bengaluru +13 other locations,638,--
8456,Competent Automobiles,4.0,(128),Retail | New Delhi +12 other locations,484,--
8457,ZestMoney,4.0,(128),FinTech | Bangalore / Bengaluru +16 other locations,748,--
8458,Weizmann Forex,4.3,(128),Financial Services | Mumbai +34 other locations,371,--
8459,Galore Networks,3.0,(128),IT Services & Consulting | Chennai +32 other locations,270,--
8460,Inorbvict Healthcare,4.0,(128),Medical Equipment | Pune,60,4
8461,Hitachi MGRM Net,3.3,(128),IT Services & Consulting | Gurugram +14 other locations,318,--
8462,Bar Code India,3.5,(128),Industrial Automation | Gurugram +12 other locations,788,15
8463,Choice Solutions (India),3.4,(128),IT Services & Consulting | Hyderabad +14 other locations,651,--
8464,Facile Services,2.9,(128),IT Services & Consulting | Pune +1 other locations,607,6
8465,Visit Health,3.0,(128),Bengaluru +6 other locations,678,37
8466,Mochiko Shoes,3.6,(128),Fashion & Textile | Dehradun +8 other locations,420,--
8467,KSK Mahanadi Power Company,3.8,(128),Power | Bilaspur +7 other locations,535,--
8468,Boyen Haddin,3.4,(128),Recruitment | Mumbai +5 other locations,275,--
8469,Doshion,3.7,(128),Waste Management | Ahmedabad +6 other locations,296,32
8470,Kalyaniwalla & Mistry,3.3,(128),Accounting & Auditing | Mumbai +9 other locations,652,6
8471,Leonia Holistic Destination,3.7,(128),Hospitality | Hyderabad +7 other locations,348,--
8472,Aries Agro,4.1,(128),Agro Chemicals | Mumbai +35 other locations,364,--
8473,HireRight,3.6,(128),Analytics & KPO | Bengaluru +9 other locations,674,--
8474,Signals & Systems (India) Private Limited,3.8,(128),Electronics Manufacturing | Chennai +23 other locations,668,36
8475,Valmont Structures,2.9,(128),Engineering & Construction | Pune +7 other locations,700,1
8476,Nectar Infotel Solutions,2.8,(128),IT Services & Consulting | Pune +25 other locations,392,--
8477,Kiran Motors,3.6,(128),Auto Components | Ahmedabad +14 other locations,477,3
8478,Gainsight,4.0,(128),IT Services & Consulting | Hyderabad +3 other locations,1.1k,--
8479,Arrivae,3.3,(128),Mumbai +13 other locations,620,--
8480,Swarovski India,3.9,(128),Jewellery | Pune +21 other locations,464,16
8481,HireRight,3.6,(128),Analytics & KPO | Bengaluru +9 other locations,674,--
8482,Ebix Smartclass Educational Services,4.1,(128),EdTech | New Delhi +35 other locations,519,--
8483,Mochiko Shoes,3.6,(128),Fashion & Textile | Dehradun +8 other locations,420,--
8484,KSK Mahanadi Power Company,3.8,(128),Power | Bilaspur +7 other locations,535,--
8485,Visit Health,3.0,(128),Bengaluru +6 other locations,678,37
8486,Daelim Industrial Co.,4.8,(128),Petrochemicals | Chennai +13 other locations,95,--
8487,Signals & Systems (India) Private Limited,3.8,(128),Electronics Manufacturing | Chennai +23 other locations,668,36
8488,Nectar Infotel Solutions,2.8,(128),IT Services & Consulting | Pune +25 other locations,392,--
8489,Aries Agro,4.1,(128),Agro Chemicals | Mumbai +35 other locations,364,--
8490,Pratiti Technologies,3.5,(128),Software Product | Pune,630,10
8491,Alpha Net Consulting,4.5,(129),IT Services & Consulting | Sahibzada Ajit Singh Nagar +5 other locations,238,--
8492,Rare Rabbit,3.5,(128),Fashion & Textile | Bengaluru +32 other locations,430,--
8493,Sinclus Engineering Consulting,4.2,(128),IT Services & Consulting | Mumbai +44 other locations,521,--
8494,Nala Robotics,1.8,(127),Hyderabad / Secunderabad +2 other locations,310,--
8495,Valu Connex Telecom Services Private,4.3,(127),Telecom | New Delhi +38 other locations,321,--
8496,Karma Ayurveda,3.8,(127),Healthcare | New Delhi +9 other locations,391,--
8497,Oxalis Pharmaceuticals,3.9,(127),Pharma | Baddi +7 other locations,519,--
8498,Rahman Industries,3.5,(127),Fashion & Textile | Kanpur +10 other locations,481,--
8499,Alexis Global,3.8,(127),Logistics | New Delhi +26 other locations,451,--
8500,Valu Connex Telecom Services Private,4.3,(127),Telecom | New Delhi +38 other locations,321,--
8501,Vertex Global Services,4.5,(127),IT Services & Consulting | Gurugram +4 other locations,184,--
8502,Flyweis Technology,4.3,(127),IT Services & Consulting | Noida +3 other locations,70,--
8503,Hindustan Shipyard,4.1,(127),Ports & Shipping | Visakhapatnam +7 other locations,397,--
8504,MAJID AL FUTTAIM RETAIL,3.4,(127),Retail | Gurugram +14 other locations,540,5
8505,Ice Mortgage Technology,3.3,(127),Software Product | Pune +1 other locations,986,--
8506,Lot Mobiles,3.5,(127),Retail | Hyderabad +22 other locations,410,--
8507,Oxalis Pharmaceuticals,3.9,(127),Pharma | Baddi +7 other locations,519,--
8508,Alexis Global,3.8,(127),Logistics | New Delhi +26 other locations,451,--
8509,IDA Automation,3.8,(131),Bengaluru +5 other locations,543,--
8510,Rashi Peripherals,3.7,(127),IT Services & Consulting | Mumbai +31 other locations,490,--
8511,Golden Tulip Hotels,3.4,(127),Hospitality | New Delhi +29 other locations,426,--
8512,AstraGen,3.7,(127),EdTech | Vijayawada +21 other locations,343,1
8513,Sadara Chemical Company,3.9,(127),Chemicals | Al Jubail +5 other locations,271,--
8514,Rahman Industries,3.5,(127),Fashion & Textile | Kanpur +10 other locations,481,--
8515,IndiaCan,4.6,(127),EdTech | New Delhi +39 other locations,130,--
8516,Orris Infrastructure,4.0,(127),Real Estate | Gurugram +5 other locations,340,2
8517,Gracenote,3.4,(127),Media & Entertainment | Mumbai +4 other locations,540,--
8518,FBSPL- Fusion Business Solution P Limited,3.5,(127),BPO | Udaipur +6 other locations,609,4
8519,Linamar,3.7,(127),Pune +4 other locations,646,--
8520,Tilaknagar Industries Ltd.,4.2,(127),Beverage | Mumbai +24 other locations,395,1
8521,Indian Acrylics,3.8,(127),Chemicals | Sangrur +7 other locations,556,--
8522,Flexsin Technologies,3.4,(127),IT Services & Consulting | Noida +4 other locations,840,79
8523,Advatix,2.9,(128),Gurugram +7 other locations,880,2
8524,Gigmo Solutions,3.9,(127),IT Services & Consulting | Gurugram +8 other locations,252,4
8525,MGM Healthcare,3.9,(128),Healthcare | Chennai +5 other locations,733,--
8526,Siec Education,2.8,(127),Recruitment | New Delhi +11 other locations,390,--
8527,Bigshare Services,3.0,(127),Legal | Mumbai +12 other locations,247,2
8528,Marvell,3.7,(127),Semiconductors | Bengaluru +7 other locations,1.1k,52
8529,Saasguru,2.0,(127),Pune +3 other locations,46,4
8530,DavaIndia,3.7,(147),Kolkata +38 other locations,442,--
8531,Spardha School of Music,4.4,(127),Pune +2 other locations,79,--
8532,Hubert Enviro Care Systems,2.8,(127),Waste Management | Chennai +19 other locations,710,24
8533,Fia Technology Services,3.4,(127),FinTech | Gurugram +29 other locations,443,5
8534,Geeklurn,3.6,(127),EdTech | Bengaluru +4 other locations,131,--
8535,Manorama Industries,4.5,(127),Beauty & Personal Care | Raipur +5 other locations,476,14
8536,CORNITOS,4.1,(127),FMCG | Roorkee +24 other locations,433,6
8537,Naresh Kumar & Co.,4.3,(127),Urban Transport | Jamshedpur +22 other locations,450,--
8538,Lion Services,3.7,(127),Facility Management Services | New Delhi +22 other locations,519,10
8539,Reynold India,4.6,(127),Industrial Machinery | Noida +11 other locations,248,14
8540,IVY SOFTWARE DEVELOPMENT SERVICES,3.8,(127),IT Services & Consulting | Hyderabad +2 other locations,622,1
8541,Rockwell Industries,3.7,(127),Electronics Manufacturing | Hyderabad +17 other locations,526,1
8542,Chargebee,3.8,(127),Software Product | Chennai +4 other locations,1.3k,5
8543,Bizmatics India,3.2,(127),Software Product | Mumbai +7 other locations,690,2
8544,C2L BIZ,3.1,(127),Internet | Mumbai +4 other locations,734,7
8545,Ameriprise India,3.4,(127),Financial Services | Gurugram +2 other locations,881,5
8546,Rajagiri Hospital,4.1,(127),Healthcare | Kochi +11 other locations,477,30
8547,RPG Group,3.6,(127),Engineering & Construction | Mumbai +31 other locations,855,--
8548,D2K Technologies India,2.5,(127),IT Services & Consulting | Mumbai +7 other locations,602,11
8549,MGM Healthcare,3.9,(128),Healthcare | Chennai +5 other locations,733,--
8550,Indian Acrylics,3.8,(127),Chemicals | Sangrur +7 other locations,556,--
8551,Same Deutz-fahr,3.8,(127),Industrial Machinery | Vellore +12 other locations,750,--
8552,Equinix,3.1,(127),IT Services & Consulting | Bengaluru +6 other locations,779,42
8553,Siec Education,2.8,(127),Recruitment | New Delhi +11 other locations,390,--
8554,Marvell,3.7,(127),Semiconductors | Bengaluru +7 other locations,1.1k,52
8555,Saasguru,2.0,(127),Pune +3 other locations,46,4
8556,Bigshare Services,3.0,(127),Legal | Mumbai +12 other locations,247,2
8557,Coupa Software Inc,3.2,(128),IT Services & Consulting | Pune +3 other locations,1.2k,2
8558,Shantha Biotechnics,4.8,(127),Biotechnology | Hyderabad +3 other locations,274,--
8559,Advatix,2.9,(128),Gurugram +7 other locations,880,2
8560,Same Deutz-fahr,3.8,(127),Industrial Machinery | Vellore +12 other locations,750,--
8561,Equinix,3.1,(127),IT Services & Consulting | Bengaluru +6 other locations,779,42
8562,Hitachi Solutions,3.7,(127),IT Services & Consulting | Pune +11 other locations,1.1k,118
8563,Indian Potash,3.7,(127),Agro Chemicals | Muzaffarnagar +35 other locations,437,--
8564,Baker Gauges,3.6,(127),Semiconductors | Pune +7 other locations,654,--
8565,Shantha Biotechnics,4.8,(127),Biotechnology | Hyderabad +3 other locations,274,--
8566,Coupa Software Inc,3.2,(128),IT Services & Consulting | Pune +3 other locations,1.2k,2
8567,Dsm Shared Services India,4.0,(127),Chemicals | Hyderabad +1 other locations,490,30
8568,Aditya Vision,3.9,(127),Retail | Patna +36 other locations,308,7
8569,DUKES,3.7,(127),Food Processing | Hyderabad +32 other locations,601,1
8570,Avvashya Cci Logistics,3.6,(126),Logistics | Mumbai +20 other locations,505,--
8571,Bikayi,2.8,(126),Marketing & Advertising | Bengaluru +4 other locations,348,--
8572,P&R Infraprojects,3.7,(126),Engineering & Construction | Chandigarh +19 other locations,344,--
8573,Retailio,3.8,(126),Internet | Mumbai +37 other locations,311,2
8574,QO BOX,4.6,(126),IT Services & Consulting | Chennai +3 other locations,67,--
8575,Vogo Automotive,4.0,(126),Internet | Bengaluru +13 other locations,619,--
8576,OCS Services,4.5,(126),Oil & Gas | Mumbai +26 other locations,552,5
8577,Tide Water Oil,3.8,(126),Oil & Gas | Kolkata +33 other locations,455,--
8578,Shalimar Group,4.0,(127),Building Material | Lucknow +32 other locations,673,5
8579,ICSIL,3.0,(126),Telecom | New Delhi +3 other locations,349,--
8580,Central ParK,4.1,(126),Real Estate | Gurugram +7 other locations,562,1
8581,20 Microns,4.1,(126),Chemicals | Vadodara +13 other locations,517,25
8582,Jai Raj Ispat,3.5,(126),Iron & Steel | Kurnool +6 other locations,444,1
8583,Dasnac,4.7,(126),Real Estate | New Delhi +2 other locations,247,--
8584,Avvashya Cci Logistics,3.6,(126),Logistics | Mumbai +20 other locations,505,--
8585,Bikayi,2.8,(126),Marketing & Advertising | Bengaluru +4 other locations,348,--
8586,P&R Infraprojects,3.7,(126),Engineering & Construction | Chandigarh +19 other locations,344,--
8587,Vogo Automotive,4.0,(126),Internet | Bengaluru +13 other locations,619,--
8588,OCS Services,4.5,(126),Oil & Gas | Mumbai +26 other locations,552,5
8589,Minosha,4.0,(126),Hardware & Networking | New Delhi +22 other locations,522,--
8590,Stellapps Technologies,3.9,(126),Software Product | Bengaluru +29 other locations,904,3
8591,Tide Water Oil,3.8,(126),Oil & Gas | Kolkata +33 other locations,455,--
8592,Vkl Seasoning,3.8,(126),FMCG | Kochi +14 other locations,672,--
8593,Inspace Technologies,3.8,(126),Software Product | Chennai +15 other locations,682,1
8594,Oriental Consultants India Pvt Ltd,4.0,(127),Engineering & Construction | New Delhi +18 other locations,187,55
8595,Vandhana International,3.7,(126),Railways | New Delhi +14 other locations,497,4
8596,Shalimar Group,4.0,(127),Building Material | Lucknow +32 other locations,673,5
8597,Cococart Ventures,3.5,(126),Mumbai +18 other locations,300,--
8598,Sarda Metals & Alloys,4.1,(126),Metals & Mining | Visakhapatnam +6 other locations,479,--
8599,Global Market Insights,3.0,(126),Analytics & KPO | Pune +4 other locations,528,62
8600,PPS International,3.7,(126),Industrial Machinery | Greater Noida +10 other locations,735,2
8601,Aapna Infotech,4.3,(126),IT Services & Consulting | New Delhi +3 other locations,355,12
8602,Ruban Memorial Hospital,3.9,(126),Healthcare | Patna +2 other locations,352,2
8603,Thyssenkrupp Industries and Services,4.1,(126),Pune +26 other locations,538,16
8604,Jai Raj Ispat,3.5,(126),Iron & Steel | Kurnool +6 other locations,444,1
8605,TerraPay,3.4,(126),FinTech | Bengaluru +2 other locations,757,5
8606,PlasmaGen Biosciences,3.7,(126),Pharma | Bengaluru +10 other locations,652,1
8607,Growel Softech,2.6,(126),Recruitment | Pune +6 other locations,679,--
8608,Phreesia,2.5,(126),Healthcare | Pune +3 other locations,542,1
8609,Paramount Products,4.2,(126),Import & Export | New Delhi +5 other locations,575,1
8610,Nahar Spinning Mills,4.1,(126),Fashion & Textile | Ludhiana +7 other locations,470,--
8611,Tumbledry Solutions,3.8,(126),Other | Noida +24 other locations,342,2
8612,Lloyds Engineering Works Limited,4.2,(126),Industrial Machinery | Mumbai +13 other locations,510,14
8613,Xerago,3.1,(126),Marketing & Advertising | Chennai +3 other locations,798,26
8614,Bansal Group,3.5,(126),Education & Training | Bhopal +24 other locations,736,2
8615,Global Market Insights,3.0,(126),Analytics & KPO | Pune +4 other locations,528,62
8616,Sarda Metals & Alloys,4.1,(126),Metals & Mining | Visakhapatnam +6 other locations,479,--
8617,Abacus Staffing & Services,3.1,(126),Recruitment | Hyderabad +12 other locations,525,1
8618,Dr. Rela Institute & Medical Centre,4.2,(126),Healthcare | Chennai +4 other locations,631,6
8619,Anmol Biscuits,4.3,(126),FMCG | Kolkata +36 other locations,327,--
8620,Acme Solar Energy,4.4,(126),Power | Gurugram +25 other locations,267,--
8621,Doosan Bobcat India,3.9,(126),Industrial Machinery | Chennai +16 other locations,785,5
8622,Jupiter Money,2.5,(126),FinTech | Bengaluru +6 other locations,964,--
8623,Central ParK,4.1,(126),Real Estate | Gurugram +7 other locations,562,1
8624,Nethues Technologies,3.3,(126),IT Services & Consulting | New Delhi +4 other locations,740,7
8625,20 Microns,4.1,(126),Chemicals | Vadodara +13 other locations,517,25
8626,Saurer,3.7,(126),Financial Services | Vadodara +10 other locations,660,--
8627,Ghaziabad Precision Products,3.6,(126),Automobile | Ghaziabad +12 other locations,533,--
8628,Vhb Medi Sciences,3.3,(126),Pharma | Rudrapur +10 other locations,545,--
8629,Wishup,4.1,(126),Financial Services | Bengaluru +4 other locations,473,39
8630,Njs Engineers India,4.2,(126),Waste Management | New Delhi +19 other locations,530,--
8631,Mangalam Information Technolgies,3.3,(126),IT Services & Consulting | Ahmedabad +6 other locations,469,7
8632,NETPLUS Broadband Services,3.7,(125),Telecom | Ludhiana +15 other locations,490,1
8633,Desnor Destination,3.8,(125),Travel & Tourism | Noida +2 other locations,47,--
8634,House of Beauty,3.7,(125),Internet | Gurugram +16 other locations,184,1
8635,Redington Gulf,3.8,(125),IT Services & Consulting | Chennai +2 other locations,717,--
8636,Tata Motors Insurance Broking And Advisory Services,4.0,(125),Insurance | Mumbai +39 other locations,378,--
8637,Supriya Lifescience,3.6,(125),Pharma | Chiplun +10 other locations,649,16
8638,Jain Amar,3.0,(125),Retail | Ludhiana +16 other locations,402,1
8639,Ganga Medical Centre & Hospitals,4.2,(125),Healthcare | Coimbatore +19 other locations,433,--
8640,IIDE - The Digital School,3.9,(125),EdTech | Mumbai +5 other locations,267,32
8641,Cheers Interactive,3.1,(125),Management Consulting | Mumbai +5 other locations,497,--
8642,SATTRIX Information Security,2.9,(125),IT Services & Consulting | Ahmedabad +11 other locations,501,--
8643,Abhijeet Group,3.9,(125),Power | Visakhapatnam +24 other locations,533,--
8644,Holcim Global Hub Business Services,4.2,(125),IT Services & Consulting | Mumbai +4 other locations,289,16
8645,Intelegencia,3.3,(125),IT Services & Consulting | Noida +7 other locations,725,5
8646,Korn Ferry,3.1,(125),Management Consulting | Bengaluru +7 other locations,901,--
8647,RFCL,3.6,(125),Agro Chemicals | Ramagundam +7 other locations,602,--
8648,WebFurther,3.3,(125),IT Services & Consulting | Hyderabad +5 other locations,844,2
8649,FirstMeridian Business Services,3.7,(125),Recruitment | Bengaluru +19 other locations,785,1
8650,G.S.E.C,3.1,(125),Logistics | Ahmedabad +15 other locations,390,--
8651,Government Polytechnic Nagpur,3.9,(125),Education & Training | Pune +58 other locations,320,5
8652,Cambridge Technology Enterprises,3.1,(125),IT Services & Consulting | Hyderabad +4 other locations,893,13
8653,PAVIT CERAMICS ( P),3.5,(125),Building Material | Ahmedabad +24 other locations,357,--
8654,Dayanand Medical College & Hospital,3.5,(125),Healthcare | Ludhiana +6 other locations,422,--
8655,Sahara India Financial Corporation,3.9,(125),Financial Services | Lucknow +54 other locations,355,--
8656,T & T Infra,3.9,(125),Engineering & Construction | Pune +11 other locations,412,--
8657,Pune Institute of Business Management,2.9,(125),Education & Training | Pune +10 other locations,485,--
8658,Continuum Global Solutions,3.6,(125),BPO | Indore +9 other locations,570,4
8659,Comau,3.5,(125),Industrial Automation | Pune +4 other locations,530,3
8660,Axtel Industries,3.9,(125),Industrial Machinery | Vadodara +2 other locations,614,--
8661,Infosys Springboard,4.6,(125),Bengaluru +31 other locations,46,--
8662,ISKCON,3.8,(131),Non-Profit | Bengaluru +26 other locations,534,1
8663,Koso India,4.1,(125),Industrial Automation | Nashik +4 other locations,787,--
8664,Schiller Healthcare India,3.8,(125),Medical Equipment | Mumbai +21 other locations,466,8
8665,Kalpataru International,3.9,(125),Engineering & Construction | Mumbai +41 other locations,312,11
8666,Medanta S.N. Superspecialty Hospital,4.1,(125),Healthcare | Gurugram +14 other locations,476,3
8667,Amplifon,4.0,(125),Medical Equipment | Gurugram +31 other locations,411,--
8668,THDC,4.1,(125),Government | Rishikesh +18 other locations,354,--
8669,TalentOla,3.6,(125),Recruitment | Indore +7 other locations,230,--
8670,AlgoLeap Technologies,4.4,(125),Emerging Technologies | Hyderabad +6 other locations,403,109
8671,Accubits Technologies,3.1,(125),IT Services & Consulting | Thiruvananthapuram +1 other locations,561,--
8672,Robinhood Insurance Broker Limited,3.7,(125),Insurance | Mumbai +22 other locations,504,18
8673,Keya Foods International Private Limited,4.0,(125),FMCG | Mumbai +25 other locations,390,6
8674,Conceptia Software Technologies,4.2,(125),Defence & Aerospace | Bengaluru +9 other locations,528,21
8675,Cerence,3.1,(125),Software Product | Pune,882,6
8676,SBM Offshore,4.3,(125),Oil & Gas | Bengaluru +8 other locations,634,96
8677,Dar Group,3.3,(125),Architecture & Interior Design | Pune +11 other locations,646,16
8678,MAP Systems,2.9,(125),IT Services & Consulting | Bengaluru +5 other locations,390,4
8679,Paras Buildtech,3.4,(125),Real Estate | Gurugram +5 other locations,519,--
8680,ANY Graphics,3.7,(125),Printing & Publishing | Noida +17 other locations,1.1k,--
8681,Sai Construction,3.4,(125),Engineering & Construction | Bengaluru +30 other locations,632,16
8682,Zopsmart Technology,3.2,(125),Software Product | Bengaluru +8 other locations,1.1k,1
8683,Elancer It Solutions,3.4,(125),IT Services & Consulting | Hyderabad,705,--
8684,Life Care Logistic,3.6,(125),Pune +22 other locations,542,--
8685,AKGVG & Associates,3.2,(125),Accounting & Auditing | New Delhi +3 other locations,484,8
8686,Valtech India Systems,3.9,(125),IT Services & Consulting | Bengaluru +5 other locations,1.2k,5
8687,INFAC,3.8,(125),Auto Components | Chennai +7 other locations,530,--
8688,Dentcare Dental Lab,3.8,(125),Medical Equipment | Kochi +26 other locations,466,7
8689,Hager Electro,3.1,(125),Electrical Equipment | Pune +13 other locations,427,7
8690,Marino Food Products,4.0,(131),Food Processing | Hyderabad +38 other locations,424,--
8691,Zieta Technologies,3.4,(125),IT Services & Consulting | Bengaluru +8 other locations,659,--
8692,Emonics,3.5,(124),IT Services & Consulting | Noida +8 other locations,637,--
8693,Indian Institute of Science Education and Research,3.7,(125),Analytics & KPO | Pune +15 other locations,528,--
8694,Smart IMS,3.9,(125),IT Services & Consulting | Hyderabad +3 other locations,777,11
8695,Footprints Play School,3.2,(125),Education & Training | New Delhi +17 other locations,451,22
8696,GLOBALFOUNDRIES,3.4,(125),Semiconductors | Bengaluru +6 other locations,927,156
8697,Bizbox Publishing,2.9,(125),IT Services & Consulting | New Delhi +7 other locations,365,3
8698,Amol Pharmaceuticals,4.0,(125),Pharma | Jaipur +4 other locations,459,--
8699,CamelQ Software Solutions,4.2,(125),Software Product | Hyderabad +1 other locations,98,--
8700,Keya Foods International Private Limited,4.0,(125),FMCG | Mumbai +25 other locations,390,6
8701,MAP Systems,2.9,(125),IT Services & Consulting | Bengaluru +5 other locations,390,4
8702,Openview Technologies,3.3,(125),IT Services & Consulting | Pune +11 other locations,598,--
8703,Cerence,3.1,(125),Software Product | Pune,882,6
8704,SBM Offshore,4.3,(125),Oil & Gas | Bengaluru +8 other locations,634,96
8705,Pan Seeds,3.7,(125),Agriculture | Kolkata +32 other locations,364,5
8706,Indian Synthetic Rubber,4.0,(125),Petrochemicals | Panipat +5 other locations,552,2
8707,ARKA Fincap,3.8,(125),NBFC | Mumbai +27 other locations,580,2
8708,Oaknet Healthcare,3.7,(124),Pharma | Mumbai +31 other locations,364,--
8709,Shri Ram ComSoft Pvt Ltd - SRCOMSOFT,3.1,(124),IT Services & Consulting | Jabalpur +4 other locations,355,--
8710,InnoEye Technologies,3.1,(124),IT Services & Consulting | Indore,515,--
8711,Wicked Ride Adventures,4.1,(124),Internet | Bangalore / Bengaluru +8 other locations,643,--
8712,Bubugao Communication,4.2,(124),Jaipur +28 other locations,314,1
8713,Eaton Industrial Systems,4.5,(124),Industrial Machinery | Pune +11 other locations,421,--
8714,Jindal Water Infrastructure,3.9,(124),Waste Management | New Delhi +23 other locations,431,--
8715,Rama group,3.7,(124),Real Estate | Pune +19 other locations,694,6
8716,SDNA Global,4.0,(124),Recruitment | Bengaluru +10 other locations,253,8
8717,TechNova Imaging Systems,4.0,(124),Printing & Publishing | Mumbai +17 other locations,728,--
8718,Radiant Guard Services Pvt. Ltd. - India,4.9,(124),Law Enforcement & Security | Pune +14 other locations,84,1
8719,Performics,3.7,(124),Marketing & Advertising | Mumbai +5 other locations,850,--
8720,R.k.industries,3.7,(124),Industrial Machinery | Chennai +35 other locations,646,--
8721,Medgulf Construction Company,3.5,(124),Engineering & Construction | Doha +8 other locations,278,--
8722,Xome,4.3,(124),Internet | Chennai +4 other locations,712,--
8723,Paharpur 3P,4.1,(124),Packaging | Ghaziabad +12 other locations,509,2
8724,Great Champ Technology Limited,3.0,(124),EdTech | Noida +3 other locations,565,1
8725,Floating Numbers Digital Solutions,3.2,(124),IT Services & Consulting | Kolkata +3 other locations,290,--
8726,The India Thermit Corporation,3.5,(124),Industrial Machinery | Kanpur +9 other locations,506,--
8727,Amwaj Catering Services,3.8,(124),Hospitality | Doha +12 other locations,206,--
8728,SDNA Global,4.0,(124),Recruitment | Bengaluru +10 other locations,253,8
8729,TechNova Imaging Systems,4.0,(124),Printing & Publishing | Mumbai +17 other locations,728,--
8730,BL Lifesciences,3.1,(124),Medical Equipment | New Delhi +14 other locations,456,2
8731,Radiant Guard Services Pvt. Ltd. - India,4.9,(124),Law Enforcement & Security | Pune +14 other locations,84,1
8732,Esyasoft,4.3,(124),Software Product | Bengaluru +20 other locations,251,--
8733,Integrated Cleanroom Technologies,4.0,(124),Facility Management Services | Hyderabad +8 other locations,503,--
8734,Radiant Enterprise,3.7,(124),Furniture & Furnishing | Kolkata +40 other locations,392,4
8735,Apex Kidney Care,3.8,(130),Healthcare | Mumbai +18 other locations,403,8
8736,Believe Cosmetics,3.2,(124),Bengaluru +21 other locations,431,--
8737,NJ Group,3.4,(124),Surat +37 other locations,466,--
8738,Coloplast,3.3,(124),Healthcare | New Delhi +25 other locations,368,1
8739,Jaypee Infratech,4.0,(124),Engineering & Construction | Noida +9 other locations,502,--
8740,Fourth Dimension Technologies,3.5,(124),IT Services & Consulting | Chennai +11 other locations,864,10
8741,Food Service India,4.1,(124),Food Processing | Mumbai +25 other locations,703,--
8742,Perpetuuiti Technosoft Services,3.7,(124),IT Services & Consulting | Pune +8 other locations,797,--
8743,BL Lifesciences,3.1,(124),Medical Equipment | New Delhi +14 other locations,456,2
8744,ABS India,3.8,(124),IT Services & Consulting | Bengaluru +21 other locations,1.3k,1
8745,Octillion Power Systems,4.0,(124),Electronics Manufacturing | Pune +9 other locations,564,10
8746,Bioworld Merchandising,3.4,(124),Retail | Gurugram +7 other locations,636,3
8747,Beroe Inc,4.2,(125),Management Consulting | Chennai +7 other locations,616,6
8748,Local Company,3.9,(124),Real Estate | New Delhi +50 other locations,2.2k,--
8749,Radiant Enterprise,3.7,(124),Furniture & Furnishing | Kolkata +40 other locations,392,4
8750,Keywords Studios,2.9,(124),Gaming | Gurugram +5 other locations,661,42
8751,Welcomhotel By ITC Hotels,4.2,(124),New Delhi +26 other locations,232,--
8752,R-pac,3.3,(124),Packaging | Mumbai +8 other locations,599,1
8753,Apex Kidney Care,3.8,(130),Healthcare | Mumbai +18 other locations,403,8
8754,Believe Cosmetics,3.2,(124),Bengaluru +21 other locations,431,--
8755,NJ Group,3.4,(124),Surat +37 other locations,466,--
8756,SVP Hospital,4.0,(124),Government | Ahmedabad +13 other locations,442,--
8757,Delhi Public School Ghaziabad Society,3.3,(124),Education & Training | New Delhi +13 other locations,545,20
8758,Skillventory,3.9,(124),Indore +12 other locations,399,10
8759,Computer Junction,3.8,(124),IT Services & Consulting | New Delhi +10 other locations,455,3
8760,Sathya Agencies,4.0,(124),Consumer Electronics & Appliances | Chennai +53 other locations,362,--
8761,Cartrade.com,3.8,(124),Internet | Mumbai +20 other locations,471,5
8762,Krishna Enterprises,4.0,(124),Industrial Machinery | Faridabad +43 other locations,838,--
8763,Xtranet Technologies,3.1,(124),IT Services & Consulting | Bhopal +11 other locations,808,1
8764,KW Group,4.0,(124),Non-Profit | Ghaziabad +6 other locations,530,--
8765,Intact Green Services,3.1,(124),Urban Transport | Bengaluru +13 other locations,994,5
8766,Mahansaria Group,3.4,(124),Auto Components | Bharuch +9 other locations,706,6
8767,Sangam Dairy,4.1,(124),Agriculture | Guntur +13 other locations,423,1
8768,Ftcash,4.0,(123),FinTech | Mumbai +9 other locations,540,--
8769,Prayagh Nutri Products,4.1,(123),Food Processing | Hyderabad +29 other locations,402,--
8770,Prabha Industries,4.0,(123),Chemicals | Bengaluru +10 other locations,600,--
8771,Indira Gandhi National Open University,4.2,(123),Education & Training | New Delhi +40 other locations,291,--
8772,Clinic Dermatech,3.1,(123),Beauty & Personal Care | New Delhi +14 other locations,432,9
8773,Starion India,3.5,(123),Electronics Manufacturing | Pune +9 other locations,504,--
8774,Godrej Housing Finance,3.6,(123),Mumbai +22 other locations,745,--
8775,GetMyUni,3.4,(123),Education & Training | Bengaluru +9 other locations,594,10
8776,Celebrity Cruises,4.1,(123),Travel & Tourism | Mumbai +7 other locations,146,--
8777,Forace Polymers,3.3,(123),Chemicals | Haridwar +7 other locations,576,3
8778,Modern Informatics,3.7,(123),IT Services & Consulting | Mumbai +21 other locations,511,8
8779,MotivityLabs,3.0,(123),IT Services & Consulting | Hyderabad +2 other locations,1k,22
8780,SAN Engineering & Locomotive,4.0,(123),Industrial Machinery | Bengaluru +10 other locations,590,--
8781,Manali Petrochemicals,3.5,(123),Chemicals | Chennai +4 other locations,854,1
8782,Nikon,3.8,(123),Consumer Electronics & Appliances | Gurugram +27 other locations,447,--
8783,Suzlon Gujarat Wind Park,4.6,(123),Power | Bhuj +23 other locations,330,--
8784,Paytm Mall,3.6,(123),Internet | Noida +24 other locations,897,--
8785,Vishnu Solutions,3.7,(123),BPO | Kolkata +1 other locations,335,--
8786,Starion India,3.5,(123),Electronics Manufacturing | Pune +9 other locations,504,--
8787,Godrej Housing Finance,3.6,(123),Mumbai +22 other locations,745,--
8788,Indira Gandhi National Open University,4.2,(123),Education & Training | New Delhi +40 other locations,291,--
8789,Modern Informatics,3.7,(123),IT Services & Consulting | Mumbai +21 other locations,511,8
8790,Consolidated Analytics,4.0,(123),Software Product | Chennai +1 other locations,467,21
8791,Encalm Hospitality,4.0,(137),New Delhi +7 other locations,498,14
8792,Alstrong Enterprises,4.2,(123),Building Material | New Delhi +27 other locations,448,1
8793,AL JABER GROUP,3.2,(123),Engineering & Construction | Abu Dhabi +13 other locations,244,--
8794,Edvoy,4.2,(123),Chennai +6 other locations,262,1
8795,MDI NetworX,3.6,(123),IT Services & Consulting | Pune +1 other locations,625,16
8796,Nuvama Wealth Management,3.5,(125),Financial Services | Mumbai +25 other locations,518,--
8797,Nelson Global Products,3.5,(123),Industrial Machinery | Pune +12 other locations,592,--
8798,Kewaunee Labway,4.2,(123),Furniture & Furnishing | Bengaluru +9 other locations,659,--
8799,INFOCRUNCH ANALYTICS,3.2,(123),Analytics & KPO | New Delhi +12 other locations,361,1
8800,Aryan International,3.2,(123),Mumbai +29 other locations,625,--
8801,QR Crypher,4.2,(123),Software Product | Chennai +4 other locations,9,--
8802,Clinic Dermatech,3.1,(123),Beauty & Personal Care | New Delhi +14 other locations,432,9
8803,Mtandt,3.8,(123),Industrial Machinery | Chennai +13 other locations,619,8
8804,Hellmann Worldwide Logistics,4.0,(123),Logistics | Chennai +15 other locations,462,--
8805,Gromax Agri Equipment,3.7,(123),Automobile | Vadodara +21 other locations,469,--
8806,Merck Specialities,4.1,(123),Pharma | Bengaluru +24 other locations,472,--
8807,AutomationEdge,2.7,(123),IT Services & Consulting | Pune +1 other locations,937,20
8808,Genus Electrotech,3.4,(123),Semiconductors | Gandhidham +15 other locations,519,5
8809,GetMyUni,3.4,(123),Education & Training | Bengaluru +9 other locations,594,10
8810,Celebrity Cruises,4.1,(123),Travel & Tourism | Mumbai +7 other locations,146,--
8811,Udaan Technologies,3.8,(123),IT Services & Consulting | Bengaluru +34 other locations,549,7
8812,ShipBob,3.9,(123),Logistics | New Delhi +2 other locations,379,18
8813,WAISL,3.9,(124),IT Services & Consulting | New Delhi +5 other locations,887,27
8814,Forace Polymers,3.3,(123),Chemicals | Haridwar +7 other locations,576,3
8815,GadgEon,4.0,(123),IT Services & Consulting | Kochi +15 other locations,1.3k,24
8816,MotivityLabs,3.0,(123),IT Services & Consulting | Hyderabad +2 other locations,1k,22
8817,Vi-son Industries,3.6,(123),Industrial Machinery | Pune +15 other locations,507,2
8818,Srinivasa Farms,3.7,(123),Food Processing | Hyderabad +15 other locations,544,6
8819,Tema India,4.1,(123),Oil & Gas | Mumbai +11 other locations,573,6
8820,Pennant Technologies,3.9,(123),Software Product | Hyderabad +4 other locations,776,19
8821,Uk Realty,3.8,(123),Real Estate | Mumbai +2 other locations,294,9
8822,Rentokil Initial,3.5,(123),Agro Chemicals | Mumbai +25 other locations,523,1
8823,Mylab Discovery Solutions,3.0,(123),Internet | Pune +18 other locations,532,--
8824,Gedu Services Private Limited,3.5,(123),Education & Training | Noida +5 other locations,549,30
8825,Full Creative,3.4,(123),Software Product | Chennai +5 other locations,1k,3
8826,Presidio Solutions Pvt Ltd,4.6,(123),IT Services & Consulting | Chennai +5 other locations,785,5
8827,Infinity Fincorp Solutions,4.3,(123),Mumbai +50 other locations,343,--
8828,TVS Next,3.7,(123),IT Services & Consulting | Chennai +4 other locations,1.2k,1
8829,Smarter BIZ Technologies,3.1,(122),IT Services & Consulting | Bengaluru +14 other locations,321,--
8830,Regus,3.1,(122),Facility Management Services | Mumbai +22 other locations,447,5
8831,TeamLease Staffing Solutions,3.3,(122),Internet | Bengaluru +34 other locations,931,--
8832,BetterPlace Select,4.1,(122),Recruitment | Bangalore / Bengaluru +24 other locations,665,--
8833,Next Move Strategy Consulting,4.7,(122),Tinsukia +4 other locations,18,--
8834,Indwell,3.5,(122),Engineering & Construction | Vijayawada +21 other locations,447,--
8835,Futures Group,4.6,(122),Retail | New Delhi +44 other locations,716,--
8836,DEC Property Management,4.1,(122),Facility Management Services | New Delhi +13 other locations,451,11
8837,Chetak Enterprises,4.3,(122),Engineering & Construction | Mumbai +22 other locations,434,--
8838,Paladion Networks,3.7,(122),Hardware & Networking | Bengaluru +5 other locations,682,--
8839,MCaffeine,2.8,(122),Beauty & Personal Care | Mumbai +17 other locations,464,2
8840,Lineomatic Industries Pvt. Ltd.,3.7,(122),Pulp & Paper | Ahmedabad +4 other locations,571,3
8841,Yulu Bikes,4.0,(123),Internet | Bengaluru +8 other locations,697,--
8842,Shree Malani Foams,3.8,(122),Hyderabad +14 other locations,575,1
8843,Maharashtra Rail Infrastructure Development Corporation,3.8,(122),Government | Mumbai +11 other locations,606,--
8844,Maire Tecnimont,4.1,(122),Engineering & Construction | Mumbai +12 other locations,576,--
8845,Cello,3.6,(122),Retail | Mumbai +23 other locations,458,--
8846,D&H Sécheron Electrodes,3.9,(122),Industrial Machinery | Indore +26 other locations,428,--
8847,Kintetsu World Express,4.1,(122),Logistics | Bengaluru +23 other locations,573,--
8848,iPlace,3.7,(122),Pune +2 other locations,594,--
8849,Tranistics Data Technologies,3.4,(122),Software Product | Kolkata +4 other locations,529,--
8850,GO MO Group AB,4.1,(122),Marketing & Advertising | Pune,198,1
8851,LIC Mutual Fund,3.5,(122),Financial Services | Mumbai +41 other locations,573,8
8852,Vivekananda Hospital,3.6,(122),Healthcare | Durgapur +20 other locations,469,--
8853,Electronica India Limited,4.6,(122),Pune +25 other locations,223,--
8854,Mahindra Agri Solutions,3.8,(122),Agriculture | Mumbai +34 other locations,392,--
8855,Gmr Aero Technic,4.2,(122),Aviation | Hyderabad +6 other locations,492,--
8856,Gates Unitta India Company,3.9,(122),Auto Components | Chennai +13 other locations,644,--
8857,DANA Graziano India,4.1,(123),Ahmedabad +12 other locations,512,--
8858,Apeejay Surrendra Group,3.5,(122),FMCG | Kolkata +21 other locations,565,5
8859,Forever New,4.1,(122),Retail | New Delhi +27 other locations,527,5
8860,Sigma Corporation India,4.0,(122),Auto Components | Gurugram +11 other locations,702,--
8861,SJS Enterprises,3.9,(122),Auto Components | Bengaluru +6 other locations,614,--
8862,API Holdings,3.6,(126),Mumbai +34 other locations,473,--
8863,Anuhar Homes,3.3,(122),Real Estate | Hyderabad +4 other locations,393,8
8864,C H Robinson Worldwide Freight,3.4,(122),Logistics | Mumbai +21 other locations,628,--
8865,Veoneer India,3.9,(122),Auto Components | Bengaluru +3 other locations,1.1k,1
8866,v4c.ai,4.6,(122),Pune +2 other locations,196,--
8867,Express Housekeeper,3.8,(122),Facility Management Services | Kolkata +21 other locations,377,--
8868,Airworks,3.7,(122),Aviation | Hosur +11 other locations,648,7
8869,PearVisa Immigration Services,4.2,(122),Recruitment | New Delhi +5 other locations,125,--
8870,WebMD,3.4,(125),Healthcare | Mumbai +5 other locations,1.3k,5
8871,ClinChoice,3.8,(122),Clinical Research | Bengaluru +2 other locations,557,6
8872,Jain Housing & Constructions,4.2,(122),Real Estate | Chennai +4 other locations,423,22
8873,Multi Organics,3.1,(122),Chemicals | Chandrapur +5 other locations,571,8
8874,Eastman Cast & Forge,2.6,(122),Industrial Machinery | Ludhiana +11 other locations,483,4
8875,Aza Fashions,3.7,(122),Fashion & Textile | Mumbai +5 other locations,652,2
8876,Site Engineering,4.2,(122),Engineering & Construction | Chennai +41 other locations,1k,--
8877,Petron Engineering Construction,4.4,(122),Engineering & Construction | Mumbai +27 other locations,360,--
8878,Devon Software Services,4.0,(122),IT Services & Consulting | Bengaluru +3 other locations,615,7
8879,Bharat Cooperative Bank,4.1,(122),Financial Services | Mumbai +14 other locations,680,3
8880,Microscan Infocommtech,4.1,(122),Telecom | Mumbai +6 other locations,442,--
8881,Gesco Healthcare,2.4,(122),Medical Equipment | Chennai +11 other locations,611,5
8882,Swami Rama Himalayan University,3.9,(122),Education & Training | Dehradun +7 other locations,363,3
8883,Ashapurna Buildcon,3.6,(122),Real Estate | Jodhpur +5 other locations,213,22
8884,PeopleStrong Technologies,3.4,(122),Software Product | Gurugram +7 other locations,732,1
8885,Indore Composite,3.9,(122),Telecom | Mumbai +7 other locations,635,--
8886,Lakshya Powertech Limited,3.9,(122),Ahmedabad +16 other locations,455,--
8887,Minimalist,3.5,(122),Internet | Jaipur +8 other locations,406,--
8888,DDRC Agilus Diagnostics,3.9,(122),Kochi +15 other locations,405,--
8889,Frog CellSat,3.9,(122),Design | Noida +15 other locations,456,3
8890,Nissin Abc Logistics,4.0,(122),Logistics | Gurugram +16 other locations,442,1
8891,Aqua Tech Systems,4.2,(122),Power | Pune +18 other locations,665,12
8892,Cogeme Precision Parts,3.8,(122),Industrial Machinery | Pune +1 other locations,484,--
8893,Adamas University,2.8,(122),Education & Training | Kolkata +4 other locations,434,--
8894,Maharishi Ayurveda Products,3.6,(122),Pharma | Noida +15 other locations,433,8
8895,SKDRDP,4.3,(122),Non-Profit | Bengaluru +41 other locations,191,--
8896,Sud Chemie,4.5,(122),Chemicals | Vadodara +5 other locations,548,--
8897,Springworks,4.4,(122),Software Product | Bengaluru +4 other locations,291,--
8898,Cybertech Systems & Software,3.4,(122),IT Services & Consulting | Mumbai +8 other locations,911,13
8899,SA Technologies,3.2,(122),IT Services & Consulting | Pune +9 other locations,1k,--
8900,R.K Associates & Hoteliers,2.7,(123),Facility Management Services | New Delhi +23 other locations,415,11
8901,Glory Global Solutions (south Asia),3.3,(122),IT Services & Consulting | Mumbai +19 other locations,429,--
8902,Funskool India,3.9,(122),Other | Chennai +15 other locations,660,--
8903,Magnum Mi Steel,3.5,(122),Iron & Steel | Gurugram +12 other locations,430,1
8904,Dai Ichi,4.1,(122),Chemicals | Bharuch +9 other locations,512,--
8905,Channel Soft,3.7,(122),IT Services & Consulting | Vijayawada +3 other locations,619,--
8906,iLabz Technology,3.2,(121),Recruitment | Bengaluru +12 other locations,754,--
8907,Amco Batteries,4.4,(121),Auto Components | Chennai +23 other locations,404,--
8908,MENTORS EDUSERV,3.0,(121),EdTech | Patna +4 other locations,331,--
8909,DQ Entertainment,3.3,(121),Animation & VFX | Hyderabad +3 other locations,284,--
8910,Midco,3.5,(121),Telecom | Mumbai +27 other locations,202,--
8911,WonderBotz,3.9,(124),IT Services & Consulting | Bengaluru +15 other locations,275,6
8912,Vianaar Homes,3.8,(121),Real Estate | New Delhi +5 other locations,443,4
8913,Mahatma Gandhi Medical College & Hospital,4.0,(121),Education & Training | Jaipur +15 other locations,450,--
8914,S10 Healthcare Solutions,3.7,(121),Fitness & Wellness | Chennai +5 other locations,312,--
8915,Spl Infrastructure,4.1,(121),Engineering & Construction | Chennai +14 other locations,619,12
8916,Omni Hospital,3.7,(121),Healthcare | Hyderabad +7 other locations,510,--
8917,NDS InfoServ,3.4,(121),BPO | Mumbai +6 other locations,341,4
8918,Gm Infinite Dwelling,3.1,(122),Real Estate | Bengaluru +2 other locations,437,1
8919,NTN NEI Manufacturing,3.9,(121),Automobile | Chennai +8 other locations,514,--
8920,EOX Vantage,3.3,(121),Software Product | Bengaluru +3 other locations,779,3
8921,Maxvalue Credits & Investments,3.9,(121),NBFC | Thrissur +26 other locations,585,--
8922,The Heritage School,3.7,(121),Education & Training | New Delhi +14 other locations,359,--
8923,Kajaria Bathware,4.1,(121),Building Material | Bhiwadi +33 other locations,414,--
8924,S R Enterprises,4.2,(121),Electrical Equipment | New Delhi +43 other locations,638,--
8925,Isgec Hitachi Zosen,3.6,(121),Industrial Machinery | Bharuch +7 other locations,537,--
8926,Hipad Technology India,4.0,(121),Electronics Manufacturing | Noida +3 other locations,394,--
8927,Comed Chemicals,3.4,(121),Pharma | Vadodara +22 other locations,456,--
8928,RN Valves & Faucets,3.2,(121),Ghaziabad +15 other locations,227,2
8929,Toyoda Gosei South India,4.1,(121),Automobile | Bengaluru +5 other locations,468,--
8930,SOLITAIRE GROUP,3.6,(121),Engineering & Construction | Pune +9 other locations,639,--
8931,Crane Process Flow Technologies India,3.5,(121),Industrial Machinery | Pune +6 other locations,635,--
8932,NGRT Systems Private Limited,3.4,(121),Retail | Nagpur +11 other locations,338,12
8933,The Hi-tech Robotic Systemz,3.8,(121),Emerging Technologies | Gurugram +11 other locations,521,14
8934,JU Agri Sciences,4.3,(121),Agro Chemicals | Noida +36 other locations,401,6
8935,HL Klemove,3.3,(121),Automobile | Chennai +6 other locations,704,6
8936,Yuto Printing and Packaging,3.4,(121),Packaging | Bengaluru +8 other locations,709,--
8937,Labvantage Solutions,3.7,(121),Software Product | Kolkata +3 other locations,713,18
8938,Mindrill Systems Solutions,3.5,(121),Industrial Machinery | Kolkata +5 other locations,352,--
8939,Eximietas Design,4.1,(121),Emerging Technologies | Bengaluru +4 other locations,250,60
8940,Tex Corp.,3.7,(121),Fashion & Textile | Gurugram +7 other locations,522,3
8941,Mac Chem Products,3.0,(121),Pharma | Mumbai +6 other locations,553,2
8942,KMC HOSPITAL,4.1,(121),Healthcare | Mangaluru +18 other locations,369,--
8943,Hester Biosciences,3.5,(121),Biotechnology | Ahmedabad +15 other locations,550,12
8944,Seneca Global IT Services,4.1,(121),IT Services & Consulting | Hyderabad +1 other locations,858,9
8945,Uttam Sugar Mills,3.9,(121),Food Processing | Roorkee +21 other locations,406,--
8946,CreditVidya,3.7,(121),FinTech | Hyderabad +15 other locations,628,2
8947,Elysium Pharmaceuticals,3.4,(121),Pharma | Vadodara +4 other locations,496,--
8948,Ethos,3.0,(121),Metals & Mining | New Delhi +20 other locations,712,42
8949,Bharatiya Vidya Bhavan,4.0,(121),Education & Training | Nagpur +35 other locations,303,1
8950,Orient Blackswan,4.2,(121),Printing & Publishing | Hyderabad +24 other locations,332,--
8951,Provab Technosoft,2.9,(121),IT Services & Consulting | Bengaluru +8 other locations,647,7
8952,Garrett - Advancing Motion,3.2,(121),Auto Components | Pune +7 other locations,846,21
8953,SIMA Labs,3.8,(121),Waste Management | New Delhi +13 other locations,492,2
8954,Dharmaj Crop Guard,4.0,(121),Agro Chemicals | Ahmedabad +19 other locations,445,--
8955,Brindavan Bottlers,3.3,(121),Beverage | Lucknow +12 other locations,412,--
8956,AJ Hospital and Research Centre,3.6,(121),Healthcare | Mangaluru +9 other locations,394,22
8957,Oremus Corporate Services,3.7,(121),Financial Services | Hyderabad +3 other locations,607,11
8958,Enerrgia Skyi Developers,4.3,(121),Real Estate | Pune,376,--
8959,Quarks Technosoft,3.4,(121),IT Services & Consulting | Noida +5 other locations,576,106
8960,EOX Vantage,3.3,(121),Software Product | Bengaluru +3 other locations,779,3
8961,Eximietas Design,4.1,(121),Emerging Technologies | Bengaluru +4 other locations,250,60
8962,Bounce,3.2,(121),Automobile | Bengaluru +13 other locations,811,--
8963,Labvantage Solutions,3.7,(121),Software Product | Kolkata +3 other locations,713,18
8964,Mindrill Systems Solutions,3.5,(121),Industrial Machinery | Kolkata +5 other locations,352,--
8965,Bharatiya Vidya Bhavan,4.0,(121),Education & Training | Nagpur +35 other locations,303,1
8966,Hester Biosciences,3.5,(121),Biotechnology | Ahmedabad +15 other locations,550,12
8967,Seneca Global IT Services,4.1,(121),IT Services & Consulting | Hyderabad +1 other locations,858,9
8968,Uttam Sugar Mills,3.9,(121),Food Processing | Roorkee +21 other locations,406,--
8969,CreditVidya,3.7,(121),FinTech | Hyderabad +15 other locations,628,2
8970,Dewar's Garage,3.1,(121),Automobile | Kolkata,375,--
8971,Elysium Pharmaceuticals,3.4,(121),Pharma | Vadodara +4 other locations,496,--
8972,Ethos,3.0,(121),Metals & Mining | New Delhi +20 other locations,712,42
8973,Digiperform,3.6,(121),Education & Training | New Delhi +10 other locations,332,4
8974,Provab Technosoft,2.9,(121),IT Services & Consulting | Bengaluru +8 other locations,647,7
8975,Mac Chem Products,3.0,(121),Pharma | Mumbai +6 other locations,553,2
8976,Tex Corp.,3.7,(121),Fashion & Textile | Gurugram +7 other locations,522,3
8977,KMC HOSPITAL,4.1,(121),Healthcare | Mangaluru +18 other locations,369,--
8978,Novigo Solutions,3.8,(121),IT Services & Consulting | Mangaluru +8 other locations,1.2k,--
8979,Doehler,3.6,(121),IT Services & Consulting | Pune +5 other locations,564,11
8980,Outlier,3.8,(121),Emerging Technologies | Bengaluru +16 other locations,143,--
8981,MyCar,4.0,(121),Automobile | Pune +16 other locations,492,6
8982,Shore Infotech India,2.8,(121),IT Services & Consulting | Hyderabad +1 other locations,762,--
8983,Doehler,3.6,(121),IT Services & Consulting | Pune +5 other locations,564,11
8984,Novigo Solutions,3.8,(121),IT Services & Consulting | Mangaluru +8 other locations,1.2k,--
8985,TSS Consultancy,3.4,(121),IT Services & Consulting | Mumbai +10 other locations,999,10
8986,Dewar's Garage,3.1,(121),Automobile | Kolkata,375,--
8987,Digiperform,3.6,(121),Education & Training | New Delhi +10 other locations,332,4
8988,Tekshapers Software Solutions,3.3,(121),IT Services & Consulting | Noida +10 other locations,737,7
8989,Bankedge,3.9,(120),Education & Training | Mumbai +15 other locations,172,--
8990,NU Hospitals,3.9,(120),Healthcare | Bengaluru +5 other locations,347,14
8991,NEXA Service,4.2,(120),Automobile | Hyderabad +60 other locations,465,--
8992,ElringKlinger AG,3.7,(120),Auto Components | Pune +5 other locations,582,1
8993,ADNH Compass,4.3,(120),Hospitality | Abu Dhabi +7 other locations,149,--
8994,Ufi Filters,3.9,(120),Auto Components | Bawal +11 other locations,636,2
8995,Freshers Universe,4.2,(120),IT Services & Consulting | Bengaluru +24 other locations,608,--
8996,Auriga Research,2.8,(120),Analytics & KPO | Bengaluru +11 other locations,590,12
8997,Polmon Instruments,3.5,(120),Industrial Automation | Hyderabad +4 other locations,471,2
8998,Menzies Aviation Bobba,3.9,(120),Aviation | Bengaluru +6 other locations,313,--
8999,M G Contractors,4.5,(120),Engineering & Construction | Panchkula +27 other locations,409,--
9000,BrandMuscle,3.5,(120),IT Services & Consulting | Bengaluru +7 other locations,872,2
9001,Rotary Engineering,4.1,(120),Oil & Gas | Chennai +13 other locations,316,--
9002,Captain Tractors,4.2,(120),Automobile | Rajkot +15 other locations,493,1
9003,Helm360,3.7,(120),IT Services & Consulting | Noida +1 other locations,573,--
9004,Petronet LNG,4.5,(120),Oil & Gas | Bharuch +7 other locations,620,--
9005,JBF Industries,3.6,(120),Fashion & Textile | Dadra & Nagar Haveli +5 other locations,579,--
9006,ElringKlinger AG,3.7,(120),Auto Components | Pune +5 other locations,582,1
9007,Bankedge,3.9,(120),Education & Training | Mumbai +15 other locations,172,--
9008,NU Hospitals,3.9,(120),Healthcare | Bengaluru +5 other locations,347,14
9009,Integral University,3.6,(120),Education & Training | Lucknow +7 other locations,359,--
9010,Information Evolution,3.5,(120),IT Services & Consulting | Coimbatore +4 other locations,705,--
9011,Basavatarakam Indo American Cancer Hospital Research Institute,4.3,(120),Healthcare | Hyderabad +7 other locations,334,14
9012,Gandour India Food Processing,4.2,(120),Food Processing | Hyderabad +27 other locations,419,--
9013,Idfy,3.3,(120),Software Product | Mumbai +4 other locations,859,7
9014,Vector India,4.1,(120),Auto Components | Bengaluru +5 other locations,459,1
9015,Numero Uno Clothing,4.1,(120),Fashion & Textile | Gurugram +28 other locations,436,--
9016,Foodhub,3.7,(120),Software Product | Chennai +4 other locations,598,--
9017,Freshers Universe,4.2,(120),IT Services & Consulting | Bengaluru +24 other locations,608,--
9018,Ufi Filters,3.9,(120),Auto Components | Bawal +11 other locations,636,2
9019,Government of Kerala,3.9,(120),Government | Thiruvananthapuram +23 other locations,556,--
9020,Basavatarakam Indo American Cancer Hospital Research Institute,4.3,(120),Healthcare | Hyderabad +7 other locations,334,14
9021,Hi-Tech Arai,3.7,(120),Auto Components | Madurai +11 other locations,503,1
9022,Affordable Robotic and Automation,2.8,(120),IT Services & Consulting | Pune +6 other locations,610,4
9023,AachiGroup,3.9,(120),Chennai +21 other locations,565,--
9024,Constantia Flexibles,4.0,(120),Packaging | Ahmedabad +13 other locations,542,1
9025,BrandMuscle,3.5,(120),IT Services & Consulting | Bengaluru +7 other locations,872,2
9026,Babaji Shivram Clearing & Carriers,2.7,(120),Logistics | Mumbai +9 other locations,528,12
9027,S.R. Batliboi & Associates,2.9,(120),Accounting & Auditing | Bengaluru +13 other locations,1.4k,--
9028,Viaante Business Solutions,3.0,(120),BPO | Mumbai +3 other locations,517,--
9029,Petronet LNG,4.5,(120),Oil & Gas | Bharuch +7 other locations,620,--
9030,Everest Blowers & Vacuum Pumps,3.4,(120),Industrial Machinery | New Delhi +12 other locations,547,66
9031,Falabella,3.1,(120),Retail | Bengaluru +4 other locations,868,--
9032,Marc Laboratories,3.2,(120),Pharma | Lucknow +19 other locations,370,2
9033,Dr. D.Y.Patil Hospital & Research Centre,3.9,(121),Healthcare | Pune +7 other locations,512,--
9034,AVON TUBETECH,3.4,(120),Iron & Steel | Faridabad +7 other locations,457,--
9035,iQGateway,4.4,(121),IT Services & Consulting | Bengaluru +3 other locations,342,--
9036,Claritus Management Consulting,4.1,(120),IT Services & Consulting | Noida +6 other locations,432,--
9037,Saboo RKS Motor,4.0,(120),Automobile | Hyderabad +12 other locations,418,--
9038,Amrita Vidyalayam,3.6,(120),Education & Training | Chennai +33 other locations,388,--
9039,Tasmed,3.5,(120),Pharma | Chandigarh +34 other locations,259,--
9040,EasyBuy Lifestyle,3.8,(120),Retail | Bengaluru +44 other locations,404,--
9041,Civet Projects,4.2,(121),Engineering & Construction | Hyderabad +17 other locations,361,5
9042,Rotary Engineering,4.1,(120),Oil & Gas | Chennai +13 other locations,316,--
9043,Kilitch Healthcare India,4.6,(120),Marketing & Advertising | Mumbai +18 other locations,429,--
9044,Sfj Business Solutions,2.7,(120),IT Services & Consulting | Bengaluru +5 other locations,520,1
9045,Captain Tractors,4.2,(120),Automobile | Rajkot +15 other locations,493,1
9046,NewVision Software & Consultancy,3.5,(120),IT Services & Consulting | Pune +5 other locations,1.1k,1
9047,Verificient Technologies,3.1,(120),Emerging Technologies | Pune +2 other locations,667,33
9048,Navi Finserv,3.4,(120),Bengaluru +14 other locations,461,--
9049,Nimap Infotech,3.4,(120),IT Services & Consulting | Mumbai +3 other locations,589,--
9050,Tricon Infotech,3.6,(120),IT Services & Consulting | Bengaluru +3 other locations,1.4k,--
9051,NETIMPACT SOLUTIONS PVT LTD,3.5,(120),Analytics & KPO | Noida +6 other locations,421,18
9052,Dubai Electricity & Water Authority (DEWA),3.4,(120),Power | Dubai +5 other locations,394,--
9053,LS Cable,4.5,(120),Electrical Equipment | Gurugram +10 other locations,503,--
9054,United Airlines,3.7,(120),Aviation | Gurugram +3 other locations,1.4k,3
9055,Manipal Global Education Services,3.6,(120),Education & Training | Bengaluru +12 other locations,875,--
9056,Oorja Technical Services,3.6,(120),Electrical Equipment | Indore +13 other locations,439,--
9057,Saraswati Vidya Mandir,3.9,(119),Education & Training | New Delhi +56 other locations,348,3
9058,Tega McNally Minerals,3.0,(119),Industrial Machinery | Bengaluru +7 other locations,586,--
9059,INDI IT SOLUTIONS,4.5,(119),IT Services & Consulting | Sahibzada Ajit Singh Nagar +1 other locations,96,6
9060,JS Auto Cast Foundry,3.8,(123),Coimbatore +5 other locations,667,--
9061,TEXILA AMERICAN UNIVERSITY,4.1,(119),Education & Training | Coimbatore +8 other locations,213,4
9062,FR8,4.0,(119),Internet | Chennai +22 other locations,488,2
9063,Creative Info-link,2.6,(119),IT Services & Consulting | Pune +25 other locations,319,--
9064,Anna University,4.0,(119),Education & Training | Chennai +15 other locations,666,--
9065,Jaya Shree Textiles,3.8,(119),Fashion & Textile | Kolkata +8 other locations,272,--
9066,DAS Offshore Engineering,3.8,(119),Industrial Machinery | Mumbai +6 other locations,525,11
9067,HirePro Consulting,3.5,(119),Software Product | Bengaluru +13 other locations,660,--
9068,REVA University,4.0,(119),Education & Training | Bengaluru +2 other locations,544,52
9069,MOVIN,3.8,(119),Gurugram +13 other locations,438,18
9070,Tvs Training And Services,3.6,(119),Education & Training | Chennai +13 other locations,515,6
9071,KTM,3.8,(119),Automobile | Pune +58 other locations,372,--
9072,inTarvo Technologies,4.4,(119),BPO | Noida +16 other locations,349,--
9073,Finolex Plasson Industries,4.1,(119),Industrial Machinery | Pune +46 other locations,384,--
9074,Rds Project,3.4,(119),Real Estate | New Delhi +20 other locations,536,--
9075,Chumbak Design,3.4,(119),Retail | Bengaluru +22 other locations,457,--
9076,College Of Education,4.5,(119),Education & Training | Hyderabad +47 other locations,1.5k,--
9077,PressureJet Systems Pvt. Ltd.,3.7,(119),Industrial Machinery | Ahmedabad +6 other locations,275,7
9078,Sri Sai Power and Equipments,3.7,(119),Industrial Machinery | Surat +24 other locations,391,--
9079,Refex Industries,3.6,(119),Oil & Gas | Chennai +26 other locations,427,95
9080,Rolex Rings,3.6,(120),Industrial Machinery | Rajkot +6 other locations,535,14
9081,Jse Engineering Private Limited,3.7,(119),Engineering & Construction | Chennai +9 other locations,383,--
9082,ATS Services,3.8,(119),Analytics & KPO | New Delhi +14 other locations,436,3
9083,Storia Foods,3.8,(119),Beverage | Mumbai +31 other locations,452,--
9084,TYPSA,3.3,(119),Engineering & Construction | Gurugram +18 other locations,539,2
9085,BML Munjal University,4.0,(119),Education & Training | Gurugram +7 other locations,406,4
9086,AFour Technologies,3.6,(119),IT Services & Consulting | Pune +2 other locations,1.3k,--
9087,HirePro Consulting,3.5,(119),Software Product | Bengaluru +13 other locations,660,--
9088,REVA University,4.0,(119),Education & Training | Bengaluru +2 other locations,544,52
9089,Sicagen,3.8,(119),Industrial Automation | Chennai +27 other locations,425,4
9090,College Of Education,4.5,(119),Education & Training | Hyderabad +47 other locations,1.5k,--
9091,Syncom Formulations India,3.2,(119),Pharma | Indore +14 other locations,541,--
9092,PressureJet Systems Pvt. Ltd.,3.7,(119),Industrial Machinery | Ahmedabad +6 other locations,275,7
9093,Rich Products & Solutions,3.6,(119),Food Processing | Pune +30 other locations,577,--
9094,KG Invicta Services,3.0,(124),Management Consulting | Coimbatore +4 other locations,542,6
9095,Govt of Karnataka,3.7,(119),Government | Bengaluru +31 other locations,546,--
9096,Vital Laboratories,3.3,(119),Pharma | Vapi +8 other locations,787,7
9097,ProProfs,4.0,(119),Software Product | Noida +3 other locations,520,6
9098,MOVIN,3.8,(119),Gurugram +13 other locations,438,18
9099,Refex Industries,3.6,(119),Oil & Gas | Chennai +26 other locations,427,95
9100,Wave Beverages,3.7,(120),Beverage | Amritsar +10 other locations,393,--
9101,Adnet Global,3.0,(119),Animation & VFX | Mumbai +4 other locations,532,--
9102,BML Munjal University,4.0,(119),Education & Training | Gurugram +7 other locations,406,4
9103,Sicagen,3.8,(119),Industrial Automation | Chennai +27 other locations,425,4
9104,Syncom Formulations India,3.2,(119),Pharma | Indore +14 other locations,541,--
9105,Rich Products & Solutions,3.6,(119),Food Processing | Pune +30 other locations,577,--
9106,KG Invicta Services,3.0,(124),Management Consulting | Coimbatore +4 other locations,542,6
9107,Govt of Karnataka,3.7,(119),Government | Bengaluru +31 other locations,546,--
9108,Vital Laboratories,3.3,(119),Pharma | Vapi +8 other locations,787,7
9109,ProProfs,4.0,(119),Software Product | Noida +3 other locations,520,6
9110,NCL Veka,4.1,(119),Building Material | Hyderabad +23 other locations,461,5
9111,Hombale Constructions and Estates,4.5,(119),Engineering & Construction | Bengaluru +6 other locations,445,2
9112,Sun Life Global Solutions,4.0,(119),Gurugram +4 other locations,675,6
9113,Impulse,3.6,(119),IT Services & Consulting | Gurugram +13 other locations,523,1
9114,Chinmaya Vidyalaya,4.1,(118),Education & Training | New Delhi +32 other locations,356,2
9115,iB Hubs,4.1,(118),IT Services & Consulting | Kurnool +7 other locations,218,--
9116,Centuary Fibre Plates,4.2,(118),Furniture & Furnishing | Hyderabad +23 other locations,508,--
9117,Ujaas Energy,3.4,(118),Power | Indore +17 other locations,315,--
9118,ACS Group,3.4,(118),Noida +7 other locations,710,--
9119,Suhail Bahwan Automobiles,4.3,(118),Auto Components | Muscat +10 other locations,290,--
9120,TDS Group,4.0,(118),Financial Services | New Delhi +45 other locations,481,--
9121,Railrestro.com,4.4,(118),Internet | Patna +2 other locations,53,--
9122,BAPS Shastriji Maharaj Hospital,4.4,(118),Healthcare | Vadodara +2 other locations,127,4
9123,Ador Powertron,3.7,(118),Pune +8 other locations,472,--
9124,BACS HITECH ENGINEERING,3.1,(121),Engineering & Construction | Bhilai Nagar +35 other locations,188,--
9125,Pharmalex,3.2,(118),Medical Equipment | Noida +8 other locations,461,--
9126,Entra Solutions,3.4,(118),Financial Services | Gurugram +5 other locations,531,4
9127,Powermax Fitness India,4.8,(118),Fitness & Wellness | Mumbai +3 other locations,97,--
9128,Biomatrix Healthcare,3.7,(118),Ahmedabad +6 other locations,516,4
9129,NGL Fine Chem,3.9,(118),Pharma | Mumbai +5 other locations,606,11
9130,Sjr Prime Corporation,4.0,(119),Real Estate | Bengaluru +3 other locations,305,1
9131,Sandip University,3.4,(118),Education & Training | Nashik +18 other locations,369,--
9132,POWERCON Ventures India,3.6,(118),Power | Pune +15 other locations,442,--
9133,Customer Analytics,4.1,(118),IT Services & Consulting | Chennai +7 other locations,902,2
9134,ICG Medical,2.4,(118),Recruitment | Gurugram +3 other locations,515,22
9135,Mahabal Group of Industries,3.7,(118),Auto Components | Sangli +7 other locations,515,--
9136,Zeus Learning,2.8,(118),EdTech | Mumbai +7 other locations,781,--
9137,Br.CAT International,3.8,(118),Oil & Gas | Dammam +11 other locations,196,--
9138,Government of Madhya Pradesh,3.8,(118),Government | Bhopal +47 other locations,490,--
9139,HuntingCube Recruitment Solution,3.9,(118),Recruitment | Noida +3 other locations,406,1
9140,Alchemist Hospital,4.2,(118),Healthcare | Chandigarh +10 other locations,397,8
9141,Wockhardt Biotech Park,3.9,(118),Pharma | Chhatrapati Sambhajinagar +3 other locations,380,--
9142,Acme Industries,4.0,(118),Guwahati +10 other locations,281,--
9143,Municipal Corporation of Greater Mumbai,3.6,(118),Government | Mumbai +2 other locations,477,--
9144,Ministry of Rural Development India,3.8,(118),Government | New Delhi +58 other locations,509,3
9145,Getronics,4.1,(118),IT Services & Consulting | Bengaluru +12 other locations,861,13
9146,HWASHIN Automotive,3.6,(118),Auto Components | Chennai +4 other locations,505,2
9147,The Web Plant,3.0,(118),IT Services & Consulting | New Delhi +4 other locations,315,--
9148,Auxein Medical,3.3,(118),Medical Equipment | New Delhi +5 other locations,521,4
9149,EMDAD LLC,4.2,(118),Oil & Gas | Mumbai +14 other locations,303,--
9150,Apollo Global Management,3.1,(119),Mumbai +7 other locations,842,26
9151,Medicamen Biotech,3.2,(118),Pharma | New Delhi +7 other locations,557,--
9152,PSRI Hospital,3.9,(118),Healthcare | New Delhi +3 other locations,438,6
9153,U K Paints,3.0,(118),Building Material | New Delhi +12 other locations,354,--
9154,Emblix Solutions,4.5,(118),IT Services & Consulting | Hyderabad +2 other locations,108,2
9155,Vectone Mobile,1.8,(118),Telecom | Chennai +3 other locations,565,9
9156,Caterpillar Signs,3.2,(118),Printing & Publishing | Ahmedabad +5 other locations,516,23
9157,Gemba Concepts,3.1,(118),Management Consulting | Bengaluru +4 other locations,352,11
9158,Bilt,4.2,(118),Pulp & Paper | Yamunanagar +19 other locations,483,3
9159,Twin Health,3.0,(118),Healthcare | Bengaluru +8 other locations,540,7
9160,Detroit Engineered Products,3.1,(118),Software Product | Chennai +8 other locations,880,20
9161,Guardian Healthcare Services,3.9,(118),Fitness & Wellness | New Delhi +15 other locations,504,--
9162,Platinum One,3.7,(118),BPO | Mumbai +8 other locations,464,1
9163,Turner International,4.0,(119),Engineering & Construction | Mumbai +14 other locations,612,170
9164,ACPL Systems,3.4,(118),Law Enforcement & Security | Gurugram +15 other locations,691,--
9165,Internship Studio,4.1,(119),Pune +27 other locations,67,--
9166,My Engineering Buddy,4.7,(118),Education & Training | Bengaluru +3 other locations,5,--
9167,Kyocera Document Solutions India,3.4,(118),Printing & Publishing | Gurugram +20 other locations,549,--
9168,Gandhar Oil Refinery India,3.3,(118),Oil & Gas | Mumbai +23 other locations,485,--
9169,R M Chemicals,3.5,(118),FMCG | Baddi +10 other locations,439,--
9170,JBM Neel Metal,3.9,(118),Auto Components | Gurugram +21 other locations,368,--
9171,Covenant Consultants,4.2,(118),Recruitment | Chennai +5 other locations,658,--
9172,Seth Anandram Jaipuria School,3.7,(118),Education & Training | Lucknow +18 other locations,461,9
9173,La opala rg,3.6,(118),Retail | Sitarganj +17 other locations,451,--
9174,Veena world,3.7,(118),Travel & Tourism | Mumbai +11 other locations,483,55
9175,YouGov,3.8,(118),Analytics & KPO | Mumbai +4 other locations,613,9
9176,BITS Pilani,3.8,(118),Education & Training | Hyderabad +21 other locations,565,--
9177,Mahathi Infra Services,3.8,(118),Engineering & Construction | Hyderabad +13 other locations,547,3
9178,ERD Technologies,3.8,(118),Electronics Manufacturing | Noida +7 other locations,521,7
9179,Mawai Infotech,3.2,(118),IT Services & Consulting | Noida +7 other locations,590,8
9180,Brahmaputra Cracker and Polymer,4.4,(118),Dibrugarh +17 other locations,660,--
9181,ABB GISL,4.1,(118),Electrical Equipment | Bengaluru +8 other locations,803,--
9182,Maybright Ventures,3.4,(117),FinTech | Kolkata +2 other locations,444,--
9183,Namaste Credit,3.1,(117),FinTech | Bangalore / Bengaluru +10 other locations,585,--
9184,Pratian Technologies,2.4,(117),IT Services & Consulting | Bengaluru +5 other locations,565,--
9185,Fotografik Enterprises,3.5,(117),Chandigarh +6 other locations,355,--
9186,Scott Edil Pharmacia,3.6,(117),Pharma | Baddi +10 other locations,596,--
9187,Mani Group,3.5,(117),Real Estate | Kolkata +7 other locations,346,--
9188,Tecosim Engineering Services,3.3,(117),Industrial Machinery | Bengaluru +3 other locations,567,--
9189,Sapphire Infocom,4.8,(117),IT Services & Consulting | Ahmedabad +4 other locations,15,7
9190,Telecomone Teleservices,4.0,(117),Telecom | Bengaluru +28 other locations,494,--
9191,BeeperMD,3.8,(117),Chandigarh +4 other locations,148,--
9192,Trimed Solutions India,3.6,(117),Medical Equipment | Hyderabad +11 other locations,292,10
9193,Advance Decorative Laminates Private Limited,4.3,(117),Building Material | Hapur +34 other locations,355,6
9194,BEKEM Infra Projects,3.7,(117),Engineering & Construction | Hyderabad +20 other locations,383,--
9195,Meritshot,4.6,(117),Education & Training | Noida +2 other locations,56,--
9196,GoApptiv,4.1,(117),Mumbai +44 other locations,308,--
9197,Reliance Broadcast Network,3.8,(117),Broadcasting | Mumbai +33 other locations,635,--
9198,NirogStreet,3.1,(117),Internet | New Delhi +20 other locations,441,6
9199,TAM Media Research,3.8,(117),Analytics & KPO | Vadodara +13 other locations,384,1
9200,GGK Technologies,3.8,(117),IT Services & Consulting | Hyderabad +2 other locations,802,--
9201,Adyar Ananda Bhavan Sweets,4.0,(117),Food Processing | Chennai +16 other locations,459,3
9202,Pena4 Tech Solutions,4.0,(117),IT Services & Consulting | Visakhapatnam +1 other locations,554,1
9203,Smpp,3.7,(117),Defence & Aerospace | New Delhi +5 other locations,233,--
9204,uCertify,3.8,(117),EdTech | Noida +4 other locations,360,1
9205,SDG Software,3.8,(117),IT Services & Consulting | Noida +5 other locations,568,15
9206,HIREXA SOLUTIONS,3.9,(117),IT Services & Consulting | Bengaluru +6 other locations,484,--
9207,Rhydburg Pharmaceuticals,2.8,(117),Pharma | Dehradun +4 other locations,376,7
9208,Xtelify,3.3,(117),Gurugram +18 other locations,909,1
9209,R K Construction,4.0,(117),Engineering & Construction | Jamshedpur +43 other locations,555,--
9210,Synthimed Labs,3.8,(117),Pharma | Chandigarh +9 other locations,400,15
9211,Harsha Toyota,4.0,(117),Automobile | Chennai +8 other locations,446,--
9212,Shiv Nadar University,4.1,(117),Education & Training | New Delhi +11 other locations,615,--
9213,Creative Projects & Contracts,4.0,(117),Engineering & Construction | Jaipur +7 other locations,400,--
9214,Accuster Technologies,2.1,(117),Healthcare | New Delhi +6 other locations,352,1
9215,Vydehi Institute Of Medical Sciences And Research Centre,3.7,(117),Healthcare | Bengaluru +3 other locations,469,--
9216,Nagravision,3.6,(117),IT Services & Consulting | Bengaluru +5 other locations,825,--
9217,BHARAT TECHNO PLAST,3.8,(117),Auto Components | Ahmedabad +6 other locations,415,1
9218,Sparkline Equipments,4.1,(117),Industrial Machinery | Pune +13 other locations,584,--
9219,Cybernetik Technologies,4.1,(117),Industrial Automation | Pune +7 other locations,622,--
9220,HiveMinds Innovative Market Solutions,2.9,(117),Marketing & Advertising | Bengaluru +6 other locations,694,18
9221,MAHLE Holding (India),3.9,(117),Auto Components | Pune +3 other locations,607,1
9222,Cybernetik Technologies,4.1,(117),Industrial Automation | Pune +7 other locations,622,--
9223,Tupperware,3.6,(117),Retail | Dehradun +17 other locations,518,1
9224,Xtelify,3.3,(117),Gurugram +18 other locations,909,1
9225,Pharmaffiliates Analytics Synthetics,3.8,(117),Pharma | Panchkula +8 other locations,406,11
9226,SPS Hospitals,3.9,(117),Healthcare | Ludhiana +6 other locations,271,12
9227,KLC CONSTRUCTION,3.8,(117),Engineering & Construction | Hyderabad +7 other locations,470,--
9228,Teaching at home,4.4,(117),Design | New Delhi +39 other locations,795,--
9229,Dormakaba India,3.7,(117),Building Material | Chennai +24 other locations,575,1
9230,Applied Cloud Computing,2.5,(117),IT Services & Consulting | Mumbai +8 other locations,754,6
9231,Nissan Digital,3.5,(117),IT Services & Consulting | Thiruvananthapuram +3 other locations,735,--
9232,Synthimed Labs,3.8,(117),Pharma | Chandigarh +9 other locations,400,15
9233,R K Construction,4.0,(117),Engineering & Construction | Jamshedpur +43 other locations,555,--
9234,BeBran Digital,4.4,(117),New Delhi +2 other locations,16,--
9235,Creative Projects & Contracts,4.0,(117),Engineering & Construction | Jaipur +7 other locations,400,--
9236,Vydehi Institute Of Medical Sciences And Research Centre,3.7,(117),Healthcare | Bengaluru +3 other locations,469,--
9237,Nagravision,3.6,(117),IT Services & Consulting | Bengaluru +5 other locations,825,--
9238,Accuster Technologies,2.1,(117),Healthcare | New Delhi +6 other locations,352,1
9239,Oncospark India Private Limited,3.8,(117),Analytics & KPO | Chennai +4 other locations,561,7
9240,Renishaw Metrology Systems Limited,3.9,(117),Industrial Automation | Pune +5 other locations,614,2
9241,Morarjee Textiles,4.1,(116),Fashion & Textile | Nagpur +5 other locations,411,--
9242,Epicu Agro Products,3.2,(116),Food Processing | Ambala +24 other locations,430,--
9243,Vsun Mobile,3.7,(116),Telecom | Gurugram +9 other locations,236,--
9244,Oxigen Services,4.2,(116),FinTech | Gurugram +28 other locations,411,--
9245,First Quantum Minerals,4.2,(116),Metals & Mining | Lusaka +2 other locations,26,--
9246,HP Global e-Business Operations,4.3,(116),BPO | Bangalore / Bengaluru +4 other locations,505,--
9247,Logicash,3.7,(116),Financial Services | Mumbai +27 other locations,306,--
9248,Arki Techno Consultants,3.0,(116),Engineering & Construction | Bhubaneswar +23 other locations,331,--
9249,Securitrans India,4.0,(116),Financial Services | New Delhi +41 other locations,344,--
9250,Gram Panchayat,4.1,(116),Government | Pune +51 other locations,353,--
9251,Sher-I-Kashmir Institute of Medical Sciences,4.2,(116),Healthcare | Srinagar +5 other locations,256,--
9252,Citi Style,4.1,(116),Retail | Kolkata +15 other locations,255,--
9253,Artson Engineering,4.1,(116),Engineering & Construction | Hyderabad +21 other locations,530,4
9254,SEPC Limited,4.3,(116),Oil & Gas | Chennai +19 other locations,430,--
9255,Wildnet Technologies,4.6,(116),Marketing & Advertising | Noida +4 other locations,493,21
9256,Radiant Polymers,4.1,(116),Petrochemicals | Ahmedabad +15 other locations,532,1
9257,Success Pact Consulting,3.9,(116),Recruitment | Noida +4 other locations,292,11
9258,Keltron,4.1,(116),Electronics Manufacturing | Thiruvananthapuram +15 other locations,345,--
9259,Shreeja Mahila Milk Producer Company,4.3,(116),Food Processing | Tirupati +19 other locations,306,--
9260,Josh Software,3.0,(116),IT Services & Consulting | Pune +2 other locations,1k,2
9261,MPOnline,3.2,(116),IT Services & Consulting | Bhopal +15 other locations,442,--
9262,Felix Hospital,3.3,(116),Healthcare | Noida +3 other locations,545,6
9263,Eben Telecom,3.9,(116),Telecom | Kochi +7 other locations,306,8
9264,Seeh Al Sarya Engineering,3.7,(116),Oil & Gas | Muscat +9 other locations,412,--
9265,Forever 21,3.7,(116),Fashion & Textile | New Delhi +24 other locations,239,--
9266,Jamkash Vehicleades,3.3,(116),Automobile | Jammu +12 other locations,259,2
9267,Masters Management Consultants,4.0,(116),Real Estate | Mumbai +18 other locations,376,--
9268,AEREN IT Solutions,2.8,(116),Analytics & KPO | Chandigarh +10 other locations,490,--
9269,Chetak Logistics,3.3,(116),Logistics | New Delhi +17 other locations,449,6
9270,TM International Logistics,3.6,(116),Logistics | Jamshedpur +21 other locations,370,--
9271,Vistaprint,3.4,(116),Internet | Mumbai +8 other locations,459,--
9272,Alstone Manufacturing,4.2,(116),Building Material | New Delhi +24 other locations,225,1
9273,Planedge Consultants,3.4,(116),Management Consulting | Pune +5 other locations,516,7
9274,Biyani Technologies,4.0,(116),Software Product | Kolhapur +4 other locations,240,4
9275,TekFriday Processing Solutions,3.4,(116),Financial Services | Hyderabad +1 other locations,702,15
9276,TTEC Digital,3.7,(126),Hyderabad +5 other locations,606,13
9277,Vensar Constructions,4.1,(116),Engineering & Construction | Jammu +22 other locations,441,1
9278,Rajasthan Antibiotics,3.5,(116),Pharma | Bhiwadi +9 other locations,369,--
9279,Acme Services,4.3,(116),Recruitment | Mumbai +7 other locations,272,--
9280,Sher-I-Kashmir Institute of Medical Sciences,4.2,(116),Healthcare | Srinagar +5 other locations,256,--
9281,Keltron,4.1,(116),Electronics Manufacturing | Thiruvananthapuram +15 other locations,345,--
9282,Masters Management Consultants,4.0,(116),Real Estate | Mumbai +18 other locations,376,--
9283,RD Public School,4.1,(116),Education & Training | Betul +17 other locations,488,6
9284,Viswaat Chemicals,4.0,(116),Chemicals | Mumbai +11 other locations,661,3
9285,Revv,3.9,(116),Internet | Gurugram +19 other locations,516,2
9286,Go-Jek,3.8,(116),Financial Services | Bengaluru +6 other locations,1.3k,15
9287,National Public School,3.5,(116),Education & Training | Bengaluru +15 other locations,589,23
9288,Mobikasa,3.9,(116),IT Services & Consulting | New Delhi +4 other locations,473,--
9289,Tecno Mobile,3.7,(116),Consumer Electronics & Appliances | Noida +58 other locations,318,--
9290,Appventurez,3.1,(116),IT Services & Consulting | Noida +5 other locations,683,--
9291,TekFriday Processing Solutions,3.4,(116),Financial Services | Hyderabad +1 other locations,702,15
9292,Josh Software,3.0,(116),IT Services & Consulting | Pune +2 other locations,1k,2
9293,TRUGlobal,3.7,(116),IT Services & Consulting | Bengaluru +2 other locations,769,5
9294,Qseap Infotech,3.7,(116),IT Services & Consulting | Mumbai +6 other locations,638,9
9295,Bajaj Allianz Staffing Solutions,3.7,(116),Recruitment | Pune +39 other locations,369,--
9296,Centric Consulting,3.5,(116),IT Services & Consulting | Gurugram +2 other locations,939,3
9297,Ramkrishna Care Hospital,3.7,(116),Healthcare | Raipur +10 other locations,368,--
9298,The Digital Group Infotech,3.4,(116),IT Services & Consulting | Pune +2 other locations,813,57
9299,Nitin Spinners,4.4,(116),Fashion & Textile | Bhilwara +7 other locations,452,--
9300,Nims Hospital,3.7,(116),Healthcare | Jaipur +14 other locations,551,3
9301,Government Polytechnic College,4.1,(116),Education & Training | Pune +63 other locations,330,--
9302,Tecno Mobile,3.7,(116),Consumer Electronics & Appliances | Noida +58 other locations,318,--
9303,Centric Consulting,3.5,(116),IT Services & Consulting | Gurugram +2 other locations,939,3
9304,Nitin Spinners,4.4,(116),Fashion & Textile | Bhilwara +7 other locations,452,--
9305,Finicity,3.5,(116),Financial Services | Mumbai +3 other locations,707,20
9306,Bajaj Allianz Staffing Solutions,3.7,(116),Recruitment | Pune +39 other locations,369,--
9307,Aditya Birla Renewables,3.7,(116),Power | Mumbai +26 other locations,474,2
9308,Haridwar University,4.6,(115),Education & Training | Roorkee +2 other locations,44,--
9309,Astro Arun Pandit,4.1,(115),Noida +3 other locations,124,--
9310,Saija Finance,4.5,(115),NBFC | New Delhi +24 other locations,322,--
9311,Privi Life Sciences,3.6,(115),Agriculture | Mumbai +25 other locations,447,--
9312,Coastal Projects,3.9,(115),Engineering & Construction | Hyderabad +17 other locations,294,--
9313,AGC Networks,3.1,(115),IT Services & Consulting | Mumbai +13 other locations,626,--
9314,Strabag,4.1,(115),Engineering & Construction | New Delhi +14 other locations,369,--
9315,APPL Industries,3.5,(115),Chemicals | Pune +19 other locations,580,--
9316,Hotel Sahara Star,3.9,(115),Hospitality | Mumbai +4 other locations,386,10
9317,SmartConnect Technologies,2.9,(115),IT Services & Consulting | Mumbai +11 other locations,721,9
9318,Abhyudaya Co-operative Bank,3.9,(115),Banking | Mumbai +12 other locations,469,--
9319,Shri Bhagwati Machines Pvt. Ltd.,3.7,(115),Industrial Machinery | Ajmer +10 other locations,428,--
9320,Hitachi Rail STS,3.9,(115),Railways | Bengaluru +23 other locations,463,--
9321,Khosla Profil Private Limited,3.3,(115),Fashion & Textile | Mumbai +9 other locations,544,--
9322,Wealth Clinic,3.1,(115),Real Estate | Noida +6 other locations,408,10
9323,Sureworks Infotech Pvt. Ltd.,4.2,(115),IT Services & Consulting | Bengaluru +17 other locations,484,--
9324,Travclan Technology India,3.6,(115),Travel & Tourism | New Delhi +3 other locations,507,32
9325,Pipeline Infrastructure,4.2,(115),Oil & Gas | Mumbai +18 other locations,460,1
9326,Small Industries Development Bank of India,3.9,(115),NBFC | Mumbai +30 other locations,587,--
9327,Ghodawat Consumer Products,3.4,(115),FMCG | Kolhapur +12 other locations,420,5
9328,Qualified Recruiter,4.3,(115),Recruitment | Pune,260,1
9329,Pace IIT & Medical,3.2,(115),Education & Training | Mumbai +22 other locations,464,--
9330,SCOPE T&M,3.5,(115),Import & Export | Pune +11 other locations,530,6
9331,Glance,3.3,(115),Internet | Bengaluru +3 other locations,825,23
9332,Quadlabs Technologies,3.2,(115),Software Product | Gurugram +3 other locations,411,11
9333,Dream India Schools,3.6,(115),Education & Training | Lucknow +39 other locations,257,--
9334,SONATRACH,3.5,(115),Oil & Gas | New Delhi +3 other locations,45,--
9335,Matrix Clothing,4.1,(115),Fashion & Textile | Gurugram +5 other locations,413,--
9336,Privi Life Sciences,3.6,(115),Agriculture | Mumbai +25 other locations,447,--
9337,AGC Networks,3.1,(115),IT Services & Consulting | Mumbai +13 other locations,626,--
9338,Coastal Projects,3.9,(115),Engineering & Construction | Hyderabad +17 other locations,294,--
9339,Strabag,4.1,(115),Engineering & Construction | New Delhi +14 other locations,369,--
9340,Hitachi Rail STS,3.9,(115),Railways | Bengaluru +23 other locations,463,--
9341,Terminal Technologies (i),4.1,(115),Telecom | Pune +10 other locations,502,--
9342,Khosla Profil Private Limited,3.3,(115),Fashion & Textile | Mumbai +9 other locations,544,--
9343,Travclan Technology India,3.6,(115),Travel & Tourism | New Delhi +3 other locations,507,32
9344,Ghodawat Consumer Products,3.4,(115),FMCG | Kolhapur +12 other locations,420,5
9345,Marc Enterprises,3.5,(115),Electronics Manufacturing | New Delhi +9 other locations,467,--
9346,ams OSRAM,3.2,(115),Bengaluru +22 other locations,715,31
9347,Qualified Recruiter,4.3,(115),Recruitment | Pune,260,1
9348,Accurate Background,3.8,(119),Recruitment | Mumbai +6 other locations,727,24
9349,BNB Groupe,3.3,(122),Ahmedabad +10 other locations,235,--
9350,Glance,3.3,(115),Internet | Bengaluru +3 other locations,825,23
9351,Quadlabs Technologies,3.2,(115),Software Product | Gurugram +3 other locations,411,11
9352,Digiglobe Solutions,4.8,(115),IT Services & Consulting | Hyderabad +11 other locations,5,--
9353,Madhu Silica,3.8,(115),Metals & Mining | Bhavnagar +3 other locations,562,--
9354,Ayushman Hospital & Health Services,3.8,(115),Healthcare | New Delhi +13 other locations,498,11
9355,Hidoc Dr,4.8,(115),Internet | Pune +2 other locations,94,5
9356,Earlyjobs,4.8,(115),Recruitment | Bengaluru +4 other locations,11,--
9357,Woxsen University,3.2,(115),Hyderabad +6 other locations,346,--
9358,M.P. State Electronics Development Corporation,3.6,(115),Bhopal +9 other locations,461,--
9359,IMA-PG,3.8,(115),Medical Equipment | Mumbai +9 other locations,552,--
9360,Neural IT,3.3,(115),Financial Services | Mumbai +2 other locations,524,25
9361,JMD Group,4.0,(115),Real Estate | Gurugram +26 other locations,562,--
9362,Panchayati Raj,3.5,(115),Government | Lucknow +61 other locations,308,--
9363,Minda Silca Engineering,4.0,(115),Industrial Automation | Greater Noida +6 other locations,513,--
9364,Vibrant Infocom,2.7,(115),Other | Kolkata +6 other locations,283,--
9365,HERO ECOTECH,3.5,(115),Automobile | Ludhiana +6 other locations,481,--
9366,Reebok,4.2,(115),Fashion & Textile | New Delhi +44 other locations,308,--
9367,Pipeline Infrastructure,4.2,(115),Oil & Gas | Mumbai +18 other locations,460,1
9368,Small Industries Development Bank of India,3.9,(115),NBFC | Mumbai +30 other locations,587,--
9369,Nation with NaMo,2.6,(115),New Delhi +16 other locations,616,31
9370,Lincoln Electric,3.9,(115),Electrical Equipment | Chennai +3 other locations,661,2
9371,Sureworks Infotech Pvt. Ltd.,4.2,(115),IT Services & Consulting | Bengaluru +17 other locations,484,--
9372,Wealth Clinic,3.1,(115),Real Estate | Noida +6 other locations,408,10
9373,Acsia Technologies,3.0,(115),Automobile | Thiruvananthapuram +4 other locations,802,10
9374,Shiv Enterprises,3.8,(115),Recruitment | New Delhi +44 other locations,662,7
9375,IBN Technologies,3.5,(115),Financial Services | Pune +4 other locations,580,9
9376,Rotomaker,3.6,(115),Animation & VFX | Hyderabad +7 other locations,399,3
9377,Palsons Derma,3.2,(115),Fitness & Wellness | Kolkata +18 other locations,318,1
9378,Bhagyalaxmi Rolling mill,3.7,(115),Iron & Steel | Jalna +8 other locations,421,--
9379,Simeio Solutions,3.7,(115),IT Services & Consulting | Bengaluru +5 other locations,844,11
9380,IBN Technologies,3.5,(115),Financial Services | Pune +4 other locations,580,9
9381,Intech Creative Services,3.7,(115),IT Services & Consulting | Gandhinagar +7 other locations,839,8
9382,Hamad Medical Corporation,4.1,(114),Healthcare | Doha +6 other locations,244,--
9383,B.L. Harbert International,3.5,(114),Engineering & Construction | New Delhi +13 other locations,247,--
9384,Velan Info Services,3.5,(114),IT Services & Consulting | Coimbatore +2 other locations,426,9
9385,IMARC Group,3.4,(114),Analytics & KPO | New Delhi +5 other locations,396,--
9386,Medsource Ozone Biomedicals,3.5,(114),Pharma | Faridabad +24 other locations,364,4
9387,Durovalves India,3.3,(114),Auto Components | Chhatrapati Sambhajinagar +3 other locations,373,--
9388,Pride Technologies,3.2,(114),Recruitment | Chennai +6 other locations,1k,--
9389,Bernhard Schulte Shipmanagement,4.2,(114),Ports & Shipping | Mumbai +6 other locations,492,12
9390,Pebs Pennar,3.3,(114),Engineering & Construction | Hyderabad +11 other locations,557,--
9391,Rij Engineering,4.2,(114),Auto Components | Pune +5 other locations,463,--
9392,Ingram Micro India Ssc,3.7,(114),IT Services & Consulting | Mumbai +10 other locations,908,58
9393,Srmb Steel,3.6,(114),Iron & Steel | Kolkata +22 other locations,380,--
9394,Derewala Jewellery Industries,3.4,(114),Jewellery | Jaipur +2 other locations,541,5
9395,Kun Hyundai,3.9,(114),Automobile | Chennai +10 other locations,574,--
9396,Colorshine Coated,3.9,(114),Iron & Steel | Gudur +11 other locations,368,--
9397,Nirmaan Organization,3.6,(114),Financial Services | Hyderabad +17 other locations,364,7
9398,Model Infra Corporation,3.3,(114),Engineering & Construction | Pune +7 other locations,698,--
9399,Gateway Distriparks,3.5,(116),Logistics | New Delhi +14 other locations,541,5
9400,ABK Imports,4.2,(114),Import & Export | Pune +6 other locations,375,--
9401,Exl Technosolutions,3.8,(114),IT Services & Consulting | New Delhi +9 other locations,868,--
9402,Shri Venkateshwara University,3.6,(114),Education & Training | New Delhi +19 other locations,447,19
9403,FundsIndia,3.1,(114),FinTech | Chennai +8 other locations,813,2
9404,Edukyu,3.9,(114),EdTech | Noida +4 other locations,227,4
9405,Bioplus Life Sciences,3.7,(114),Pharma | Bengaluru +5 other locations,628,8
9406,Skanray Technologies,2.6,(114),Medical Equipment | Mysuru +18 other locations,626,--
9407,SugarFit,3.3,(114),Healthcare | Bengaluru +3 other locations,282,--
9408,TEJRAJ PROMOTERS & BUILDERS,4.4,(114),Real Estate | Pune +1 other locations,102,47
9409,Shree Maruti Integrated Logistics,3.5,(114),Ahmedabad +30 other locations,320,2
9410,Citizens Specialty Hospital,4.2,(114),Healthcare | Hyderabad +8 other locations,362,13
9411,Syscom Corporation,4.5,(114),IT Services & Consulting | Noida +5 other locations,381,--
9412,Sarens Heavy Lift India,3.8,(115),Industrial Machinery | New Delhi +12 other locations,472,--
9413,NatureNurture,4.3,(114),Education & Training | New Delhi +3 other locations,90,--
9414,GD Goenka International School,3.4,(114),Surat +16 other locations,346,3
9415,Cethar,3.2,(114),Industrial Machinery | Tiruchirappalli +16 other locations,336,--
9416,Velan Info Services,3.5,(114),IT Services & Consulting | Coimbatore +2 other locations,426,9
9417,Medsource Ozone Biomedicals,3.5,(114),Pharma | Faridabad +24 other locations,364,4
9418,Srmb Steel,3.6,(114),Iron & Steel | Kolkata +22 other locations,380,--
9419,Derewala Jewellery Industries,3.4,(114),Jewellery | Jaipur +2 other locations,541,5
9420,Pebs Pennar,3.3,(114),Engineering & Construction | Hyderabad +11 other locations,557,--
9421,Ingram Micro India Ssc,3.7,(114),IT Services & Consulting | Mumbai +10 other locations,908,58
9422,Kun Hyundai,3.9,(114),Automobile | Chennai +10 other locations,574,--
9423,Rij Engineering,4.2,(114),Auto Components | Pune +5 other locations,463,--
9424,Advanz Pharma,4.0,(114),Pharma | Mumbai +3 other locations,463,6
9425,IndiQube,4.1,(114),Real Estate | Bengaluru +6 other locations,865,--
9426,Trend Technologies,4.0,(114),Pune +2 other locations,448,1
9427,GALAXY OFFICE AUTOMATION,4.1,(114),IT Services & Consulting | Mumbai +9 other locations,506,18
9428,Voltamp Transformers,4.0,(114),Electrical Equipment | Vadodara +15 other locations,649,10
9429,Adaequare,3.4,(114),IT Services & Consulting | Hyderabad +3 other locations,762,10
9430,Union Mutual Fund,3.4,(114),Financial Services | Mumbai +45 other locations,551,2
9431,Zupee,3.5,(115),Gaming | Gurugram +4 other locations,856,--
9432,RNS Motors,3.4,(114),Automobile | Bengaluru +10 other locations,429,--
9433,Analog Devices,3.9,(114),Semiconductors | Bengaluru +4 other locations,1.1k,79
9434,Seoyon E-HWA Summit,3.0,(114),Auto Components | Anantapur +11 other locations,342,7
9435,Xoxoday,3.2,(114),Software Product | Bengaluru +7 other locations,764,38
9436,Hindustan Copper,4.0,(114),Metals & Mining | Kolkata +12 other locations,583,--
9437,Bernhard Schulte Shipmanagement,4.2,(114),Ports & Shipping | Mumbai +6 other locations,492,12
9438,GlowTouch,2.9,(114),Mangaluru +4 other locations,737,--
9439,Net Business Solutions,3.7,(114),IT Services & Consulting | Mumbai +24 other locations,630,--
9440,Projects & Development India,4.0,(114),Oil & Gas | Noida +18 other locations,521,--
9441,Biomerieux,3.2,(114),Biotechnology | New Delhi +16 other locations,394,--
9442,Nath Bio - Genes,4.3,(114),Agro Chemicals | Chhatrapati Sambhajinagar +23 other locations,343,--
9443,Colorshine Coated,3.9,(114),Iron & Steel | Gudur +11 other locations,368,--
9444,Gateway Distriparks,3.5,(116),Logistics | New Delhi +14 other locations,541,5
9445,Kanan International,2.7,(114),Internet | Vadodara +13 other locations,551,2
9446,Le Mei Plastic Manufacturing,3.3,(114),Petrochemicals | Greater Noida +3 other locations,550,--
9447,CoreEL Technologies,3.9,(114),Electronics Manufacturing | Bengaluru +6 other locations,839,15
9448,Central Electronics,3.7,(114),Government | Ghaziabad +8 other locations,543,--
9449,Coldex Logistics,3.2,(114),Logistics | New Delhi +17 other locations,541,--
9450,TechRBM,4.7,(114),IT Services & Consulting | Sahibzada Ajit Singh Nagar +1 other locations,153,27
9451,Nirmaan Organization,3.6,(114),Financial Services | Hyderabad +17 other locations,364,7
9452,Model Infra Corporation,3.3,(114),Engineering & Construction | Pune +7 other locations,698,--
9453,Lexmark International,3.9,(114),IT Services & Consulting | Kolkata +3 other locations,674,--
9454,Global Talent Track,3.3,(114),Education & Training | Pune +10 other locations,491,18
9455,Ebullient Securities,3.2,(114),Financial Services | Gurugram +1 other locations,398,--
9456,Windals Precision,3.4,(114),Auto Components | Pune +5 other locations,520,--
9457,Mitratech,3.7,(114),Software Product | Hyderabad +3 other locations,915,16
9458,Mawana Sugars,3.6,(114),Food Processing | Meerut +8 other locations,452,--
9459,Sciative Solutions,4.1,(114),Software Product | Navi Mumbai +3 other locations,269,94
9460,MSP Group,3.8,(114),Raigarh +13 other locations,426,--
9461,Amogha Polymers,3.7,(114),Building Material | Coimbatore +24 other locations,261,1
9462,VST Motors,3.8,(114),Automobile | Chennai +17 other locations,464,8
9463,Truminds Software Systems,3.6,(114),IT Services & Consulting | Gurugram +4 other locations,910,15
9464,Infotree Global Solutions,3.5,(114),Recruitment | Jammu +10 other locations,380,--
9465,IL&FS Skills Development Corporation,4.1,(113),Education & Training | New Delhi +43 other locations,203,--
9466,Vishal Enterprises,4.2,(113),Fashion & Textile | Surat +35 other locations,460,--
9467,First Data,4.2,(113),Mumbai +11 other locations,612,--
9468,Shrim Bhanu Construction,3.7,(113),Engineering & Construction | Mumbai +9 other locations,485,--
9469,Myoung Shin India Automotive,3.5,(113),Auto Components | Chennai +5 other locations,465,--
9470,Azkka Pharmaceuticals,4.6,(113),Pharma | Ahmedabad +21 other locations,159,--
9471,Aagna Global Solutions,3.4,(113),BPO | Chennai +5 other locations,265,--
9472,IND-SPHINX PRECISION,4.2,(113),Industrial Machinery | Solan +5 other locations,400,--
9473,HumanHire Corp.,4.6,(113),IT Services & Consulting | Jaipur +2 other locations,42,1
9474,Lohia Auto Industries,4.0,(113),Automobile | Kashipur +12 other locations,450,--
9475,U&D Square Solutions,3.7,(113),IT Services & Consulting | Pune +2 other locations,292,--
9476,Kamal Ced Solution,4.2,(113),Gurugram +13 other locations,375,--
9477,Oswal Woollen Mills,4.0,(113),Fashion & Textile | Ludhiana +6 other locations,421,--
9478,Associative,4.9,(113),Software Product | Pune,51,--
9479,IBCC Industries,4.0,(113),Ahmedabad +12 other locations,392,--
9480,Quale Infotech,4.4,(113),IT Services & Consulting | New Delhi +9 other locations,140,--
9481,Shriji Polymers,3.9,(113),Packaging | Ujjain +7 other locations,465,2
9482,Vijay Raja Homes,4.1,(113),Real Estate | Chennai,483,12
9483,Statcon Energiaa,4.1,(113),Electronics Manufacturing | Noida +12 other locations,510,1
9484,2050 Healthcare,3.1,(113),Healthcare | Bengaluru +21 other locations,306,--
9485,Drip Capital,3.3,(113),FinTech | Mumbai +4 other locations,542,28
9486,NASSCOM,3.6,(113),IT Services & Consulting | New Delhi +23 other locations,642,10
9487,Loylty Rewardz Mngt,3.7,(113),Software Product | Mumbai +7 other locations,961,--
9488,Stratogent Technology Services,3.1,(113),IT Services & Consulting | Bengaluru +2 other locations,714,7
9489,Highly Electrical Appliances India,3.6,(113),Electrical Equipment | Ahmedabad +5 other locations,608,4
9490,Lansum Properties,4.0,(113),Real Estate | Hyderabad +2 other locations,436,24
9491,Rathi Transpower,3.8,(113),Industrial Machinery | Pune +5 other locations,508,--
9492,Parsvnath Developers,2.7,(113),Real Estate | New Delhi +10 other locations,396,1
9493,Beetel Teletech,3.8,(113),Telecom | Gurugram +19 other locations,485,--
9494,Archies,3.2,(113),Retail | New Delhi +25 other locations,536,7
9495,DELLA LEADERS CLUB,4.6,(113),IT Services & Consulting | Mumbai +4 other locations,123,22
9496,BARSYL,3.9,(113),Railways | Hyderabad +19 other locations,348,75
9497,Vardhman Acrylics,3.6,(113),Fashion & Textile | Bharuch +10 other locations,543,--
9498,Gini & Jony,3.1,(113),Fashion & Textile | Mumbai +24 other locations,433,--
9499,TopSource,3.7,(113),Other | Pune +2 other locations,335,--
9500,Oswal Woollen Mills,4.0,(113),Fashion & Textile | Ludhiana +6 other locations,421,--
9501,Kamal Ced Solution,4.2,(113),Gurugram +13 other locations,375,--
9502,Statcon Energiaa,4.1,(113),Electronics Manufacturing | Noida +12 other locations,510,1
9503,Associative,4.9,(113),Software Product | Pune,51,--
9504,U&D Square Solutions,3.7,(113),IT Services & Consulting | Pune +2 other locations,292,--
9505,Drip Capital,3.3,(113),FinTech | Mumbai +4 other locations,542,28
9506,NASSCOM,3.6,(113),IT Services & Consulting | New Delhi +23 other locations,642,10
9507,Vijay Raja Homes,4.1,(113),Real Estate | Chennai,483,12
9508,NDTV Network,3.4,(113),Broadcasting | New Delhi +8 other locations,600,--
9509,Digitas,3.6,(113),Marketing & Advertising | Mumbai +10 other locations,871,--
9510,AddWeb Solution,4.4,(113),IT Services & Consulting | Ahmedabad +2 other locations,172,20
9511,Lyka Labs,3.7,(114),Pharma | Ankleshwar +16 other locations,485,--
9512,T.R. Sawhney Motors,3.9,(113),Automobile | New Delhi +18 other locations,342,--
9513,Avians Innovations Technology,3.7,(113),Building Material | Pune +12 other locations,544,4
9514,TaeguTec,4.1,(113),Industrial Machinery | Bengaluru +10 other locations,486,--
9515,Parekh Group,3.7,(113),Logistics | Mumbai +25 other locations,606,5
9516,Stratogent Technology Services,3.1,(113),IT Services & Consulting | Bengaluru +2 other locations,714,7
9517,City Corporation Ltd (Amanora),3.9,(113),Real Estate | Pune +10 other locations,539,17
9518,Vahdam Teas,4.0,(113),Beverage | Noida +6 other locations,500,5
9519,Kich Architectural Products,3.7,(113),Building Material | Rajkot +24 other locations,381,7
9520,Avians Innovations Technology,3.7,(113),Building Material | Pune +12 other locations,544,4
9521,Lyka Labs,3.7,(114),Pharma | Ankleshwar +16 other locations,485,--
9522,Vahdam Teas,4.0,(113),Beverage | Noida +6 other locations,500,5
9523,Avantel,3.8,(113),Hardware & Networking | Visakhapatnam +5 other locations,569,1
9524,Kich Architectural Products,3.7,(113),Building Material | Rajkot +24 other locations,381,7
9525,Chetana Publications,3.0,(113),Printing & Publishing | Mumbai +18 other locations,348,--
9526,The Good Glamm Group,3.2,(113),IT Services & Consulting | New Delhi +10 other locations,620,--
9527,JK Organisation,3.9,(113),Auto Components | New Delhi +31 other locations,580,--
9528,DiTech Process Solutions,3.4,(113),Printing & Publishing | Mumbai +9 other locations,341,1
9529,Pixis,3.7,(113),Internet | Bengaluru +3 other locations,651,1
9530,Noida International University,3.2,(113),Education & Training | Noida +6 other locations,467,--
9531,IT Convergence,3.2,(113),IT Services & Consulting | Hyderabad +2 other locations,859,--
9532,City Corporation Ltd (Amanora),3.9,(113),Real Estate | Pune +10 other locations,539,17
9533,ekincare,3.1,(113),Healthcare | Hyderabad +6 other locations,580,11
9534,Stonemen Crafts,3.9,(113),Furniture & Furnishing | Agra +7 other locations,474,2
9535,Geekyants Software,3.3,(113),IT Services & Consulting | Bengaluru +4 other locations,985,66
9536,Belden,3.8,(114),Industrial Machinery | Pune +8 other locations,779,8
9537,The Walt Disney Company,4.3,(113),Media & Entertainment | Mumbai +15 other locations,1k,2
9538,Breach Candy Hospital Trust,4.4,(113),Healthcare | Mumbai +5 other locations,360,10
9539,Veremax Technologie Services,3.5,(112),IT Services & Consulting | Chennai +23 other locations,420,16
9540,Seven Seas Hotel,2.9,(112),Hospitality | New Delhi +4 other locations,372,--
9541,GlobalHunt,3.1,(112),Recruitment | New Delhi +12 other locations,702,--
9542,Saudi Arabian Airlines,3.9,(112),Aviation | Mumbai +16 other locations,275,--
9543,DP Chocolates,4.1,(112),Food Processing | Baddi +13 other locations,460,--
9544,Jamia Millia Islamia,4.5,(112),Education & Training | New Delhi +7 other locations,364,--
9545,Unimark Remedies,3.4,(112),Pharma | Vapi +11 other locations,333,--
9546,Chanakya IAS Academy,2.9,(112),Education & Training | New Delhi +22 other locations,367,8
9547,Mojj Engineering Systems,3.7,(112),Financial Services | Pune +5 other locations,466,--
9548,Prodocs Solutions,3.5,(112),Mumbai +3 other locations,302,2
9549,Funfirst Global Skillers,4.3,(112),EdTech | Mumbai +20 other locations,256,10
9550,BMD Private Limited,3.7,(112),Engineering & Construction | Banswara +12 other locations,449,--
9551,India Kawasaki Motors Pvt. Ltd.,3.7,(112),Automobile | Pune +8 other locations,684,--
9552,Spack Automotives,3.3,(112),Greater Noida +11 other locations,478,--
9553,Stallion Laboratories,3.2,(112),Pharma | Ahmedabad +6 other locations,635,--
9554,Classic Legends,2.9,(112),Pune +19 other locations,362,--
9555,Aquera,4.5,(113),IT Services & Consulting | Bengaluru,284,--
9556,Netxcell,3.3,(112),Telecom | Hyderabad +11 other locations,643,4
9557,Vatsal Technosoft,4.5,(112),IT Services & Consulting | Ahmedabad +6 other locations,27,--
9558,Ashwini Hospital,3.2,(112),Healthcare | Cuttack +20 other locations,424,--
9559,Hatch Associates India,3.9,(112),Electronics Manufacturing | Gurugram +3 other locations,580,2
9560,MSL Group,3.4,(112),Marketing & Advertising | New Delhi +19 other locations,535,4
9561,Oswal Infrastructure,3.6,(112),Real Estate | Ahmedabad +11 other locations,442,--
9562,Ingenuity Gaming,3.2,(112),Food Processing | Noida +6 other locations,903,2
9563,AVASO Technology Solutions,3.5,(112),IT Services & Consulting | Sahibzada Ajit Singh Nagar +10 other locations,698,1
9564,Veremax Technologie Services,3.5,(112),IT Services & Consulting | Chennai +23 other locations,420,16
9565,Electrical Manufacturing Company,4.4,(112),Electrical Equipment | New Delhi +36 other locations,434,--
9566,Poddar Tyres,3.7,(112),Auto Components | Ludhiana +17 other locations,368,--
9567,Ramani Ice Cream Co.,3.9,(112),Food Processing | Bhopal +18 other locations,397,--
9568,Veena Developers,3.9,(112),Real Estate | Mumbai +3 other locations,232,8
9569,SIPL,3.8,(112),IT Services & Consulting | New Delhi +38 other locations,648,--
9570,Advance Power Display Systems,4.4,(112),Mumbai +2 other locations,269,10
9571,DNV GL,3.9,(112),"Testing, Inspection and Certification (TIC) | Mumbai +15 other locations",482,--
9572,Meru Accounting,3.6,(112),Ahmedabad +3 other locations,199,--
9573,Gimatex Industries,3.3,(112),Fashion & Textile | Nagpur +10 other locations,528,2
9574,MS Education Academy,3.7,(112),Education & Training | Hyderabad +17 other locations,420,--
9575,HGS TECHNOLOGIES,4.2,(112),IT Services & Consulting | Bengaluru +16 other locations,673,--
9576,VRP Telematics,3.1,(112),Retail | New Delhi +18 other locations,366,8
9577,Finnew Solutions,4.2,(112),FinTech | Bengaluru +30 other locations,489,8
9578,Mohan Spintex,4.0,(112),Fashion & Textile | Vijayawada +6 other locations,528,1
9579,Armed Forces Tribunal,4.9,(112),Government | New Delhi +38 other locations,304,--
9580,Intercraft Trading,4.4,(112),Beauty & Personal Care | Mumbai +21 other locations,274,--
9581,Soffit Infrastructure Services,3.7,(112),Real Estate | Kochi +9 other locations,297,16
9582,Versa Drives,4.2,(112),Electronics Manufacturing | Coimbatore +4 other locations,275,10
9583,Stridely Solutions,3.2,(112),IT Services & Consulting | Ahmedabad +2 other locations,742,2
9584,Mobily Infotech,3.4,(112),Telecom | Bengaluru +4 other locations,839,11
9585,Sentini,3.3,(113),Vijayawada +14 other locations,476,12
9586,FitterFly,3.4,(112),Healthcare | Mumbai +6 other locations,310,--
9587,C3I Solutions,3.2,(112),BPO | Hyderabad +2 other locations,511,--
9588,CISB,3.6,(112),Law Enforcement & Security | Mumbai +34 other locations,396,--
9589,Prabhudas Lilladher,3.2,(112),Financial Services | Mumbai +16 other locations,758,1
9590,JSS Medical Research,2.9,(112),Clinical Research | New Delhi +17 other locations,475,4
9591,Hirotec,3.9,(112),Auto Components | Coimbatore +6 other locations,656,--
9592,East West Seeds,4.4,(112),FMCG | Chhatrapati Sambhajinagar +24 other locations,391,--
9593,Glass Wall Systems,4.1,(112),Engineering & Construction | Mumbai +9 other locations,461,--
9594,Choksi Laboratories,2.7,(112),Pharma | Indore +7 other locations,486,4
9595,Consort Builders,4.4,(112),Real Estate | Chandigarh +14 other locations,388,4
9596,Baazi Games,3.5,(112),IT Services & Consulting | New Delhi +4 other locations,706,--
9597,Knowcraft Analytics,2.8,(112),Financial Services | Ahmedabad +7 other locations,654,10
9598,DY Patil University,3.5,(112),Education & Training | Pune +11 other locations,683,--
9599,Paradigm IT,3.5,(112),IT Services & Consulting | Hyderabad +22 other locations,594,5
9600,XL Laboratories,3.7,(112),Pharma | Bhiwadi +8 other locations,474,--
9601,Aquera,4.5,(113),IT Services & Consulting | Bengaluru,284,--
9602,Prabhudas Lilladher,3.2,(112),Financial Services | Mumbai +16 other locations,758,1
9603,Choksi Laboratories,2.7,(112),Pharma | Indore +7 other locations,486,4
9604,Hirotec,3.9,(112),Auto Components | Coimbatore +6 other locations,656,--
9605,East West Seeds,4.4,(112),FMCG | Chhatrapati Sambhajinagar +24 other locations,391,--
9606,Glass Wall Systems,4.1,(112),Engineering & Construction | Mumbai +9 other locations,461,--
9607,Consort Builders,4.4,(112),Real Estate | Chandigarh +14 other locations,388,4
9608,JSS Medical Research,2.9,(112),Clinical Research | New Delhi +17 other locations,475,4
9609,Spack Automotives,3.3,(112),Greater Noida +11 other locations,478,--
9610,Funfirst Global Skillers,4.3,(112),EdTech | Mumbai +20 other locations,256,10
9611,GOURMET INVESTMENTS,3.9,(112),Hospitality | Mumbai +10 other locations,290,1
9612,Baazi Games,3.5,(112),IT Services & Consulting | New Delhi +4 other locations,706,--
9613,Paradigm IT,3.5,(112),IT Services & Consulting | Hyderabad +22 other locations,594,5
9614,Stallion Laboratories,3.2,(112),Pharma | Ahmedabad +6 other locations,635,--
9615,Knowcraft Analytics,2.8,(112),Financial Services | Ahmedabad +7 other locations,654,10
9616,Credit Information Bureau,3.6,(112),Mumbai +7 other locations,792,--
9617,DY Patil University,3.5,(112),Education & Training | Pune +11 other locations,683,--
9618,Faze Three,3.3,(112),Fashion & Textile | Dadra & Nagar Haveli +12 other locations,614,3
9619,Jeeva Organic,3.6,(112),Pharma | Bhubaneswar +6 other locations,280,3
9620,Classic Legends,2.9,(112),Pune +19 other locations,362,--
9621,BramhaCorp,3.6,(112),Real Estate | Pune +3 other locations,588,3
9622,Baidyanath Minerals,3.7,(112),Metals & Mining | Mumbai +1 other locations,127,14
9623,TRACKS AND TOWERS INFRATECH,3.9,(112),Engineering & Construction | Hyderabad +23 other locations,484,2
9624,LA Technologies,4.0,(112),IT Services & Consulting | Mumbai +9 other locations,338,8
9625,ADA Tech Solutions Private Limited,3.8,(112),BPO | Pune +6 other locations,323,132
9626,Quality Needles,3.6,(112),Medical Equipment | Noida +3 other locations,464,--
9627,Bharat Intern,3.9,(112),Hyderabad +22 other locations,69,--
9628,Aster Pharmacy,3.4,(112),Pharma | Bengaluru +14 other locations,420,--
9629,Sunrise Biztech Systems,3.5,(112),IT Services & Consulting | Bengaluru +3 other locations,498,5
9630,Aamby Valley City,3.8,(111),Real Estate | Pune +7 other locations,325,9
9631,National Corporation for Tourism & Hotels,4.1,(111),Travel & Tourism | Abu Dhabi +12 other locations,209,--
9632,Applied Solar Technologies India,3.6,(111),Internet | New Delhi +18 other locations,448,--
9633,GOOD,4.4,(111),Marketing & Advertising | Bengaluru +30 other locations,243,--
9634,Voltas Beko Home Appliances,3.7,(113),Ahmedabad +13 other locations,491,--
9635,Essel Infraprojects,4.0,(111),Engineering & Construction | New Delhi +21 other locations,464,--
9636,SRM Techsol,4.3,(111),IT Services & Consulting | Lucknow +1 other locations,277,--
9637,IG Defence,4.5,(111),Bhubaneswar +4 other locations,--,--
9638,Forbes Technosys,3.9,(111),IT Services & Consulting | Mumbai +26 other locations,460,--
9639,Kesoram Industries,3.7,(111),Auto Components | Kolkata +23 other locations,522,--
9640,Nijji Healthcare,4.3,(111),BPO | Kolkata +18 other locations,204,--
9641,Udaan Express,4.2,(111),New Delhi +48 other locations,204,--
9642,Central Board of Secondary Education,4.3,(111),Government | New Delhi +38 other locations,536,--
9643,Klizo Solutions,4.5,(111),IT Services & Consulting | Kolkata,129,4
9644,Glowlogics Solutions,4.3,(111),Bengaluru +5 other locations,25,--
9645,Mobicule Technologies,3.1,(111),Software Product | Mumbai +8 other locations,613,6
9646,Sterling E-Mobility Solutions,3.4,(111),Auto Components | Faridabad +5 other locations,419,7
9647,Agrim Housing Finance,4.2,(111),Financial Services | Mumbai +16 other locations,221,2
9648,Atulaya Healthcare,3.7,(111),Healthcare | Chandigarh +14 other locations,373,2
9649,SHREE AMBA INDUSTRIES,3.9,(111),Auto Components | Roorkee +14 other locations,416,--
9650,Raja Software Labs,3.2,(111),IT Services & Consulting | Pune +1 other locations,670,15
9651,Vasant Chemicals,4.1,(111),Chemicals | Hyderabad +4 other locations,404,--
9652,Senrysa Technologies,4.7,(111),IT Services & Consulting | Kolkata +10 other locations,312,1
9653,Information Dynamics,3.5,(111),IT Services & Consulting | Chennai +6 other locations,1.1k,2
9654,TROPICAL AGROSYSTEM (I),4.3,(111),Agro Chemicals | Chennai +35 other locations,309,11
9655,Extinct Fire Engineers,3.9,(111),Industrial Machinery | Mumbai +14 other locations,318,3
9656,TELUS Health,3.8,(111),Recruitment | Gurugram +4 other locations,639,1
9657,Velvex,3.6,(111),Mumbai +32 other locations,47,--
9658,Walmart Labs,3.4,(111),Bengaluru +4 other locations,620,--
9659,EGDK,3.7,(111),Software Product | Mangaluru +1 other locations,259,26
9660,CTA Apparels,3.7,(111),Fashion & Textile | Noida +7 other locations,340,--
9661,CNK & Associates,3.5,(111),Accounting & Auditing | Mumbai +8 other locations,564,--
9662,NICE Actimize,3.3,(115),IT Services & Consulting | Pune +2 other locations,643,--
9663,Rishita Developers,4.1,(111),Real Estate | Lucknow +3 other locations,397,--
9664,Grohe,4.1,(111),Architecture & Interior Design | Gurugram +34 other locations,439,--
9665,Udaipur Cement Works,3.8,(111),Building Material | Udaipur +12 other locations,496,--
9666,Jio Haptik,3.6,(111),Emerging Technologies | Mumbai +8 other locations,727,16
9667,Al Bawani Co.,4.0,(111),Engineering & Construction | Riyadh +7 other locations,196,--
9668,Input Zero Technologies,3.7,(111),Analytics & KPO | Bengaluru +7 other locations,549,12
9669,Avant Garde Industries,4.7,(111),Industrial Machinery | Mumbai +3 other locations,73,1
9670,Techjays,4.3,(111),IT Services & Consulting | Coimbatore +2 other locations,219,--
9671,Huber Suhner Electronics,3.9,(111),Electrical Equipment | Gurugram +6 other locations,509,2
9672,PhillipCapital,3.4,(111),Financial Services | Mumbai +8 other locations,770,6
9673,Affordplan,3.6,(111),FinTech | New Delhi +15 other locations,461,2
9674,Relevel,2.9,(111),Bengaluru +8 other locations,504,--
9675,Affinity Global Advertising,3.0,(111),Marketing & Advertising | Pune +5 other locations,682,25
9676,PNG Jewellers,4.4,(111),Jewellery | Pune +22 other locations,355,9
9677,Bangalore Baptist Hospital,4.4,(111),Healthcare | Bengaluru +1 other locations,345,8
9678,Mahindra Powerol,3.8,(111),Industrial Machinery | Pune +38 other locations,515,--
9679,Outscale Partners,2.1,(129),Gurugram +4 other locations,296,42
9680,National Dairy Development Board,4.0,(111),Food Processing | Anand +22 other locations,444,--
9681,Oriental Rubber Industries,3.2,(111),Petrochemicals | Pune +6 other locations,664,--
9682,Gvr Technolabs,3.7,(111),Engineering & Construction | Bengaluru +28 other locations,440,9
9683,Max Data Entry Services,4.0,(111),BPO | Kolkata +13 other locations,15,--
9684,bluCognition,3.4,(111),IT Services & Consulting | Pune +1 other locations,525,4
9685,Vymo Technologies,2.3,(111),Software Product | Bengaluru +3 other locations,992,10
9686,Interview Kickstart,4.1,(111),Education & Training | Bengaluru +1 other locations,425,39
9687,Blackboard Education and Reseach Foundation,3.6,(111),EdTech | Noida +5 other locations,527,3
9688,City Hospital,4.1,(111),Healthcare | Nagpur +38 other locations,474,--
9689,Globsyn Business School,4.4,(111),Education & Training | Kolkata +1 other locations,229,--
9690,ATS Group,4.0,(111),Engineering & Construction | Pune +13 other locations,830,--
9691,Feat Systems,3.3,(111),Financial Services | Mumbai +6 other locations,327,--
9692,Bop Realty,4.7,(111),Real Estate | Noida +8 other locations,286,8
9693,Paloma Turning,4.0,(111),Bengaluru +6 other locations,380,--
9694,RETAIL HUB SOLUTIONS,4.2,(111),Retail | Mumbai +38 other locations,236,--
9695,TableSpace Technologies,3.1,(111),Real Estate | Bengaluru +7 other locations,516,--
9696,Paradigm Realty,3.7,(111),Real Estate | Mumbai +1 other locations,467,4
9697,Zenith Industrial Rubber Products,3.5,(111),Petrochemicals | Mumbai +13 other locations,499,7
9698,Amalgamations Valeo Clutch,3.5,(111),Auto Components | Chennai +5 other locations,605,--
9699,HH Global,4.0,(111),IT Services & Consulting | Mumbai +11 other locations,1.2k,--
9700,Tata Communications Payment Solutions,3.5,(111),Financial Services | Mumbai +22 other locations,390,--
9701,CTA Apparels,3.7,(111),Fashion & Textile | Noida +7 other locations,340,--
9702,National Dairy Development Board,4.0,(111),Food Processing | Anand +22 other locations,444,--
9703,CNK & Associates,3.5,(111),Accounting & Auditing | Mumbai +8 other locations,564,--
9704,Affinity Global Advertising,3.0,(111),Marketing & Advertising | Pune +5 other locations,682,25
9705,PNG Jewellers,4.4,(111),Jewellery | Pune +22 other locations,355,9
9706,Mahindra Powerol,3.8,(111),Industrial Machinery | Pune +38 other locations,515,--
9707,Gurit India,4.1,(111),Internet | Chennai +8 other locations,483,1
9708,SuperProcure,4.8,(111),Kolkata +5 other locations,276,15
9709,Bangalore Baptist Hospital,4.4,(111),Healthcare | Bengaluru +1 other locations,345,8
9710,VITAE International Accounting Services,3.6,(111),Accounting & Auditing | Coimbatore +2 other locations,558,3
9711,Max Data Entry Services,4.0,(111),BPO | Kolkata +13 other locations,15,--
9712,Gvr Technolabs,3.7,(111),Engineering & Construction | Bengaluru +28 other locations,440,9
9713,Outscale Partners,2.1,(129),Gurugram +4 other locations,296,42
9714,Oriental Rubber Industries,3.2,(111),Petrochemicals | Pune +6 other locations,664,--
9715,bluCognition,3.4,(111),IT Services & Consulting | Pune +1 other locations,525,4
9716,Relevel,2.9,(111),Bengaluru +8 other locations,504,--
9717,Maharashtra Feeds,3.2,(111),Agriculture | New Delhi +17 other locations,385,2
9718,Vymo Technologies,2.3,(111),Software Product | Bengaluru +3 other locations,992,10
9719,Interview Kickstart,4.1,(111),Education & Training | Bengaluru +1 other locations,425,39
9720,Encore Healthcare,3.5,(111),Pharma | Chhatrapati Sambhajinagar +12 other locations,363,--
9721,ERGOS,3.2,(111),Internet | Bengaluru +20 other locations,478,5
9722,L&T SuFin,3.4,(110),Internet | Mumbai +37 other locations,321,--
9723,Maven Wave Partners,4.0,(110),IT Services & Consulting | Gurugram +4 other locations,493,4
9724,Varian Medical Systems,3.7,(110),Medical Equipment | Pune +7 other locations,787,--
9725,Jocata Financial Advisory and Technology,3.2,(110),Financial Services | Hyderabad +4 other locations,933,--
9726,Modern Construction Company,3.2,(110),Engineering & Construction | New Delhi +23 other locations,423,--
9727,Absolutelabs,4.3,(110),IT Services & Consulting | Hyderabad +3 other locations,128,5
9728,Sobha Projects and Trade,4.2,(110),Engineering & Construction | Bengaluru +10 other locations,573,--
9729,Kanchan Metals,4.1,(110),Industrial Machinery | Greater Noida +7 other locations,432,--
9730,Le Marche,3.1,(110),Retail | New Delhi +3 other locations,386,2
9731,RSP Design Consultants,3.9,(110),Architecture & Interior Design | Bengaluru +14 other locations,605,--
9732,J&K Bank,3.9,(110),Banking | Srinagar +24 other locations,316,--
9733,Sembcorp Marine,4.4,(110),Industrial Machinery | Singapore +10 other locations,248,--
9734,Lark Laboratories (I),2.9,(110),Pharma | Bhiwadi +13 other locations,330,--
9735,G Plast,3.4,(110),Industrial Machinery | Coimbatore +2 other locations,530,45
9736,Mangalore Refinery and Petrochemicals,4.3,(110),Oil & Gas | Mangaluru +9 other locations,612,--
9737,SAGE Automation,4.1,(110),Industrial Automation | Pune +1 other locations,214,7
9738,Vinsys IT Services India Limited,3.4,(110),Education & Training | Pune +6 other locations,637,8
9739,anovIP,3.3,(110),Legal | New Delhi +4 other locations,334,5
9740,Tanisha Systems,2.8,(110),IT Services & Consulting | Noida +3 other locations,677,--
9741,21K School,3.5,(110),EdTech | Bengaluru +9 other locations,259,--
9742,iB Arts,3.6,(110),IT Services & Consulting | Kolkata +2 other locations,167,1
9743,Aashman Foundation,3.7,(110),New Delhi +15 other locations,149,--
9744,N R Agarwal Industries,3.6,(110),Pulp & Paper | Vapi +6 other locations,446,--
9745,New Horizon College of Engineering,3.6,(110),Education & Training | Bengaluru +2 other locations,337,--
9746,Indian Red Cross Society,3.9,(110),Non-Profit | Ahmedabad +59 other locations,274,--
9747,Stanley Engineered Fastening,3.9,(110),Industrial Machinery | Chennai +9 other locations,550,--
9748,Autocal Solutions,3.9,(110),Clinical Research | Mumbai +15 other locations,380,--
9749,Winsome Textile Industries,3.6,(110),Fashion & Textile | Baddi +8 other locations,511,2
9750,Bnk Power Solution,3.8,(110),Power | Nagpur +27 other locations,370,3
9751,Maharashtra State Power Generation Company,4.1,(110),Power | Nagpur +16 other locations,212,--
9752,Lakshmi Hyundai,3.5,(110),Automobile | Hyderabad +7 other locations,427,--
9753,Modern Construction Company,3.2,(110),Engineering & Construction | New Delhi +23 other locations,423,--
9754,Jocata Financial Advisory and Technology,3.2,(110),Financial Services | Hyderabad +4 other locations,933,--
9755,Lark Laboratories (I),2.9,(110),Pharma | Bhiwadi +13 other locations,330,--
9756,Absolutelabs,4.3,(110),IT Services & Consulting | Hyderabad +3 other locations,128,5
9757,Sobha Projects and Trade,4.2,(110),Engineering & Construction | Bengaluru +10 other locations,573,--
9758,Mangalore Refinery and Petrochemicals,4.3,(110),Oil & Gas | Mangaluru +9 other locations,612,--
9759,G Plast,3.4,(110),Industrial Machinery | Coimbatore +2 other locations,530,45
9760,Le Marche,3.1,(110),Retail | New Delhi +3 other locations,386,2
9761,Farbe Firma Private Limited,3.5,(110),Pharma | Ankleshwar +3 other locations,336,8
9762,Star Agriwarehousing and Collateral Management,3.6,(110),Agriculture | Mumbai +33 other locations,397,--
9763,BBD University,3.6,(110),Financial Services | Lucknow +3 other locations,293,10
9764,BYD India,3.3,(110),Automobile | Chennai +13 other locations,631,11
9765,RED CHIEF,4.0,(113),Retail | Kanpur +40 other locations,299,--
9766,Dexian DISYS,3.3,(111),IT Services & Consulting | Chennai +9 other locations,662,24
9767,VProtect,3.2,(110),Gurugram +8 other locations,335,--
9768,Optimus Pharma,3.9,(110),Pharma | Hyderabad +4 other locations,568,--
9769,SAGE Automation,4.1,(110),Industrial Automation | Pune +1 other locations,214,7
9770,Presto Stantest,4.0,(110),Industrial Machinery | Faridabad +6 other locations,350,1
9771,Associated Power Structures,4.3,(110),Oil & Gas | Vadodara +24 other locations,367,--
9772,Indogulf CropSciences,3.3,(110),Agro Chemicals | New Delhi +16 other locations,487,4
9773,Clarks Inn Group of Hotels,3.5,(110),Hospitality | New Delhi +37 other locations,336,9
9774,PVR PROJECTS,3.6,(110),Engineering & Construction | Hyderabad +10 other locations,422,4
9775,Tatsuno India,3.2,(110),Oil & Gas | Navi Mumbai +17 other locations,434,2
9776,Prominance uPVC Windows & Doors,3.5,(110),Building Material | Coimbatore +29 other locations,538,3
9777,Sage IT,3.7,(110),IT Services & Consulting | Hyderabad +7 other locations,816,20
9778,Anyone Home,4.2,(110),Internet | Pune +22 other locations,621,--
9779,Xitadel CAE Technologies,3.7,(110),Analytics & KPO | Bengaluru +4 other locations,440,3
9780,Dexian DISYS,3.3,(111),IT Services & Consulting | Chennai +9 other locations,662,24
9781,Optimus Pharma,3.9,(110),Pharma | Hyderabad +4 other locations,568,--
9782,VProtect,3.2,(110),Gurugram +8 other locations,335,--
9783,Nova Techset,3.2,(111),Printing & Publishing | Chennai +4 other locations,601,6
9784,Star Agriwarehousing and Collateral Management,3.6,(110),Agriculture | Mumbai +33 other locations,397,--
9785,RED CHIEF,4.0,(113),Retail | Kanpur +40 other locations,299,--
9786,ITDOSE INFOSYSTEMS,3.2,(110),IT Services & Consulting | Noida +6 other locations,456,15
9787,Associated Power Structures,4.3,(110),Oil & Gas | Vadodara +24 other locations,367,--
9788,PVR PROJECTS,3.6,(110),Engineering & Construction | Hyderabad +10 other locations,422,4
9789,Clarks Inn Group of Hotels,3.5,(110),Hospitality | New Delhi +37 other locations,336,9
9790,Indogulf CropSciences,3.3,(110),Agro Chemicals | New Delhi +16 other locations,487,4
9791,Unique Enterprises,3.3,(110),Internet | Mumbai +20 other locations,669,8
9792,Felix Generics,3.9,(110),Pharma | Indore +8 other locations,539,--
9793,Arco Lab,4.2,(110),Pharma | Bengaluru +6 other locations,1.1k,45
9794,Xitadel CAE Technologies,3.7,(110),Analytics & KPO | Bengaluru +4 other locations,440,3
9795,Guru Amardass International,3.5,(110),Noida +8 other locations,338,1
9796,Honeywell Aerospace,3.5,(110),Bengaluru +6 other locations,752,--
9797,Phoenix Mecano,3.9,(110),Industrial Machinery | Pune +8 other locations,666,--
9798,NextGen Invent,3.5,(110),IT Services & Consulting | Noida +5 other locations,348,11
9799,Imdaad,4.6,(110),Facility Management Services | Dubai +8 other locations,172,--
9800,Agile Capital Services,2.4,(109),New Delhi +14 other locations,66,--
9801,Synoptics Technologies,3.5,(109),IT Services & Consulting | Mumbai +19 other locations,346,10
9802,Kanakia Spaces,3.7,(109),Real Estate | Mumbai +2 other locations,473,2
9803,Shemford Futuristic School,3.8,(109),Education & Training | Gurugram +41 other locations,312,--
9804,Logelite,4.2,(109),Software Product | Lucknow +3 other locations,100,5
9805,Nava Bharath Fertilizers,3.6,(109),Agro Chemicals | Hyderabad / Secunderabad +37 other locations,215,8
9806,Xiaomi Service Center,4.4,(109),Bengaluru +68 other locations,162,--
9807,Diagno Labs,4.2,(109),Healthcare | Gurugram +27 other locations,313,--
9808,Autocop India,3.6,(109),Semiconductors | Pune +26 other locations,368,--
9809,Supertron Electronics,4.4,(109),IT Services & Consulting | Kolkata +24 other locations,381,--
9810,Falcon Force,4.1,(109),IT Services & Consulting | Gurugram +5 other locations,277,--
9811,Mohan Impex,4.1,(109),Kolkata +11 other locations,230,--
9812,Patel Motors,4.2,(109),Auto Components | Indore +8 other locations,499,--
9813,T D S MANAGEMENT CONSULTANT,3.8,(109),Recruitment | Sahibzada Ajit Singh Nagar +43 other locations,258,--
9814,Sankei Giken,3.9,(111),Auto Components | Bawal +5 other locations,435,--
9815,Gmoney Pvt. Ltd.,3.5,(109),Internet | Mumbai +21 other locations,362,--
9816,Accu Pack Engineering,3.3,(109),Engineering & Construction | Mumbai +5 other locations,475,3
9817,Blue Dart Aviation,3.6,(109),Aviation | Chennai +17 other locations,298,--
9818,Fi,3.5,(109),FinTech | Bengaluru +4 other locations,583,--
9819,Lindstrom Services,4.0,(109),Fashion & Textile | Pune +15 other locations,449,--
9820,Kalpa Electrikal,3.8,(109),Electrical Equipment | Bengaluru +11 other locations,630,8
9821,Tulip Infratech,3.7,(109),Real Estate | Gurugram +5 other locations,432,1
9822,Nirvana Solutions,2.9,(109),IT Services & Consulting | Gurugram +8 other locations,627,--
9823,Sietz Technologies,4.1,(109),Auto Components | Faridabad +5 other locations,477,--
9824,Mercer Mettl,3.5,(109),EdTech | Gurugram +6 other locations,636,--
9825,Volvo Buses,3.6,(109),Automobile | Bengaluru +12 other locations,443,--
9826,Ecocat India,4.0,(109),Auto Components | Faridabad +3 other locations,524,--
9827,Stemz Healthcare,3.5,(109),Healthcare | Gurugram +9 other locations,507,--
9828,Eduquity Career Technologies,3.4,(109),Recruitment | Bengaluru +15 other locations,524,--
9829,Vertoz,3.1,(109),Marketing & Advertising | Mumbai +8 other locations,441,12
9830,SS Construction,4.0,(109),Engineering & Construction | New Delhi +28 other locations,742,--
9831,Jawaharlal Nehru University,3.6,(109),Education & Training | New Delhi +11 other locations,507,--
9832,Arora Iron & Steel Rolling Mills,3.8,(109),Iron & Steel | Ludhiana +2 other locations,460,--
9833,Rkec Project,3.9,(110),Real Estate | Visakhapatnam +17 other locations,436,--
9834,Cinntra Info Tech Solutions,3.5,(109),IT Services & Consulting | Noida +5 other locations,372,5
9835,Microgen Hygiene,3.5,(109),Healthcare | Mumbai +16 other locations,297,7
9836,Seagate,3.3,(109),Hardware & Networking | Pune +5 other locations,702,2
9837,Indication Instruments,3.9,(109),Auto Components | Faridabad +3 other locations,531,--
9838,Indus Health Plus,3.4,(109),Fitness & Wellness | Pune +17 other locations,446,5
9839,Rtech Group,3.7,(109),Real Estate | Jaipur +11 other locations,443,3
9840,Indorama Ventures Global Shared Services,3.2,(109),Chemicals | Kolkata +5 other locations,361,--
9841,Sofitel Luxury Hotel,4.8,(109),Hospitality | Mumbai +11 other locations,342,--
9842,Blue Consulting,3.8,(109),Accounting & Auditing | Noida +8 other locations,339,3
9843,Asmoh Laboratories,3.8,(109),Pharma | Noida +4 other locations,238,2
9844,Woodkraft (India) Private Limited,2.8,(109),Real Estate | Bengaluru +8 other locations,493,1
9845,Sudisa Foundry,3.5,(109),Auto Components | Jamshedpur +3 other locations,479,1
9846,CoinSwitch,2.8,(109),Financial Services | Bengaluru +3 other locations,816,10
9847,Gitarattan International Business School,4.2,(109),Education & Training | New Delhi,99,1
9848,ASC Infratech,4.1,(109),Engineering & Construction | Noida +17 other locations,363,7
9849,Hemmersbach,3.2,(109),IT Services & Consulting | Bengaluru +8 other locations,535,25
9850,Saleswallah,4.8,(109),Education & Training | Gurugram +1 other locations,71,--
9851,Amrapali Group,3.9,(109),Real Estate | Noida +13 other locations,281,--
9852,Valued Epistemics,2.6,(109),EdTech | Chennai +4 other locations,236,2
9853,Metec Design & Construction Engineers,3.8,(111),Engineering & Construction | Chennai +7 other locations,423,--
9854,MindTickle,2.5,(109),IT Services & Consulting | Pune +5 other locations,816,35
9855,Panasonic Energy India Co,4.0,(109),Auto Components | Vadodara +19 other locations,534,--
9856,Tricolite Electrical Industries,4.2,(109),Electrical Equipment | New Delhi +10 other locations,459,4
9857,Sustainable Agro-commercial Finance,4.2,(109),NBFC | Mumbai +35 other locations,352,55
9858,Reliance Composites,3.5,(109),Vadodara +26 other locations,296,--
9859,Gala Precision Engineering Limited,4.0,(109),Engineering & Construction | Mumbai +9 other locations,491,5
9860,Numbertree LLP,3.3,(109),Accounting & Auditing | New Delhi +8 other locations,225,13
9861,Jekson Vision,4.1,(109),IT Services & Consulting | Ahmedabad +7 other locations,767,1
9862,Amrapali Group,3.9,(109),Real Estate | Noida +13 other locations,281,--
9863,DTCC,3.9,(109),Financial Services | Chennai +5 other locations,1k,226
9864,SS Construction,4.0,(109),Engineering & Construction | New Delhi +28 other locations,742,--
9865,Marwadi University,3.5,(109),Education & Training | Rajkot +6 other locations,391,--
9866,Sudisa Foundry,3.5,(109),Auto Components | Jamshedpur +3 other locations,479,1
9867,Gitarattan International Business School,4.2,(109),Education & Training | New Delhi,99,1
9868,Hemmersbach,3.2,(109),IT Services & Consulting | Bengaluru +8 other locations,535,25
9869,ASC Infratech,4.1,(109),Engineering & Construction | Noida +17 other locations,363,7
9870,CoinSwitch,2.8,(109),Financial Services | Bengaluru +3 other locations,816,10
9871,Engineering Projects,3.7,(109),Engineering & Construction | New Delhi +27 other locations,555,--
9872,Assurance Intl Limited,3.1,(109),Auto Components | Gurugram +23 other locations,269,40
9873,Valued Epistemics,2.6,(109),EdTech | Chennai +4 other locations,236,2
9874,MindTickle,2.5,(109),IT Services & Consulting | Pune +5 other locations,816,35
9875,Metec Design & Construction Engineers,3.8,(111),Engineering & Construction | Chennai +7 other locations,423,--
9876,Panasonic Energy India Co,4.0,(109),Auto Components | Vadodara +19 other locations,534,--
9877,Swami Vivekanand Subharti University,3.7,(109),Education & Training | Meerut +5 other locations,293,1
9878,Pro-Vigil,3.2,(109),Law Enforcement & Security | Visakhapatnam +2 other locations,383,9
9879,Integer Telecom Services,3.2,(109),Noida +6 other locations,334,--
9880,Swami Vivekanand Subharti University,3.7,(109),Education & Training | Meerut +5 other locations,293,1
9881,Integer Telecom Services,3.2,(109),Noida +6 other locations,334,--
9882,Whatfix,3.2,(109),Internet | Bengaluru +3 other locations,1.3k,18
9883,Bal Bharati Public School,4.2,(109),Education & Training | New Delhi +26 other locations,359,22
9884,Avacend Solutions,3.7,(108),Recruitment | Chennai +22 other locations,594,--
9885,"Denso Haryana Private Limited, Plant 1",3.9,(108),Auto Components | Gurugram +5 other locations,445,--
9886,Via.com,4.1,(108),Media & Entertainment | Bengaluru +11 other locations,501,--
9887,PACL India,3.1,(108),Real Estate | New Delhi +47 other locations,192,--
9888,Princeware,3.2,(108),Petrochemicals | Mumbai +21 other locations,493,--
9889,Freedom English Academy,4.0,(108),Education & Training | New Delhi +15 other locations,210,--
9890,Srei Infrastructure Finance,4.2,(108),Financial Services | Kolkata +30 other locations,374,--
9891,Biltech Building Elements,3.5,(108),Building Material | Pune +14 other locations,483,--
9892,National Sample Survey Office (nsso),3.3,(108),Government | Kolkata +53 other locations,190,--
9893,Institute of Liver & Biliary Sciences,4.2,(108),Education & Training | New Delhi +1 other locations,416,--
9894,SGD PHARMA,3.5,(108),Pharma | Hyderabad +4 other locations,582,--
9895,Gulbrandsen Technologies,3.3,(108),Pharma | Bharuch +4 other locations,377,--
9896,Suncity Projects,3.9,(108),Real Estate | Gurugram +11 other locations,469,--
9897,Madhav Limaye Consulting,4.0,(108),Engineering & Construction | Pune +2 other locations,253,4
9898,We Win,3.2,(111),BPO | Lucknow +11 other locations,491,--
9899,Visen Industries,3.6,(108),Chemicals | Mumbai +12 other locations,494,4
9900,Swarna Pragati Housing Microfinance,4.1,(108),Financial Services | Nagpur +31 other locations,258,--
9901,Hindusthan Microfinance,3.8,(108),NBFC | Mumbai +54 other locations,243,--
9902,L&T Metro Rail,4.1,(108),Urban Transport | Hyderabad +13 other locations,437,--
9903,ABC Bearings,3.9,(108),Auto Components | Bharuch +21 other locations,1.4k,--
9904,BPL,4.0,(109),Consumer Electronics & Appliances | Bengaluru +29 other locations,375,--
9905,Mangalam Organics,3.6,(108),Agro Chemicals | Mumbai +12 other locations,593,--
9906,SPEC INDIA,4.1,(108),IT Services & Consulting | Ahmedabad +4 other locations,418,1
9907,Finacus Solutions,2.8,(108),IT Services & Consulting | Mumbai +5 other locations,688,14
9908,Centre for Good Governance,2.9,(108),Government | Hyderabad +3 other locations,671,10
9909,Unicom Infotel,4.2,(108),IT Services & Consulting | Mumbai +24 other locations,453,3
9910,Teemage Precast In,3.6,(108),Engineering & Construction | Tiruppur +14 other locations,519,5
9911,Oxane Partners,3.2,(108),Financial Services | Gurugram +2 other locations,1.2k,2
9912,Seinumero Nirman,3.5,(108),Industrial Machinery | Pune +1 other locations,465,4
9913,Sree Behariji Mills,3.2,(108),Consumer Electronics & Appliances | Patna +34 other locations,253,--
9914,Tata Docomo,4.4,(108),Telecom | Hyderabad +55 other locations,254,--
9915,SNS Group,3.5,(108),Engineering & Construction | New Delhi +14 other locations,375,--
9916,Kalinga University,3.1,(108),Education & Training | Raipur +11 other locations,400,3
9917,Country Club Hospitality & Holidays,4.0,(108),Hospitality | Hyderabad +19 other locations,333,1
9918,Ray Business Technologies,3.6,(108),IT Services & Consulting | Hyderabad +3 other locations,576,9
9919,INDMoney,3.1,(108),FinTech | Gurugram +7 other locations,704,1
9920,SOGEFI ENGINE SYSTEMS INDIA,3.8,(108),Auto Components | Gurugram +5 other locations,560,--
9921,Kotak Education Foundation,3.1,(108),Non-Profit | Mumbai +4 other locations,495,43
9922,Pooja Forge,3.6,(108),Industrial Machinery | Faridabad +6 other locations,459,--
9923,Ledure Lighting,3.9,(108),Consumer Electronics & Appliances | Noida +23 other locations,394,--
9924,K & J Project,3.0,(108),Engineering & Construction | Nagpur +27 other locations,416,13
9925,Ivanti,3.8,(108),IT Services & Consulting | Bengaluru +3 other locations,1.2k,19
9926,T&T Group,3.9,(108),Real Estate | Noida +7 other locations,353,6
9927,Deepak Fasteners,3.8,(108),Industrial Machinery | Ludhiana +6 other locations,483,--
9928,Oman Pharmaceutical Products,2.6,(108),Pharma | Salalah +10 other locations,356,3
9929,Sharda Cropchem,3.8,(108),Chemicals | Mumbai +5 other locations,394,3
9930,Chopra Industries,3.6,(108),Auto Components | New Delhi +24 other locations,586,--
9931,Progression Infonet,4.2,(108),IT Services & Consulting | Gurugram +9 other locations,504,--
9932,Six Sails Technologies,4.2,(108),IT Services & Consulting | New Delhi +4 other locations,379,--
9933,Primeone Workforce,3.9,(108),Recruitment | Bhopal +26 other locations,463,--
9934,Emeritus,3.3,(108),Mumbai +4 other locations,514,30
9935,Tech Firefly,3.5,(108),IT Services & Consulting | Hyderabad +4 other locations,474,2
9936,Maharani Innovative Paints,3.7,(109),Chemicals | Faridabad +14 other locations,511,--
9937,BONbLOC,3.6,(108),IT Services & Consulting | Chennai +5 other locations,425,11
9938,Risebird Talent Solutions,2.6,(108),Recruitment | Noida +9 other locations,132,--
9939,Mondee,3.5,(108),Internet | New Delhi +6 other locations,411,7
9940,Bridgenext,3.7,(108),IT Services & Consulting | Pune +1 other locations,687,5
9941,Accentuate IT Solutions,4.1,(108),IT Services & Consulting | Bengaluru +13 other locations,842,--
9942,Rippling,2.7,(111),Internet | Bengaluru +3 other locations,1.4k,34
9943,DeliverHealth Solutions,3.5,(108),Software Product | Bengaluru +6 other locations,440,1
9944,Shindengen,3.7,(108),Semiconductors | Bengaluru +4 other locations,576,1
9945,Navin Fluorine Advanced Sciences,3.6,(108),Bharuch +6 other locations,443,--
9946,Smart Software Services(I),4.8,(108),Software Product | Pune,992,2
9947,Upland Software,4.7,(108),Software Product | Bengaluru,167,1
9948,Skylark Labs,4.4,(108),IT Services & Consulting | Pune +4 other locations,47,--
9949,Finar,3.9,(108),Chemicals | Ahmedabad +12 other locations,461,--
9950,Eskag Sanjeevani,3.3,(108),Healthcare | Kolkata +22 other locations,319,--
9951,Korcomptenz Consultancy,4.3,(108),IT Services & Consulting | Chennai +2 other locations,452,1
9952,Mindseed,4.2,(108),Education & Training | Mumbai +11 other locations,239,5
9953,Avekshaa Technologies,4.1,(108),Software Product | Bengaluru +4 other locations,265,16
9954,RATNATRIS PHARMACEUTICALS PRIVATE LIMITED,3.9,(108),Pharma | Ahmedabad +5 other locations,362,3
9955,XYXX Apparels,4.1,(108),Fashion & Textile | Mumbai +24 other locations,913,--
9956,Clove Technologies,3.6,(108),IT Services & Consulting | Visakhapatnam +4 other locations,508,4
9957,"East Wind Footwear Company Ltd.,",4.1,(108),Fashion & Textile | Chennai +4 other locations,421,--
9958,Kuwait Integrated Petroleum Industries,3.9,(108),Oil & Gas | Kuwait City +8 other locations,462,--
9959,Axiom Energy Conversion,3.1,(108),Power | Hyderabad +15 other locations,386,--
9960,TFG Vacations,4.4,(108),Travel & Tourism | New Delhi +11 other locations,52,--
9961,Techtree It Systems,2.2,(108),IT Services & Consulting | Bengaluru +6 other locations,617,--
9962,North West Carrying Co.,3.8,(108),Logistics | Gurugram +24 other locations,441,--
9963,PV Clean Mobility Technologies,4.1,(108),Automobile | Gurugram +4 other locations,527,--
9964,CredFlow,2.9,(108),Internet | New Delhi +4 other locations,414,6
9965,Sigma-Byte Computers,4.1,(108),Hardware & Networking | Mumbai +8 other locations,491,8
9966,Uolo EdTech,2.8,(108),EdTech | Gurugram +13 other locations,380,--
9967,Quadrafort Technologies,3.7,(108),IT Services & Consulting | Noida +6 other locations,231,1
9968,Melento,3.6,(108),Bengaluru +1 other locations,231,9
9969,ECIL RAPISCAN,4.0,(108),Electronics Manufacturing | Hyderabad +20 other locations,358,2
9970,Eris Therapeutics,3.8,(108),Pharma | Ahmedabad +23 other locations,318,--
9971,Schenck Process India,3.3,(108),Industrial Machinery | Bengaluru +8 other locations,593,--
9972,Tristha Global,4.2,(108),IT Services & Consulting | Chennai +6 other locations,731,14
9973,Mastech Digital,3.7,(108),Recruitment | Noida +4 other locations,587,19
9974,Teqfocus Consulting,3.9,(108),IT Services & Consulting | Bengaluru +6 other locations,666,6
9975,Relinns Technologies,4.5,(108),IT Services & Consulting | Sahibzada Ajit Singh Nagar +4 other locations,164,42
9976,Coslight India Telecom,4.2,(107),Telecom | Gurugram +26 other locations,410,--
9977,Sapphire International School,3.5,(107),Education & Training | Noida +6 other locations,241,--
9978,Shell Recharge Solutions,4.7,(107),Software Product | Bengaluru +4 other locations,124,7
9979,Manya Education,3.3,(107),Education & Training | New Delhi +13 other locations,385,--
9980,Takata,4.2,(107),Auto Components | Chennai +10 other locations,269,--
9981,Arvind Envisol,3.3,(107),Waste Management | Ahmedabad +11 other locations,520,--
9982,URS Scott Wilson India,4.3,(107),Engineering & Construction | Kolkata +30 other locations,236,--
9983,Bundy India,3.8,(107),Auto Components | Vadodara +11 other locations,507,--
9984,Vipany Management Consulting,3.5,(107),Recruitment | Hyderabad +5 other locations,510,--
9985,Velankani Electronics,3.7,(107),Electronics Manufacturing | Bengaluru +9 other locations,515,1
9986,Flowserve Sanmar,3.5,(107),Chemicals | Chennai +15 other locations,487,--
9987,ZTT India,3.8,(107),Industrial Machinery | Chennai +14 other locations,497,--
9988,NovelVox Softwares India Pvt. Ltd.,4.2,(107),IT Services & Consulting | Faridabad +6 other locations,457,--
9989,SNL Bearings,3.7,(107),Industrial Machinery | Ranchi +6 other locations,240,--
9990,RG Group,4.2,(107),Real Estate | New Delhi +10 other locations,463,--
9991,Sagar Asia,3.6,(107),Industrial Machinery | Hyderabad +9 other locations,380,--
9992,Electrica Engineers,4.2,(107),Auto Components | Pune +8 other locations,363,--
9993,SP Software,3.9,(107),IT Services & Consulting | Hyderabad +4 other locations,836,72
9994,Damac Properties,2.6,(107),Real Estate | Dubai +3 other locations,425,4
9995,Dr. Mehta's Hospitals,3.7,(107),Healthcare | Chennai +5 other locations,508,2
9996,Kemin Industries,4.2,(107),Biotechnology | Chennai +14 other locations,478,10
9997,InSemi Technology Services,3.8,(107),Semiconductors | Bengaluru +4 other locations,1.1k,12
9998,TMI Group,3.8,(107),Recruitment | Hyderabad +26 other locations,422,--
9999,Brinks Arya India,4.1,(107),Financial Services | Mumbai +30 other locations,211,--
